0 0 0 0 0 0
-0.00257404401482699 -0.00757903980644503 0.0168146857735337 -0.00618324656323957 0.0135921830422102 -0.00374775778196719
-0.00268479692821508 -0.00769871050405352 0.016657041913874 -0.00637988808262592 0.013144058551768 -0.00393633849175383
-0.00279737843940891 -0.00781551878486772 0.0164771965074646 -0.00657604684661943 0.0126754829562074 -0.00412547125672036
-0.00291178158499691 -0.00792929205002369 0.0162745077794003 -0.00677154929844719 0.0121862192490212 -0.00431500512645459
-0.00302799853034779 -0.00803985461221691 0.0160483273518547 -0.00696621697300381 0.0116760372114451 -0.00450478393182971
-0.00314602056444409 -0.00814702771326265 0.0157980003665169 -0.00715986646289935 0.0111447137219332 -0.00469464622356319
-0.00326583809545009 -0.0082506295436547 0.0155228656111271 -0.00735230938621427 0.0105920330687026 -0.00488442521186334
-0.00338744064704352 -0.00835047526415037 0.0152222556500534 -0.00754335235601033 0.0100177872652165 -0.00507394870721177
-0.00351081685554059 -0.00844637702940861 0.0148954969588457 -0.00773279695164631 0.00942177636847318 -0.00526303906232918
-0.00363595446784482 -0.00853814401370753 0.0145419100626998 -0.00792043969194701 0.00880380879996154 -0.00545151311537257
-0.00376284034025009 -0.00862558243876624 0.0141608096787523 -0.0081060720102736 0.00816370166913758 -0.00563918213441153
-0.00389146043812917 -0.00870849560369534 0.0137515048621272 -0.0082894802315431 0.00750128109927222 -0.00582585176323117
-0.00402179983653915 -0.00878668391709904 0.0133132991556419 -0.00847044555124428 0.00681638255551427 -0.00601132196850928
-0.00415384272177585 -0.00885994493135089 0.0128454907430791 -0.00864874401649661 0.0061088511750074 -0.00619538698841498
-0.00428757239390966 -0.00892807337906422 0.0123473726059195 -0.00882414650919865 0.00537854209889379 -0.00637783528267576
-0.00442297127033546 -0.00899086121177657 0.0118182326834246 -0.00899641873131123 0.00462532080603207 -0.00655844948415981
-0.0045600208903702 -0.00904809764086693 0.0112573540359534 -0.00916532119232057 0.00384906344825089 -0.00673700635201987
-0.00469870192093163 -0.00909956918072266 0.0106640150113849 -0.0093306091989253 0.0030496571869542 -0.00691327672644459
-0.00483899416333236 -0.00914505969417204 0.0100374894145147 -0.00949203284699093 0.00222700053088813 -0.00708702548506295
-0.00498087656122389 -0.00918435044019668 0.00937704667928315 -0.00964933701581413 0.00138100367487396 -0.00725801150104659
-0.00512432720972543 -0.00921722012393695 0.00868195204368564 -0.00980226136473867 0.000511588839305391 -0.00742598760295459
-0.00526932336577296 -0.00924344494900159 0.00795146672720716 -0.00995054033216349 -0.000381309389797029 -0.0075907005363643
-0.00541584145972433 -0.00926279867209161 0.00718484811061405 -0.0100939031369825 -0.00129774372038787 -0.00775189092733141
-0.00556385710825641 -0.00927505265994655 0.00638134991792792 -0.0102320737824947 -0.00223775381387416 -0.00790929324772155
-0.00571334512859098 -0.00927997594861972 0.00554022240039731 -0.0103647710628221 -0.00320136594469341 -0.00806263578245472
-0.00586427955408632 -0.00927733530508735 0.00466071252227362 -0.010491708571871 -0.00418859266022311 -0.00821164059870342
-0.00601663365123157 -0.00926689529119451 0.00374206414818878 -0.0106125947148721 -0.00519943244125898 -0.00835602351708387
-0.00617037993808189 -0.0092484183299392 0.00278351823192226 -0.0107271327225323 -0.00623386936330467 -0.00849549408487905
-0.00632549020417216 -0.00922166477409368 0.00178431300633577 -0.0108350206678303 -0.00729187275892187 -0.00862975555133101
-0.00648193553194781 -0.00918639297716062 0.000743684174243659 -0.0109359514854867 -0.00837339688139577 -0.00875850484503888
-0.00663968631975144 -0.00914235936665914 -0.000339134900022508 -0.011029612994137 -0.00947838056997638 -0.00888143255349754
-0.00679871230640439 -0.00908931851973405 -0.00146491299860747 -0.0111156879212348 -0.0106067469169627 -0.00899822290481093
-0.00695898259742264 -0.00902702324107936 -0.00263442085794624 -0.0111938539307106 -0.0117584029369024 -0.00910855375161218
-0.00712046569290687 -0.00895522464316491 -0.00384843097667169 -0.0112637836534098 -0.0129332392381851 -0.00921209655722171
-0.00728312951714596 -0.00887367222875223 -0.00510771742389946 -0.0113251447203317 -0.0141311296973142 -0.0093085163840725
-0.00744694144996845 -0.00878211397568041 -0.00641305564818239 -0.011377599798688 -0.0153519311361468 -0.00939747188443055
-0.0076118683598589 -0.00868029642388957 -0.00776522228743021 -0.0114208066307987 -0.0165954830023952 -0.0094786152934368
-0.00777787663882448 -0.00856796476462719 -0.00916499498008626 -0.0114544180758379 -0.0178616070536858 -0.00955159242449605
-0.00794493223896118 -0.00844486293175642 -0.0106131521778473 -0.01147808215444 -0.0191501070454741 -0.00961604266703731
-0.00811300071064346 -0.00831073369506449 -0.0121104729602092 -0.0114914420961728 -0.0204607684231136 -0.00967159898666971
-0.00828204724224829 -0.00816531875545467 -0.0136577368511249 -0.0114941363898852 -0.0217933580183849 -0.0097178879277569
-0.00845203670131735 -0.00800835884189332 -0.0152557236380635 -0.0114857988369312 -0.0231476237507889 -0.00975452961843271
-0.00862293367705515 -0.00783959380997241 -0.0169052131937669 -0.011466058607274 -0.0245232943339184 -0.00978113777807979
-0.00879470252405531 -0.00765876274193543 -0.0186069853010022 -0.0114345402984712 -0.0259200789872195 -0.00979731972729248
-0.00896730740714089 -0.00746560404800193 -0.0203618194806134 -0.0113908639975411 -0.0273376671534637 -0.00980267640034475
-0.00914071234719927 -0.00725985556881301 -0.0221704948231782 -0.0113346453457081 -0.0287757282222501 -0.00979680236018348
-0.00931488126788606 -0.00704125467880572 -0.0240337898245799 -0.0112654956060253 -0.030233911259862 -0.00977928581596699
-0.00948977804306677 -0.00680953839031038 -0.025952482225805 -0.0111830217338716 -0.0317118447458063 -0.00974970864316886
-0.00966536654485923 -0.00656444345814986 -0.0279273488572783 -0.0110868264503172 -0.0332091363163632 -0.00970764640626671
-0.00984161069213354 -0.00630570648450448 -0.0299591654880483 -0.0109765083183551 -0.0347253725154791 -0.00965266838403599
-0.0100184744993209 -0.00603306402379026 -0.0320487066801332 -0.0108516618219921 -0.0362601185533339 -0.00958433759746954
-0.0101959221253758 -0.00574625268728133 -0.034196745648336 -0.010711877448195 -0.0378129180729186 -0.00950221084034406
-0.0103739179227318 -0.00544500924719 -0.0364040541258309 -0.0105567417716877 -0.0393832929249565 -0.00940583871245607
-0.010552426486082 -0.00512907073989936 -0.0386714022358187 -0.0103858375425945 -0.0409707429515022 -0.00929476565555172
-0.0107314127008125 -0.00479817456802452 -0.0409995583695349 -0.0101987437769291 -0.0425747457785535 -0.00916852999197682
-0.0109108417909069 -0.00445205860095993 -0.0433892890708816 -0.00999503584992852 -0.0441947566180042 -0.00902666396607699
-0.0110906793661346 -0.00409046127355153 -0.0458413589279324 -0.00977428559223579 -0.0458302080792669 -0.00886869378838169
-0.0112708914683261 -0.0037131216825157 -0.048356530471526 -0.00953606138894003 -0.047480509990883 -0.00869413968261209
-0.0114514446165321 -0.00331977968021288 -0.0509355640811255 -0.00927992828148901 -0.049145049232429 -0.00850251593556003
-0.0116323058508571 -0.00291017596537735 -0.0535792178980576 -0.00900544807249859 -0.0508231895770105 -0.00829333094989569
-0.0118134427747552 -0.00248405217041531 -0.0562882477461678 -0.00871217943349488 -0.0525142715446132 -0.00806608729997353
-0.0119948235955875 -0.00204115094492312 -0.05906340705983 -0.00839967801563729 -0.0542176122665472 -0.00782028179071838
-0.0121764171632659 -0.00158121603515676 -0.0619054468191508 -0.00806749656348031 -0.0559325053611882 -0.00755540551968235
-0.0123581930068531 -0.00110399235929324 -0.0648151154921334 -0.0077151850318359 -0.0576582208211839 -0.00727094394236495
-0.0125401213690432 -0.000609226078437367 -0.0677931589835228 -0.00734229070579629 -0.059394004912273 -0.00696637694088388
-0.0127221732384919 -9.66646634137647e-05 -0.0708403205900439 -0.00694835832397191 -0.0611390800838513 -0.00664117889607659
-0.0129043203800024 0.000433943042565364 -0.0739573409617434 -0.00653293020499532 -0.0628926448914142 -0.00629481876310717
-0.0130865353625876 0.000982846765243444 -0.0771449580691531 -0.00609554637733887 -0.0646538739310047 -0.00592676015064953
-0.0132687915854424 0.00155029474455212 -0.0804039071759908 -0.00563574471249314 -0.0664219177857981 -0.00553646140371676
-0.0134510633018586 0.0021365336836092 -0.0837349208171195 -0.00515306106155165 -0.0681959029849508 -0.00512337569020609
-0.0136333256411233 0.00274180870135755 -0.0871387287814838 -0.00464702939524706 -0.0699749319748475 -0.00468695109122827
-0.0138155546284344 0.00336636328872091 -0.090616058099743 -0.00411718194748261 -0.0717580831028757 -0.00422663069528999
-0.013997727202874 0.00401043926815319 -0.0941676330363233 -0.00356304936240146 -0.0735444106138616 -0.00374185269639674
-0.0141798212334751 0.00467427675645856 -0.0977941750856098 -0.00298416084503504 -0.0753329446592973 -0.00323205049614302
-0.0143618155334198 0.00535811413076058 -0.101496402972001 -0.00238004431556957 -0.0771226913194931 -0.00269665280985509
-0.0145436898724059 0.00606218799749923 -0.10527503265355 -0.0017502265672682 -0.0789126326387851 -0.00213508377685026
-0.0147254249872193 0.00678673316433599 -0.109130777328921 -0.00109423342808361 -0.0807017266739304 -0.00154676307487488
-0.0149070025905473 0.00753198261484774 -0.11306434744738 -0.000411589925993774 -0.0824889075558176 -0.000931106038781284
-0.0150884053780725 0.00829816748589174 -0.117076450721559 0.000298179541909428 -0.0842730855646252 -0.000287523783501752
-0.0152696170338796 0.00908551704752454 -0.121167792142717 0.00103555103655174 -0.0860531472185519 0.000384576668624851
-0.0154506222342153 0.00989425868535935 -0.125339073998235 0.00180100090020444 -0.0878279553762473 0.00108579225612091
-0.0156314066496345 0.0107246178852474 -0.129590995891077 0.00259500557598794 -0.0895963493530654 0.00181672374218242
-0.0158119569455705 0.0115768182201697 -0.133924254760958 0.003418041423534 -0.0913571450512631 0.00257797557398918
-0.0159922607813642 0.0124510813392282 -0.138339544906964 0.00427058453079298 -0.0931091351042618 0.00337015573746943
-0.016172306807788 0.0133476269586249 -0.142837558011354 0.00515311052197648 -0.0948510890350898 0.00419387560747933
-0.0163520846631002 0.0142666728545207 -0.147418983164303 0.00606609436162989 -0.0965817534291155 0.00504974979336135
-0.0165315849676653 0.0152084348576682 -0.152084506889338 0.00701001015483295 -0.0982998521211832 0.00593839597984928
-0.0167107993171749 0.0161731268497179 -0.156834813169199 0.00798533094353056 -0.100004086397255 0.00686043476329145
-0.0168897202745053 0.0171609607611006 -0.161670583471904 0.00899252849899971 -0.101693135210663 0.00781648948316718
-0.0170683413602469 0.0181721465703884 -0.166592496776761 0.0100320731104639 -0.103365655413065 0.00880718604887684
-0.0172466570419392 0.0192068923050359 -0.171601229600092 0.0111044333698711 -0.105020282000199 0.00983315276179121
-0.0174246627220473 0.0202654040434037 -0.176697456020453 0.0122100759528586 -0.10665562837252 0.0108950201325514
-0.0176023547247141 0.0213478859179655 -0.1818818477031 0.0133494653959301 -0.108270286610801 0.011993420693616
-0.0177797302813224 0.0224545401196027 -0.187155073923497 0.0145230638698803 -0.10986282776677 0.0131289888070579
-0.017956787514903 0.0235855669028939 -0.192517801589651 0.0157313309495033 -0.111431802168851 0.014302360467618
-0.0181335254234203 0.0247411645923052 -0.197970695263042 0.0169747233796309 -0.112975739743079 0.015514173101031
-0.0183099438619729 0.0259215295891931 -0.203514417177969 0.0182536948375483 -0.114493150349218 0.0167650653576414
-0.0184860435239418 0.0271268563795298 -0.209149627259081 0.0195686956918465 -0.115982524132166 0.0180556769013373
-0.0186618259211193 0.0283573375422666 -0.214876983136929 0.0209201727577698 -0.117442331888643 0.0193866481938335
-0.018837293362856 0.0296131637582495 -0.220697140161319 0.0223085690491303 -0.118871025449229 0.0207586202743439
-0.0190124489342556 0.0308945238196063 -0.226610751412303 0.0237343235268609 -0.120267038075745 0.0221722345346882
-0.0191872964734552 0.0322016046395248 -0.232618467708618 0.0251978708442913 -0.121628784874005 0.0236281324898867
-0.0193618405480225 0.0335345912623443 -0.238720937613401 0.0266996410892313 -0.122954663221937 0.0251269555443023
-0.0195360864305048 0.0348936668738849 -0.244918807437026 0.0282400595229606 -0.124243053213059 0.0266693447533988
-0.019710040073163 0.0362790128119425 -0.251212721236888 0.0298195463162225 -0.1254923181153 0.028255940581189
-0.0198837080819246 0.0376908085768776 -0.257603320813986 0.0314385162823337 -0.126700804845131 0.0298873826534573
-0.0200570976895901 0.0391292318422298 -0.26409124570617 0.0330973786075243 -0.127866844456968 0.0315643095068462
-0.0202302167283239 0.0405944584652924 -0.270677133177897 0.0347965365786326 -0.128988752647789 0.0332873583339068
-0.0204030736014671 0.0420866624975841 -0.277361618206373 0.0365363873082837 -0.130064830276909 0.0350571647242209
-0.0205756772547022 0.0436060161951552 -0.284145333463965 0.0383173214576924 -0.131093363900831 0.0368743624017091
-0.0207480371466048 0.0451526900286724 -0.291028909296742 0.0401397229572349 -0.132072626323076 0.0387395829582513
-0.0209201632186164 0.0467268526932241 -0.29801297369907 0.0420039687249427 -0.1330008771589 0.0406534555837512
-0.02109206586447 0.0483286711177943 -0.305098152284123 0.0439104283830818 -0.133876363414773 0.0426166067927887
-0.0212637558991037 0.0499583104743551 -0.312285068250255 0.0458594639729861 -0.134697320082486 0.0446296601480102
-0.0214352445270944 0.0516159341865282 -0.319574342343112 0.0478514296683215 -0.135461970747745 0.0466932359804182
-0.0216065433106463 0.0533017039377724 -0.32696659281344 0.0498866714869691 -0.13616852821308 0.0488079511067314
-0.0217776641371671 0.0550157796790533 -0.334462435370493 0.0519655270017191 -0.136815195134898 0.0509744185439934
-0.0219486191864654 0.0567583196359557 -0.342062483131009 0.05408832504998 -0.137400164674486 0.0531932472216215
-0.0221194208976033 0.0585294803152034 -0.349767346563676 0.0562553854427132 -0.137921621162743 0.055465041691095
-0.0222900819354373 0.0603294165105512 -0.357577633429074 0.0584670186728122 -0.13837774077842 0.0577904018334918
-0.0224606151568816 0.0621582813080196 -0.365493948715038 0.0607235256231565 -0.138766692239622 0.060169922565095
-0.0226310335769268 0.0640162260904435 -0.373516894567436 0.0630251972745745 -0.139086637508299 0.0626041935412998
-0.0228013503344489 0.065903400541311 -0.381647070216335 0.065372314413964 -0.139335732507454 0.0650937988590616
-0.0229715786578407 0.0678199526478715 -0.389885071897566 0.0677651473428232 -0.139512127850757 0.0676393167581368
-0.0231417318305014 0.0697660287034965 -0.398231492769676 0.0702039555864557 -0.139613969584242 0.0702413193213813
-0.0233118231562166 0.0717417733092791 -0.406686922826299 0.0726889876041228 -0.139639399939757 0.0729003721743768
-0.0234818659244642 0.0737473293748613 -0.41525194880396 0.0752204805004239 -0.139586558099788 0.0756170341846739
-0.023651873375679 0.0757828381184802 -0.423927154085354 0.0777986597381973 -0.139453580973284 0.0783918571609458
-0.0238218586665113 0.0778484390662275 -0.432713118598142 0.0804237388532398 -0.139238603982081 0.0812253855523627
-0.0239918348351126 0.0799442700505229 -0.441610418709333 0.0830959191711568 -0.138939761857478 0.0841181561485054
-0.0241618147664841 0.0820704672078022 -0.450619627115295 0.0858153895266598 -0.138555189446544 0.0870706977801499
-0.0243318111579211 0.0842271649754258 -0.4597413127275 0.0885823259856404 -0.138083022527659 0.0900835310212675
-0.0245018364845893 0.0864144960878147 -0.468976040554077 0.0913968915703591 -0.137521398634804 0.0931571678925945
-0.024671902965267 0.0886325915718248 -0.478324371577278 0.0942592359880962 -0.136868457890078 0.0962921115671414
-0.0248420225282877 0.0908815807413726 -0.487786862626973 0.0971694953636225 -0.136122343843902 0.0994888560780223
-0.0250122067777192 0.0931615911913322 -0.497364066250289 0.100127791975857 -0.135281204322324 0.102747886028996
-0.0251824669598145 0.095472748790722 -0.507056530577542 0.103134233999086 -0.134343192280853 0.106069676308129
-0.0253528139297675 0.0978151776752069 -0.516864799184597 0.106188915249136 -0.13330646666418 0.109454691804993
-0.0255232581188132 0.100189000238944 -0.526789410951818 0.109291914934892 -0.132169193271158 0.112903387131833
-0.0256938095017032 0.102594337125801 -0.536830899919786 0.112443297415561 -0.130929545624348 0.116416206349155
-0.0258644775645969 0.105031307219989 -0.546989795141959 0.115643111964118 -0.129585705843444 0.119993582696176
-0.0260352712734008 0.107500027636134 -0.557266620534474 0.118891392537328 -0.12813586552184 0.12363593832663
-0.0262061990425947 0.110000613708847 -0.567661894723294 0.122188157552813 -0.126578226605586 0.127343684050388
-0.0263772687045796 0.112533178981825 -0.578176130888933 0.125533409673586 -0.124911002273942 0.131117219081416
-0.0265484874795844 0.115097835196539 -0.588809836608975 0.128927135600512 -0.123132417820719 0.134956930792564
-0.0267198619461691 0.117694692280559 -0.599563513698643 0.132369305873167 -0.121240711535563 0.138863194477713
-0.0268913980123593 0.120323858335574 -0.610437658049676 0.135859874679572 -0.1192341355843 0.142836373121836
-0.0270631008874523 0.122985439625168 -0.621432759467785 0.13939877967527 -0.117110956887439 0.146876817179498
-0.027234975054529 0.125679540562415 -0.63254930150897 0.142985941812264 -0.114869457995911 0.150984864362386
-0.0274070242437128 0.128406263697366 -0.643787761315 0.146621265178296 -0.112507937963043 0.15516083943644
-0.0275792514062098 0.131165709704486 -0.655148609448368 0.150304636847012 -0.110024713211807 0.159405054029178
-0.027751658689172 0.13395797737014 -0.666632309727043 0.154035926739497 -0.107418118396278 0.163717806447827
-0.0279242474114192 0.13678316358018 -0.678239319059363 0.157814987497761 -0.104686507256257 0.168099381508888
-0.0280970180400599 0.139641363307743 -0.689970087279413 0.161641654370674 -0.101828253463948 0.172550050379765
-0.02826997016805 0.142532669601326 -0.701825056983267 0.165515745112936 -0.0988417514615731 0.177070070433118
-0.028443102492727 0.145457173573244 -0.713804663366464 0.169437059897637 -0.0957254172887329 0.1816596851146
-0.0286164127953621 0.148414964388553 -0.72590933406312 0.173405381242967 -0.092477689398343 0.18631912382467
-0.0287898979217665 0.151406129254551 -0.738139488987076 0.177420473953677 -0.089097029459887 0.191048601815168
-0.0289635537639953 0.154430753410951 -0.75049554017552 0.181482085077872 -0.0855819231487278 0.195848320101371
-0.0291373752431861 0.157488920120831 -0.762977891635503 0.18558994387974 -0.0819308809201651 0.200718465390251
-0.0293113562935762 0.160580710662483 -0.775586939193821 0.189743761828832 -0.0781424387669006 0.205659210025682
-0.029485489847736 0.16370620432226 -0.788323070350707 0.193943232606506 -0.0742151589585276 0.210670711951347
-0.0296597678230625 0.166865478388558 -0.80118666413784 0.198188032130172 -0.0701476307616326 0.215753114692115
-0.0298341811095724 0.170058608147041 -0.814178090981143 0.202477818595973 -0.0659384711390539 0.220906547354682
-0.0300087195590381 0.173285666877242 -0.82729771256891 0.206812232540552 -0.0615863254268061 0.226131124648271
-0.0301833719755073 0.176546725850671 -0.840545881725753 0.211190896922563 -0.0570898679871432 0.231426946926204
-0.0303581261072496 0.179841854330572 -0.853922942292946 0.215613417224587 -0.0524478028361909 0.236794100249187
-0.0305329686401715 0.183171119573434 -0.867429229015698 0.220079381576131 -0.0476588642445531 0.242232656471137
-0.03070788519274 0.18653458683235 -0.88106506743792 0.224588360898302 -0.0427218173093323 0.247742673348323
-0.0308828603124388 0.189932319362158 -0.894830773804974 0.229139909070519 -0.0376354584962351 0.253324194672328
-0.0310578774737584 0.193364378426283 -0.908726654974751 0.233733563119171 -0.0323986161509084 0.258977250426797
-0.0312329190776882 0.196830823305194 -0.922753008337225 0.238368843427626 -0.0270101509791758 0.264701856967427
-0.0314079664526608 0.20033171130648 -0.93691012174251 0.243045253966679 -0.0214689564961816 0.270498017224238
-0.0315829998568928 0.203867097776508 -0.951198273437401 0.247762282544463 -0.0157739594445685 0.276365720925132
-0.0317579984820634 0.207437036113685 -0.965617732010342 0.252519401074803 -0.00992412018184099 0.28230494483966
-0.0319329404582748 0.211041577783279 -0.98016875634479 0.25731606586303 -0.00391843303708636 0.288315653041998
-0.0321078028602367 0.214680772333805 -0.994851595580922 0.262151717908256 0.00224407336276094 0.29439779719208
-0.0322825617146182 0.218354667414954 -1.00966648908563 0.267025783221144 0.00856433579690648 0.300551316833885
-0.0324571920085102 0.222063308797037 -1.02461366643075 0.271937673156201 0.0150432561847155 0.306776139709857
-0.0326316676989415 0.225806740391932 -1.03969334737944 0.276886784757631 0.0216817013495268 0.313072182090473
-0.0328059617233934 0.22958500427549 -1.05490574188066 0.281872501117816 0.0284805028120018 0.319439349117973
-0.0329800460112563 0.233398140711412 -1.07025105007173 0.28689419174749 0.0354404566127308 0.325877535163263
-0.033153891496174 0.237246188176542 -1.08572946228867 0.291951212956673 0.0425623231637938 0.332386624195032
-0.0333274681292208 0.241129183387584 -1.10134115908462 0.297042908245461 0.0498468271289617 0.338966490160134
-0.0335007448928571 0.245047161329199 -1.11708631125576 0.30216860870379 0.0572946573321959 0.345616997374281
-0.0336736898156111 0.249000155283482 -1.13296507987511 0.307327633419277 0.0649064666940924 0.352338000922142
-0.0338462699874319 0.252988196860765 -1.14897761633378 0.312519289892286 0.0726828721958954 0.359129347065914
-0.0340184515756642 0.257011316031753 -1.1651240623896 0.31774287445738 0.0806244548706872 0.36599087366149
-0.0341901998415913 0.261069541160928 -1.18140455022323 0.322997672710315 0.088731759821345 0.372922410581351
-0.0343614791574974 0.265162899041224 -1.19781920250139 0.328282959939789 0.0970052962648347 0.379923780143298
-0.0345322530241982 0.269291414929918 -1.21436813244711 0.333598001563145 0.105445537602392 0.386994797544214
-0.0347024840889913 0.27345511258573 -1.23105144391708 0.338942053565252 0.114052921515126 0.39413527129802
-0.0348721341639795 0.277654014307084 -1.24786923148561 0.344314362939838 0.122827850084562 0.401345003677008
-0.0350411642447188 0.281888140971494 -1.26482158053545 0.349714168132511 0.131770689937609 0.408623791155796
-0.0352095345291424 0.286157512076043 -1.28190856735486 0.355140699484781 0.140881772415441 0.415971424857096
-0.0353772044367248 0.290462145778858 -1.299130259241 0.360593179678345 0.150161393765686 0.423387690998528
-0.0355441326278854 0.294802058941475 -1.31648671460914 0.366070824178927 0.159609815357361 0.430872371339703
-0.0357102770236302 0.299177267171939 -1.33397798310738 0.371572841679016 0.169227263917918 0.438425243628819
-0.0358755948254032 0.303587784868538 -1.3516041057366 0.377098434538854 0.179013931791822 0.4460460820481
-0.0360400425351015 0.308033625264078 -1.36936511497553 0.382646799225126 0.188969977220077 0.45373465765744
-0.0362035759751806 0.312514800470678 -1.38726103491052 0.388217126746772 0.19909552464004 0.461490738835606
-0.0363661503087147 0.317031321524996 -1.40529188136992 0.393808603087377 0.209390665004867 0.46931409171839
-0.036527720059284 0.321583198433831 -1.42345766206263 0.399420409633607 0.21985545612191 0.477204480633091
-0.0366882391306289 0.326170440220031 -1.44175837672071 0.40505172359924 0.230489923009454 0.485161668528814
-0.036847660826045 0.3307930549687 -1.46019401724584 0.410701718444358 0.241294058271152 0.493185417402097
-0.0370059378674855 0.335451049873674 -1.4787645678596 0.416369564289283 0.252267822487513 0.50127548871738
-0.0371630224143527 0.340144431284206 -1.49747000525711 0.422054428322836 0.263411144623761 0.509431643821848
-0.0373188660820149 0.344873204751818 -1.51631029876399 0.427755475204541 0.274723922453365 0.517653644354162
-0.03747341996013 0.349637375077213 -1.53528541049625 0.433471867460397 0.286206022996561 0.525941252646684
-0.0376266346308394 0.354436946357181 -1.55439529552297 0.439202765871879 0.297857282973181 0.53429423212076
-0.0377784601868257 0.359271922031462 -1.57363990203147 0.444947329857874 0.309677509269136 0.542712347674727
-0.0379288462491715 0.364142304929518 -1.59301917149488 0.450704717849297 0.321666479415894 0.551195366064308
-0.0380777419849759 0.369048097317206 -1.61253303884197 0.456474087656116 0.333823942082289 0.559743056275087
-0.0382250961247809 0.373989300943292 -1.63218143262893 0.462254596826586 0.346149617578012 0.568355189886778
-0.0383708569799345 0.37896591708578 -1.65196427521303 0.468045402998435 0.358643198368105 0.577031541428996
-0.0385149724599894 0.38397794659802 -1.67188148292793 0.473845664241829 0.371304349597787 0.5857718887283
-0.0386573900900809 0.389025389954599 -1.6919329662606 0.479654539393944 0.384132709626985 0.59457601324627
-0.0387980570281057 0.394108247296995 -1.71211863002949 0.48547118838502 0.397127890573946 0.603443700408435
-0.038936920081538 0.399226518478971 -1.73243837356405 0.491294772555774 0.410289478867318 0.612374739923866
-0.039073925723846 0.404380203111634 -1.75289209088509 0.497124454966069 0.423617035806075 0.621368926095264
-0.0392090201105565 0.409569300608144 -1.77347967088619 0.502959400694744 0.437110098126691 0.630426058119412
-0.0393421490950024 0.414793810228051 -1.79420099751571 0.508798777130546 0.450768178576968 0.639545940377874
-0.0394732582437336 0.420053731121235 -1.81505594995957 0.514641754254108 0.464590766495941 0.648728382717843
-0.0396022928515606 0.425349062371483 -1.83604440282449 0.520487504910963 0.478577328399329 0.657973200723082
-0.0397291979562303 0.430679803039654 -1.85716622632178 0.526335205075544 0.49272730856989 0.66728021597485
-0.0398539183527407 0.436045952206409 -1.87842128645112 0.53218403410613 0.507040129652067 0.676649256302718
-0.0399763986073023 0.441447509014412 -1.89980944518432 0.538033174990728 0.521515193250292 0.686080156025182
-0.0400965830709684 0.446884472709978 -1.92133056064885 0.54388181458388 0.536151880530399 0.695572756180031
-0.0402144158929564 0.452356842684137 -1.94298448731085 0.549729143834445 0.550949552823609 0.705126904744469
-0.0403298410336805 0.457864618513119 -1.96477107615785 0.555574358004393 0.565907552232586 0.714742456844995
-0.0404428022775012 0.463407799998262 -1.98669017488072 0.561416656878666 0.581025202239011 0.724419274957036
-0.0405532432451459 0.468986387205308 -2.00874162805502 0.567255244966142 0.59630180831213 0.734157229094339
-0.0406611074057427 0.47460038050304 -2.03092527732118 0.573089331691786 0.61173665851777 0.743956196988114
-0.0407663380884606 0.480249780601243 -2.05324096156373 0.578918131580056 0.62732902412735 0.753816064256005
-0.0408688784938128 0.485934588587967 -2.07568851708936 0.584740864429676 0.643078160226413 0.763736724560928
-0.0409686717046817 0.491654805966087 -2.09826777780359 0.590556755479863 0.658983306322242 0.77371807975985
-0.0410656606970796 0.497410434689159 -2.12097857538629 0.596365035568118 0.675043686950113 0.783760040042595
-0.0411597883506232 0.503201477196568 -2.14382073946559 0.602164941279704 0.691258512277727 0.793862524060738
-0.04125099745867 0.509027936447954 -2.1667940977903 0.607955715088911 0.707626978707385 0.804025459046655
-0.0413392307380555 0.514889815956853 -2.18989847640038 0.613736605492222 0.724148269475407 0.814248780922797
-0.041424430838384 0.52078711982352 -2.21313369979551 0.619506867133515 0.740821555248422 0.824532434401261
-0.0415065403508929 0.526719852766902 -2.23649959110155 0.625265760921428 0.757645994716114 0.834876373073784
-0.0415855018169473 0.53268802015575 -2.25999597223482 0.631012554139057 0.774620735180068 0.84528055949228
-0.0416612577362098 0.538691628038861 -2.28362266406415 0.636746520546102 0.791744913138356 0.855744965240031
-0.0417337505745097 0.544730683174437 -2.3073794865706 0.64246694047364 0.809017654865479 0.866269570993674
-0.0418029227714299 0.550805193058538 -2.33126625900473 0.648173100911667 0.826438076987344 0.876854366576099
-0.041868716747621 0.556915165952631 -2.35528280004138 0.65386429558956 0.844005287050932 0.887499351000398
-0.0419310749118498 0.563060610910223 -2.37942892793184 0.659539825049646 0.861718384088356 0.898204532505019
-0.0419899396677849 0.569241537802569 -2.40370446065342 0.66519899671402 0.879576459174999 0.908969928580256
-0.0420452534205189 0.575457957343455 -2.42810921605621 0.670841124944798 0.897578595981453 0.919795565986242
-0.0420969585828311 0.581709881113044 -2.45264301200718 0.676465531097965 0.915723871318975 0.930681480762583
-0.0421449975811886 0.58799732158079 -2.47730566653129 0.682071543570992 0.934011355678213 0.941627718229809
-0.0421893128614882 0.59432029212739 -2.50209699794979 0.687658497844406 0.952440113760922 0.952634332982786
-0.0422298468945393 0.600678807065794 -2.5270168250155 0.69322573651746 0.971009205004456 0.963701388876253
-0.0422665421812919 0.607072881661251 -2.55206496704506 0.698772609338112 0.989717684098801 0.974828959002661
-0.0422993412578129 0.613502532150386 -2.57724124404814 0.704298473227463 1.00856460149592 0.98601712566247
-0.0423281867000167 0.619967775759309 -2.60254547685348 0.70980269229884 1.02754900391125 0.997265980327078
-0.0423530211281535 0.626468630720741 -2.62797748723173 0.715284637871702 1.04666993481704 1.00857562359455
-0.0423737872110602 0.633005116290174 -2.65353709801518 0.720743688480544 1.06592643492761 1.01994616513836
-0.0423904276701779 0.63957725276104 -2.67922413321418 0.726179229878967 1.08531754267597 1.0313777236492
-0.0424028852833463 0.646185061478904 -2.70503841813028 0.731590655039108 1.10484229468209 1.04287042677025
-0.0424111028883831 0.652828564854683 -2.73097977946609 0.736977364146589 1.12449972621229 1.05442441102585
-0.0424150233864512 0.659507786376883 -2.75704804543193 0.742338764591175 1.14428887162994 1.06603982174395
-0.0424145897452097 0.666222750622889 -2.78324304584908 0.747674270953301 1.16420876483708 1.07771681297241
-0.0424097450017488 0.672973483269281 -2.80956461224978 0.752983304986657 1.18425843970711 1.08945554738936
-0.0424004322653158 0.679760011101194 -2.83601257797382 0.758265295596982 1.20443693050825 1.1012561962078
-0.0423865947198349 0.68658236202073 -2.86258677826195 0.76351967881725 1.22474327231771 1.1131189390747
-0.0423681756262277 0.693440565054406 -2.88928705034571 0.768745897779401 1.24517650142668 1.12504396396455
-0.0423451183245323 0.700334650359666 -2.91611323353417 0.773943402682797 1.26573565573572 1.13703146706785
-0.042317366235806 0.707264649230457 -2.94306516929712 0.779111650759561 1.28641977514089 1.14908165267451
-0.0422848628637727 0.714230594101878 -2.9701427013451 0.784250106236966 1.30722790191028 1.16119473305238
-0.042247551796199 0.721232518553927 -2.99734567570606 0.789358240297036 1.32815908105111 1.1733709283212
-0.0422053767060468 0.728270457314327 -3.02467394079869 0.794435531033506 1.34921236066715 1.18561046632198
-0.0421582813524672 0.73534444626041 -3.05212734750239 0.799481463406281 1.37038679230662 1.19791358248212
-0.0421062095816423 0.742454522420101 -3.07970574922401 0.804495529193566 1.3916814313004 1.2102805196763
-0.0420491053274376 0.749600723972015 -3.10740900196126 0.809477226941805 1.41309533709069 1.22271152808356
-0.0419869126118774 0.756783090244669 -3.13523696436295 0.814426061913579 1.43462757354996 1.23520686504046
-0.0419195755454756 0.76400166171482 -3.16318949778585 0.819341546033592 1.45627720929034 1.24776679489067
-0.0418470383274184 0.771256480004922 -3.1912664663485 0.824223197832909 1.47804331796336 1.26039158883113
-0.0417692452455673 0.778547587879762 -3.21946773698173 0.829070542391562 1.49992497855018 1.27308152475497
-0.0416861406762972 0.785875029242254 -3.2477931794761 0.833883111279683 1.52192127564218 1.28583688709126
-0.0415976690842095 0.793238849128398 -3.2762426665262 0.83866044249726 1.54403129971212 1.29865796664188
-0.0415037750217142 0.800639093701435 -3.30481607377188 0.843402080412677 1.56625414737583 1.31154506041568
-0.0414044031284468 0.808075810245214 -3.33351327983649 0.848107575700154 1.58858892164446 1.32449847145993
-0.0412994981305336 0.815549047156793 -3.36233416636209 0.8527764852762 1.61103473216741 1.33751850868948
-0.0411890048397442 0.823058853938258 -3.39127861804173 0.857408372235203 1.63359069546598 1.35060548671351
-0.0410728681525279 0.830605281187791 -3.42034652264883 0.862002805784281 1.65625593515779 1.36375972566034
-0.0409510330489018 0.838188380590028 -3.44953777106372 0.866559361177488 1.67902958217211 1.37698155100017
-0.0408234445912 0.845808204905703 -3.47885225729736 0.871077619649508 1.70191077495611 1.39027129336607
-0.0406900479227227 0.853464807960585 -3.50828987851236 0.875557168348921 1.72489865967212 1.40362928837339
-0.0405507882662749 0.861158244633732 -3.53785053504125 0.87999760027115 1.74799239038616 1.41705587643762
-0.0404056109225476 0.868888570845116 -3.56753413040219 0.884398514191208 1.77119112924755 1.43055140259104
-0.0402544612683209 0.87665584354261 -3.59734057131214 0.888759514596325 1.79449404666007 1.4441162162981
-0.0400972847545172 0.884460120688405 -3.62726976769767 0.893080211618576 1.81790032144461 1.45775067126998
-0.039934026904119 0.892301461244849 -3.65732163270336 0.897360220967578 1.8414091409934 1.47145512527816
-0.0397646333099364 0.900179925159777 -3.68749608269789 0.901599163863339 1.86501970141601 1.48522993996742
-0.0395890496322589 0.908095573351269 -3.71779303727788 0.905796666969336 1.88873120767714 1.49907548066814
-0.039407221596447 0.916048467691855 -3.74821241926927 0.909952362325886 1.9125428737263 1.51299211620817
-0.0392190949904589 0.924038670992193 -3.77875415472667 0.914065887283897 1.9364539226195 1.52698021872435
-0.0390246156622354 0.932066246984261 -3.80941817293048 0.918136884439077 1.96046358663327 1.54104016347397
-0.0388237295169084 0.940131260304103 -3.84020440638207 0.922165001566688 1.98457110737093 1.55517232864603
-0.0386163825138668 0.948233776474144 -3.87111279079703 0.926149891556892 2.00877573586147 1.56937709517282
-0.0384025206637061 0.956373861885111 -3.90214326509661 0.930091212350775 2.0330767326511 1.58365484654158
-0.0381820900250551 0.964551583777604 -3.93329577139739 0.933988626877083 2.05747336788749 1.59800596860666
-0.0379550367013101 0.972767010223275 -3.96457025499912 0.937841802989729 2.08196492139707 1.61243084940204
-0.0377213068373342 0.981020210105636 -3.99596666437095 0.941650413406106 2.10655068275511 1.6269298789545
-0.0374808466161143 0.989311253100505 -4.02748495113586 0.945414135646274 2.13122995134923 1.64150344909738
-0.0372336022553019 0.997640209656158 -4.05912507005371 0.949132651973065 2.1560020364361 1.65615195328528
-0.0369795200035974 1.00600715097321 -4.09088697900274 0.952805649333162 2.1808662571917 1.67087578640966
-0.0367185461370065 1.01441214898421 -4.12277063895966 0.95643281929918 2.20582194275533 1.68567534461545
-0.0364506269550123 1.02285527633303 -4.15477601397847 0.960013858012804 2.2308684322673 1.7005510251189
-0.0361757087766839 1.03133660635398 -4.18690307116802 0.963548466128993 2.25600507490076 1.71550322602663
-0.0358937379367242 1.03985621305078 -4.21915178066846 0.967036348761318 2.28123122988753 1.73053234615615
-0.0356046607814528 1.04841417107536 -4.25152211562662 0.970477215428425 2.30654626653841 1.74563878485778
-0.0353084236647209 1.05701055570651 -4.28401405217041 0.973870780001688 2.33194956425778 1.7608229418382
-0.0350049729437599 1.06564544282843 -4.31662756938231 0.977216760654044 2.35744051255294 1.77608521698571
-0.034694254974963 1.0743189089092 -4.34936264927205 0.980514879810055 2.38301851103824 1.79142601019718
-0.0343762161096016 1.08303103097914 -4.3822192767485 0.983764864097206 2.40868296943411 1.80684572120697
-0.0340508026894769 1.09178188660924 -4.41519743959096 0.98696644429845 2.43443330756124 1.82234474941777
-0.0337179610425083 1.10057155388945 -4.44829712841976 0.990119355306033 2.46026895533006 1.83792349373346
-0.0333776374782599 1.10940011140708 -4.48151833666645 0.993223336076587 2.4861893527256 1.85358235239418
-0.0330297782834047 1.11826763822522 -4.51486106054349 0.996278129587518 2.51219394978805 1.86932172281353
-0.03267432971713 1.12717421386121 -4.54832529901365 0.999283482794694 2.538282206589 1.88514200141818
-0.0323112380064819 1.13611991826523 -4.58191105375905 1.00223914659142 2.56445359320366 1.90104358348976
-0.0319404493416585 1.14510483179901 -4.6156183291501 1.00514487576873 2.59070758967919 1.91702686300927
-0.0315619098712812 1.15412903521463 -4.64944713221424 1.00800042897695 2.6170436859992 1.933092232504
-0.0311755656977125 1.16319260963354 -4.68339747260465 1.01080556868862 2.6434613820447 1.94924008289697
-0.0307813628724806 1.17229563652569 -4.71746936256893 1.01356006116254 2.66996018755148 1.96547080335908
-0.0303792473917678 1.18143819768879 -4.75166281691769 1.01626367640926 2.69653962206413 1.98178478116384
-0.0299691651917989 1.19062037522776 -4.78597785299311 1.01891618815766 2.72319921488679 1.99818240154479
-0.029551062144 1.19984225153431 -4.82041449063722 1.02151737382286 2.74993850503081 2.01466404755562
-0.0291248840500111 1.20910390926663 -4.85497275216029 1.02406701447529 2.77675704115943 2.03123009993313
-0.0286905766367855 1.21840543132934 -4.88965266230926 1.02656489481104 2.80365438152971 2.04788093696295
-0.028248085551932 1.22774690085357 -4.92445424823648 1.02901080312333 2.8306300939317 2.06461693434824
-0.0277973563592302 1.23712840117731 -4.95937753946868 1.03140453127508 2.8576837556251 2.08143846508122
-0.0273383345341143 1.24655001582599 -4.99442256787615 1.03374587467271 2.88481495327343 2.09834589931772
-0.0268709654589886 1.25601182849336 -5.02958936764227 1.03603463224104 2.91202328287616 2.11533960425471
-0.0263951944184224 1.26551392302266 -5.06487797523355 1.03827060639926 2.93930834969866 2.13241994401103
-0.0259109665943605 1.27505638338822 -5.10028842937036 1.04045360303808 2.96666976820053 2.14958727951126
-0.0254182270614206 1.28463929367753 -5.13582077099839 1.04258343149783 2.99410716196203 2.16684196837275
-0.0249169207822509 1.29426273807363 -5.17147504326089 1.04465990454771 3.02162016360892 2.18418436479596
-0.0244069926028792 1.30392680083798 -5.20725129147154 1.0466828383659 3.04920841473577 2.20161481945791
-0.0238883872480115 1.31363156629376 -5.24314956308804 1.04865205252075 3.07687156582787 2.21913367940893
-0.0233610493162975 1.32337711880952 -5.27916990768648 1.05056736995285 3.10460927618188 2.23674128797261
-0.0228249232755891 1.3331635427834 -5.31531237693672 1.05242861695807 3.13242121382541 2.25443798464917
-0.0222799534581702 1.34299092262783 -5.35157702457855 1.05423562317146 3.16030705543557 2.27222410502209
-0.0217260840558847 1.35285934275474 -5.38796390639897 1.05598822155202 3.18826648625666 2.29009998066808
-0.0211632591151071 1.36276888756129 -5.42447308021023 1.05768624836832 3.21629920001714 2.30806593907047
-0.0205914225315724 1.37271964141618 -5.46110460582916 1.05932954318493 3.24440489884598 2.32612230353598
-0.0200105180451634 1.38271168864663 -5.49785854505787 1.06091794884964 3.27258329318877 2.34426939311501
-0.0194204892347668 1.39274511352607 -5.53473496166605 1.06245131148144 3.30083410172357 2.36250752252559
-0.0188212795132426 1.40282000026278 -5.57173392137518 1.06392948045917 3.32915705127671 2.38083700208083
-0.0182128321224909 1.41293643298922 -5.60885549184456 1.06535230841087 3.35755187673874 2.3992581376201
-0.0175950901285885 1.42309449575238 -5.64609974265935 1.06671965120376 3.38601832098053 2.41777123044382
-0.0169679964169609 1.43329427250499 -5.68346674532063 1.06803136793477 3.41455613476981 2.43637657725187
-0.0163314936875601 1.44353584709768 -5.72095657323755 1.06928732092168 3.44316507668812 2.45507447008577
-0.0156855244500494 1.45381930327211 -5.75856930172159 1.07048737569474 3.47184491304837 2.47386519627434
-0.0150300310190268 1.4641447246551 -5.79630500798301 1.07163140098876 3.50059541781302 2.49274903838316
-0.0143649555093127 1.47451219475378 -5.8341637711295 1.07271926873562 3.52941637251304 2.51172627416754
-0.0136902398313088 1.48492179695169 -5.87214567216709 1.07375085405722 3.55830756616768 2.5307971765291
-0.0130058256864312 1.4953736145061 -5.91025079400351 1.07472603525872 3.5872687952052 2.5499620134761
-0.0123116545626199 1.50586773054625 -5.94847922145381 1.07564469382212 3.61629986338466 2.56922104808718
-0.011607667729925 1.51640422807282 -5.98683104124858 1.07650671440017 3.64540058171882 2.58857453847883
-0.0108938062361631 1.52698318995852 -6.02530634204462 1.07731198481042 3.67457076839834 2.60802273777641
-0.0101700109026246 1.5376046989498 -6.06390521443821 1.0780603960296 3.70381024871728 2.62756589408877
-0.00943622231982865 1.54826883766986 -6.10262775098113 1.07875184218807 3.73311885500006 2.64720425048638
-0.00869238084334989 1.55897568862282 -6.14147404619925 1.07938622056445 3.76249642652997 2.66693804498308
-0.00793842658974444 1.5697253341992 -6.18044419661408 1.07996343158042 3.79194280947923 2.68676751052132
-0.00717429943257377 1.58051785668271 -6.21953830076701 1.08048337879542 3.82145785684073 2.70669287496092
-0.00639993899851055 1.59135333825831 -6.2587564592465 1.08094596890155 3.85104142836159 2.72671436107128
-0.00561528466353768 1.60223186102168 -6.2980987747182 1.08135111171838 3.88069339047849 2.7468321865271
-0.00482027554927175 1.61315350698998 -6.33756535195806 1.08169872018773 3.91041361625489 2.76704656390745
-0.00401485051943122 1.62411835811405 -6.37715629788837 1.08198871036838 3.94020198532024 2.78735770069823
-0.00319894817646512 1.63512649629203 -6.41687172161694 1.0822210014307 3.97005838381116 2.80776579929797
-0.00237250685831994 1.64617800338429 -6.45671173447894 1.08239551565109 3.99998270431443 2.82827105702675
-0.00153546463521702 1.65727296122951 -6.49667645008108 1.0825121784063 4.02997484581185 2.84887366613808
-0.000687759306302571 1.66841145166187 -6.53676598434801 1.08257091816757 4.06003471362698 2.86957381383372
0.000170671603807044 1.67959355652937 -6.57698045557119 1.08257166649457 4.09016221937392 2.89037168228141
0.00103989084849882 1.69081935771333 -6.61731998446008 1.08251435802914 4.12035728090808 2.91126744863558
0.00191996146271752 1.70208893714907 -6.65778469419563 1.08239893048877 4.15061982227893 2.93226128506066
0.00281094676673119 1.71340237684755 -6.69837471048578 1.08222532465983 4.18094977368475 2.95335335875723
0.00371291037007601 1.72475975891817 -6.73909016162307 1.08199348439054 4.21134707142947 2.97454383199064
0.00462591617548466 1.73616116559278 -6.77993117854483 1.08170335658361 4.24181165788163 2.99583286212252
0.00555002838262372 1.74760667925108 -6.82089789489598 1.08135489118859 4.27234348143552 3.01722060164476
0.00648531149159466 1.75909638244733 -6.86199044709459 1.08094804119379 4.30294249647458 3.03870719821629
0.007431830306238 1.77063035793845 -6.90320897440041 1.08048276261783 4.33360866333707 3.06029279470229
0.00838964993728048 1.78220868871357 -6.94455361898605 1.0799590145007 4.36434194828426 3.08197752921608
0.00935883580534186 1.79383145802486 -6.98602452601112 1.07937675889446 4.39514232347083 3.10376153516337
0.0103394536437885 1.8054987494198 -7.02762184369904 1.07873596085325 4.42600976691789 3.12564494128885
0.0113315695014005 1.81721064677485 -7.06934572341673 1.078036588423 4.45694426248831 3.14762787172512
0.0123352497448872 1.82896723433046 -7.11119631975698 1.07727861263036 4.48794579986452 3.16971044604382
0.0133505610614193 1.84076859672739 -7.15317379062331 1.07646200747128 4.51901437452874 3.19189277930873
0.0143775704613672 1.85261481904411 -7.19527829731694 1.0755867498989 4.55014998774569 3.21417498213094
0.0154163452813042 1.86450598683548 -7.23751000462621 1.07465281981096 4.58135264654779 3.23655716072582
0.0164669531871846 1.87644218617284 -7.27986908091845 1.07366020003661 4.61262236372306 3.25903941697212
0.0175294621775138 1.88842350368554 -7.32235569823482 1.07260887632273 4.64395915780551 3.28162184847285
0.0186039405862874 1.90045002660422 -7.36497003238794 1.0714988373196 4.67536305306804 3.30430454861807
0.0196904570855316 1.91252184280565 -7.4077122630626 1.0703300745659 4.70683407951771 3.3270876066494
0.0207890806874227 1.92463904085924 -7.4505825739196 1.06910258247323 4.73837227289368 3.34997110772616
0.0218998807460489 1.93680171007521 -7.49358115270273 1.06781635830979 4.7699776746677 3.37295513299335
0.0230229269588448 1.94900994055442 -7.53670819134903 1.0664714021835 4.80165033204734 3.39603975965103
0.0241582893676771 1.96126382323987 -7.57996388610203 1.06506771702441 4.83339029798179 3.4192250610253
0.025306038359621 1.97356344996978 -7.62334843762799 1.06360530856641 4.86519763117026 3.4425111066405
0.0264662446675662 1.98590891353212 -7.6668620511347 1.06208418532824 4.89707239607292 3.46589796229257
0.0276389793707496 1.99830030772061 -7.71050493649294 1.06050435859389 4.92901466292443 3.48938569012355
0.0288243138951513 2.01073772739224 -7.75427730836068 1.05886584239226 4.9610245077501 3.51297434869706
0.0300223200135888 2.02322126852644 -7.79817938631021 1.05716865347621 4.99310201238468 3.53666399307492
0.0312330698453992 2.03575102828599 -7.84221139495846 1.05541281130089 5.02524726449379 3.5604546748947
0.0324566358557376 2.04832710507951 -7.88637356410008 1.05359833800134 5.05746035759774 3.58434644244797
0.0336930908546376 2.06094959862554 -7.93066612884321 1.05172525836955 5.08974139109802 3.60833934075932
0.0349425079959517 2.073618610018 -7.97508932974764 1.04979359983073 5.12209047030613 3.63243341166582
0.0362049607761196 2.08633424179328 -8.01964341296565 1.04780339241904 5.15450770647508 3.65662869389706
0.0374805230325947 2.09909659799891 -8.06432863038571 1.04575466875265 5.18699321683339 3.68092522315563
0.0387692689417921 2.11190578426408 -8.10914523977911 1.04364746400813 5.21954712462152 3.70532303219809
0.0400712730165789 2.12476190787172 -8.15409350494943 1.0414818158943 5.25216955913078 3.72982215091607
0.0413866101034915 2.13766507783208 -8.19917369588417 1.03925776462535 5.28486065574444 3.75442260641741
0.0427153553798617 2.15061540495768 -8.24438608890861 1.03697535289347 5.31762055598129 3.77912442310724
0.0440575843508536 2.16361300193976 -8.28973096684195 1.03463462584101 5.35044940754158 3.80392762276901
0.0454133728463094 2.17665798342632 -8.33520861915591 1.03223563103195 5.38334736435529 3.82883222464532
0.0467827970173621 2.18975046610184 -8.38081934213569 1.02977841842301 5.41631458663269 3.85383824551855
0.0481659333328182 2.20289056876853 -8.42656343904324 1.02726304033421 5.4493512409171 3.87894569979104
0.0495628585752454 2.21607841242919 -8.47244122028292 1.02468955141896 5.48245750013997 3.90415459956493
0.0509736498366995 2.22931412037174 -8.51845300356963 1.02205800863368 5.51563354367804 3.92946495472144
0.0523983845141404 2.24259781825531 -8.56459911409914 1.01936847120704 5.54887955741282 3.95487677299949
0.0538371403046822 2.25592963419779 -8.61087988472024 1.01662100060878 5.58219573379183 3.98039006007344
0.0552899952008333 2.26930969886465 -8.65729565610815 1.01381566051823 5.61558227189183 4.00600481962963
0.0567570274858288 2.28273814555886 -8.70384677693921 1.01095251679255 5.64903937748387 4.03172105344183
0.0582383157290377 2.29621511031227 -8.75053360406694 1.00803163743479 5.68256726310026 4.05753876144544
0.0597339387813275 2.30974073197825 -8.79735650269962 1.00505309256176 5.71616614810331 4.0834579418105
0.0612439757702769 2.32331515232604 -8.84431584657952 1.00201695437166 5.74983625875588 4.10947859101335
0.0627685060952426 2.33693851613627 -8.89141201816334 0.998923297111661 5.78357782829342 4.13560070390677
0.0643076094224046 2.35061097129769 -8.93864540880339 0.995772197045422 5.81739109699754 4.16182427378832
0.0658613656799025 2.36433266890474 -8.98601641892924 0.992563732420573 5.85127631227096 4.18814929246681
0.0674298550530059 2.37810376335631 -9.03352545823022 0.989297983436273 5.88523372871402 4.21457575032697
0.0690131579790749 2.39192441245583 -9.08117294583902 0.985975032210783 5.91926360820259 4.24110363639228
0.070611355142007 2.40579477751281 -9.12895931051695 0.982594962749083 5.95336621996743 4.26773293838598
0.0722245274659599 2.41971502344592 -9.17688499084074 0.979157860910498 5.98754184067481 4.29446364279023
0.0738527561083101 2.43368531888743 -9.22495043539075 0.975663814376381 6.02179075450839 4.32129573490302
0.07549612245196 2.44770583628887 -9.27315610294024 0.972112912617854 6.05611325325214 4.34822919889285
0.0771547080971844 2.46177675202776 -9.32150246264524 0.968505246863664 6.09050963637429 4.37526401785087
0.0788285948531391 2.47589824651522 -9.36998999423495 0.964840910068143 6.12498021111255 4.40240017384045
0.0805178647289289 2.49007050430478 -9.41861918820325 0.961119996879297 6.15952529256046 4.42963764794443
0.0822225999240577 2.50429371420236 -9.46739054600106 0.957342603607007 6.1941452037548 4.45697642030966
0.0839428828182774 2.5185680693773 -9.51630458022942 0.953508828191403 6.22884027576394 4.48441647018877
0.0856787959608983 2.53289376747438 -9.56536181483292 0.949618770171438 6.26361084777693 4.51195777597903
0.0874304220593148 2.54727101072643 -9.61456278529343 0.945672530653699 6.29845726719341 4.53960031525816
0.0891978439664283 2.56170000606772 -9.6639080388243 0.941670212281467 6.33337988971418 4.56734406481703
0.0909811446671112 2.57618096524793 -9.71339813456453 0.937611919204107 6.36837907943217 4.59518900068917
0.0927804072641912 2.59071410494681 -9.76303364377268 0.933497757046877 6.40345520892395 4.6231350981767
0.0945957149642598 2.60529964688951 -9.81281515002025 0.929327832881248 6.43860865934149 4.65118233187296
0.0964271510633571 2.61993781796279 -9.86274324938434 0.925102255195808 6.47383982050423 4.67933067568145
0.0982747989325554 2.63462885033168 -9.91281855063922 0.920821133867812 6.5091490909911 4.70758010283101
0.100138742003356 2.64937298155653 -9.96304167544675 0.916484580135436 6.54453687823277 4.73593058588724
0.102019063752508 2.66417045471057 -10.0134132585463 0.912092706570709 6.58000359860403 4.76438209676037
0.103915847685879 2.6790215184981 -10.0639339479444 0.907645627053112 6.61554967751629 4.79293460670955
0.105829177321378 2.69392642737378 -10.1146044051051 0.903143456743849 6.65117554951016 4.82158808634364
0.107759136171178 2.70888544166286 -10.1654253051394 0.898586312060847 6.68688165834792 4.85034250561814
0.109705807723325 2.72389882768231 -10.2163973369951 0.893974310654526 6.72266845710577 4.87919783382836
0.111669275422728 2.73896685786273 -10.2675212036451 0.889307571384349 6.75853640826587 4.90815403959859
0.113649622651614 2.75408981087089 -10.3187976222759 0.88458621429622 6.7944859838081 4.93721109086716
0.115646932709532 2.76926797173274 -10.3702273244736 0.879810360600782 6.83051766530114 4.96636895486721
0.117661288793084 2.7845016319565 -10.4218110564091 0.874980132652708 6.86663194399296 4.99562759810294
0.119692773975361 2.79979108965573 -10.4735495790198 0.87009565393103 6.90282932090049 5.02498698632127
0.121741471184715 2.81513664967239 -10.5254436681907 0.865157049020512 6.93911030689858 5.05444708447909
0.123807463182501 2.8305386237 -10.5774941149329 0.860164443594042 6.97547542280816 5.08400785670618
0.125890832539868 2.84599733040722 -10.629701725562 0.855117964396087 7.01192519948327 5.11366926626356
0.127991661613914 2.86151309556159 -10.6820673218733 0.850017739227295 7.04846017789701 5.1434312754973
0.130110032523347 2.87708625215341 -10.7345917413154 0.844863896930287 7.08508090922614 5.17329384578745
0.132246027123597 2.89271714051953 -10.7872758371614 0.839656567376662 7.1217879549345 5.20325693749241
0.134399726981052 2.90840610846684 -10.8401204786774 0.834395881455186 7.15858188685507 5.23332050988839
0.136571213346041 2.92415351139541 -10.8931265512891 0.829081971061148 7.19546328727067 5.26348452110425
0.138760567124402 2.93995971242136 -10.9462949567462 0.823714969086889 7.23243274899288 5.2937489280514
0.140967868847777 2.95582508249938 -10.999626613284 0.818295009413542 7.26949087543922 5.32411368634866
0.143193198642879 2.97175000054479 -11.0531224557821 0.812822226904039 7.30663828070831 5.35457875024219
0.145436636199995 2.98773485355502 -11.1067834359195 0.807296757397439 7.34387558965298 5.38514407252006
0.14769826074102 3.00378003672989 -11.160610522326 0.801718737704652 7.38120343795119 5.41580960442153
0.149978150987213 3.01988595359094 -11.2146047007285 0.796088305605578 7.41862247217497 5.44657529554116
0.152276385126538 3.03605301609994 -11.2687669740944 0.790405599847665 7.45613334985708 5.47744109372774
0.154593040780357 3.05228164477697 -11.3230983627712 0.78467076014587 7.49373673955535 5.50840694497831
0.156928194969537 3.06857226881777 -11.3775999046213 0.778883927184063 7.53143332091431 5.53947279332683
0.159281924080013 3.08492532620982 -11.4322726551536 0.773045242617939 7.56922378472418 5.5706385807276
0.161654303827481 3.10134126384709 -11.4871176876491 0.76715484907942 7.60710883297704 5.60190424693331
0.164045409220759 3.11782053764329 -11.5421360932828 0.761212890182574 7.64508917891993 5.63326972936783
0.166455314523914 3.13436361264367 -11.5973289812402 0.75521951053108 7.68316554710473 5.66473496299369
0.168884093217441 3.15097096313529 -11.6526974788296 0.749174855727273 7.72133867343494 5.69629988017424
0.171331817958409 3.16764307275533 -11.7082427315881 0.743079072382801 7.75960930520908 5.72796441053055
0.173798560539166 3.18438043459736 -11.7639659033828 0.736932308130906 7.7979782011604 5.75972848079276
0.17628439184448 3.20118355131554 -11.8198681765057 0.730734711640328 7.83644613149287 5.79159201464608
0.178789381807288 3.21805293522669 -11.8759507517635 0.724486432630871 7.8750138779132 5.82355493257147
0.181313599363206 3.23498910841038 -11.9322148485611 0.718187621890592 7.91368223365903 5.85561715168099
0.183857112403926 3.25199260280704 -11.9886617049797 0.711838431294644 7.95245200352293 5.88777858554792
0.186419987729623 3.26906396031384 -12.0452925778475 0.705439013825745 7.99132400387225 5.92003914403157
0.189002291000521 3.28620373287815 -12.1021087428056 0.698989523596272 8.03029906266483 5.95239873309685
0.191604086687746 3.30341248258858 -12.1591114943653 0.692490115871972 8.06937801946051 5.98485725462881
0.194225438023651 3.32069078176333 -12.2163021459601 0.685940947097295 8.10856172542833 6.01741460624202
0.196866406951751 3.33803921303555 -12.2736820299888 0.679342174922368 8.14785104334947 6.05007068108486
0.199527054076289 3.35545836943533 -12.3312524978519 0.672693958231601 8.18724684761576 6.08282536763879
0.202207438611393 3.37294885446865 -12.3890149199801 0.665996457173907 8.22675002422381 6.11567854951288
0.204907618329776 3.39051128219378 -12.4469706858555 0.659249833194528 8.26636147076441 6.1486301052336
0.20762764951102 3.40814627729515 -12.5051212040258 0.65245424906848 8.30608209640696 6.18167990803005
0.210367586889508 3.42585447515448 -12.5634679021109 0.645609868935635 8.34591282187899 6.21482782561457
0.213127483602123 3.4436365219189 -12.6220122268019 0.638716858337424 8.38585457944051 6.24807371995894
0.215907391135636 3.46149307456572 -12.6807556438513 0.631775384255181 8.42590831285329 6.28141744706596
0.218707359273388 3.47942480096339 -12.7396996380544 0.624785615150105 8.46607497734444 6.31485885673644
0.22152743604081 3.49743237992811 -12.7988457132218 0.617747721004876 8.50635553956409 6.34839779233137
0.22436766764977 3.51551650127626 -12.8581953921422 0.610661873366917 8.54675097753705 6.38203409052959
0.227228098442135 3.53367786587255 -12.9177502165358 0.603528245393308 8.58726228060844 6.41576758108111
0.230108770833004 3.5519171856741 -12.9775117469987 0.596347011897319 8.62789044938356 6.44959808655633
0.233009725253759 3.57023518377038 -13.0374815629376 0.589118349396533 8.66863649566175 6.48352542209149
0.235931000094694 3.58863259441879 -13.0976612624945 0.581842436162511 8.70950144236421 6.51754939513014
0.238872631646926 3.60711016307588 -13.1580524624628 0.574519452271973 8.75048632345531 6.55166980516083
0.241834654043808 3.62566864642387 -13.2186567981918 0.567149579659504 8.7915921838575 6.58588644345114
0.244817099202274 3.64430881239264 -13.2794759234825 0.559733002171751 8.83282007935998 6.62019909277839
0.247819996764285 3.66303144017745 -13.3405115104733 0.552269905623039 8.87417107652113 6.65460752715731
0.250843374038287 3.68183732025259 -13.4017652495158 0.544760477852346 8.91564625256452 6.68911151156485
0.253887255940779 3.70072725438078 -13.4632388490418 0.537204908781604 8.95724669526826 6.72371080166218
0.256951664938004 3.7197020556179 -13.5249340354185 0.529603390475308 8.99897350284758 6.75840514351376
0.260036620987463 3.73876254831232 -13.5868525527939 0.521956117201397 9.04082778383053 6.79319427330361
0.263142141478959 3.75790956809879 -13.6489961629297 0.51426328549344 9.08281065692602 6.82807791704846
0.266268241175516 3.7771439618862 -13.7113666450223 0.506525094214204 9.12492325088433 6.86305579030802
0.26941493215476 3.79646658783917 -13.7739657955112 0.498741744620601 9.16716670435015 6.89812759789252
0.272582223750888 3.81587831535398 -13.8367954278748 0.490913440429976 9.20954216570837 6.93329303356828
0.275770122496815 3.83538002502915 -13.8998573724161 0.483040387887586 9.25205079292225 6.96855177976146
0.278978632066034 3.85497260863072 -13.963153476036 0.475122795835191 9.29469375336405 7.00390350726023
0.282207753214013 3.87465696905183 -14.0266856019961 0.467160875780707 9.33747222363754 7.03934787491529
0.285457483719437 3.8944340202662 -14.0904556296688 0.459154841968881 9.38038738939292 7.07488452933918
0.288727818325767 3.91430468727554 -14.1544654542767 0.451104911452933 9.42344044513411 7.11051310460447
0.292018748683295 3.93426990605113 -14.2187169866187 0.443011304167055 9.46663259401858 7.14623322194141
0.295330263291521 3.95433062346961 -14.2832121527869 0.434874242999681 9.50996504764942 7.18204448943505
0.298662347441625 3.97448779724255 -14.347952893869 0.426693953867473 9.55343902585943 7.21794650172187
0.302014983158959 3.99474239583914 -14.4129411656404 0.418470665789997 9.59705575648714 7.25393883968591
0.305388149145811 4.01509539840179 -14.4781789382416 0.410204610965029 9.64081647514483 7.2900210701548
0.308781820724766 4.03554779465481 -14.543668195844 0.401896024844454 9.68472242497872 7.32619274559594
0.31219596978266 4.0561005848062 -14.6094109363027 0.393545146210671 9.72877485642091 7.3624534038131
0.31563056471493 4.07675477944301 -14.6754091707967 0.385152217253408 9.77297502693329 7.39880256764381
0.319085570370535 4.09751139942005 -14.7416649234575 0.376717483646902 9.81732420074293 7.43523974465767
0.322560947997908 4.11837147574183 -14.8081802309841 0.368241194627411 9.86182364856933 7.47176442685581
0.326056655192426 4.13933604943731 -14.8749571422448 0.359723603071055 9.90647464734323 7.50837609037154
0.329572645845605 4.16040617142719 -14.9419977178655 0.351164965571934 9.9512784799174 7.54507419517258
0.333108870095818 4.18158290238387 -15.0093040298043 0.342565542520404 9.99623643476909 7.58185818476537
0.336665274280165 4.20286731258468 -15.0768781609144 0.333925598181329 10.0413498056946 7.61872748590186
0.340241800887327 4.22426048175865 -15.1447222044951 0.325245400772199 10.0866198914952 7.65568150828926
0.343838388511493 4.24576349892662 -15.2128382638305 0.316525222541001 10.1320479956555 7.69271964430273
0.347454971807467 4.2673774622348 -15.2812284517165 0.307765339843768 10.1776354260121 7.72984126870135
0.351091481447091 4.28910347878109 -15.3498948899747 0.29896603322178 10.2233834944153 7.7670457383473
0.354747844077251 4.31094266443383 -15.4188397089526 0.290127587478393 10.2692935163809 7.80433239192846
0.358423982279769 4.33289614364235 -15.4880650470106 0.281250291755483 10.3153668107342 7.84170054968447
0.362119814533099 4.3549650492395 -15.5575730499942 0.27233443960941 10.3616046992453 7.87914951313694
0.365835255175444 4.37715052223604 -15.6273658706937 0.263380329086389 10.4080085062558 7.91667856482379
0.369570214369075 4.399453711607 -15.6974456682895 0.254388262797124 10.454579558297 7.95428696803842
0.373324598066039 4.42187577406987 -15.7678146077859 0.245358547990574 10.5013191836997 7.99197396657395
0.3770983079755 4.44441787385492 -15.8384748594308 0.236291496626737 10.5482287121963 8.02973878447311
0.380891241532924 4.46708118246746 -15.9094285981241 0.227187425448385 10.595309474514 8.0675806257838
0.384703291871456 4.48986687844176 -15.9806780028105 0.218046656051765 10.6425628019599 8.10549867432055
0.388534347795886 4.51277614708609 -16.0522252558603 0.208869514956236 10.6899900259982 8.14349209343196
0.392384293759136 4.5358101802192 -16.1240725424344 0.199656333672762 10.7375924778182 8.18156002577473
0.396253009840906 4.5589701758985 -16.1962220498385 0.190407448771132 10.7853714878952 8.21970159309476
0.400140371728377 4.58225733814011 -16.2686759668623 0.181123201945807 10.833328385542 8.25791589601551
0.404046250699346 4.60567287663019 -16.3414364831067 0.17180394008038 10.8814644984531 8.29620201383384
0.407970513608247 4.62921800642718 -16.4145057882967 0.162450015310618 10.9297811522396 8.33455900432373
0.41191302287505 4.65289394765522 -16.4878860715807 0.153061785085953 10.9782796699577 8.37298590354821
0.415873636476715 4.67670192518927 -16.5615795208177 0.143639612229265 11.0269613716282 8.4114817256802
0.419852207941063 4.70064316833194 -16.6355883218527 0.134183864994805 11.0758275737488 8.45004546283252
0.423848586343332 4.72471891048186 -16.7099146577791 0.124694917124152 11.1248795887983 8.48867608489737
0.427862616305735 4.74893038879315 -16.7845607081893 0.115173147900136 11.1741187247344 8.52737253939544
0.431894137999918 4.77327884382613 -16.8595286484121 0.105618942198604 11.2235462844825 8.5661337513351
0.435942987151986 4.79776551918923 -16.9348206487393 0.0960326905378877 11.2731635654188 8.60495862308195
0.440008995050082 4.82239166117227 -17.0104388736394 0.0864147891258178 11.3229718588453 8.64384603423916
0.444091988554795 4.84715851837097 -17.0863854809612 0.0767656399041719 11.372972449458 8.68279484153913
0.448191790112572 4.87206734130318 -17.162662621126 0.0670856505903954 11.4231666148096 8.72180387874697
0.45230821777219 4.8971193820169 -17.23927243631 0.0573752347164904 11.4735556247644 8.76087195657588
0.456441085204373 4.9223158936902 -17.3162170596157 0.0476348116649642 11.5241407409475 8.79999786261497
0.46059020172446 4.94765813022272 -17.3934986142334 0.037864806701731 11.574923216188 8.83918036126954
0.464755372317904 4.97314734581865 -17.4711192125924 0.0280656510058464 11.6259042939552 8.87841819371436
0.468936397668713 4.99878479456111 -17.5490809555023 0.0182377816959579 11.6770852077897 8.91771007786015
0.473133074191107 5.02457172997829 -17.6273859312855 0.00838164185336449 11.7284671807289 8.95705470833389
0.477345194064517 5.05050940460137 -17.7060362148994 -0.00150231945842052 11.7800514247269 8.99645075647325
0.481572545271888 5.0765990695144 -17.7850338670514 -0.0114136471777157 11.8318391400692 9.03589687033534
0.485814911641414 5.10284197389624 -17.8643809333041 -0.0213518802324438 11.8838315147832 9.07539167472036
0.490072072891861 5.12923936455462 -17.9440794431738 -0.0313165515317338 11.936029724043 9.11493377121034
0.49434380468173 5.15579248545269 -18.0241314092201 -0.0413071879614348 11.9884349295704 9.15452173822342
0.498629878662446 5.18250257722787 -18.1045388261288 -0.0513233103836292 12.0410482790316 9.19415413108393
0.502930062535553 5.20937087670347 -18.1853036697876 -0.0613644336402553 12.0938709054297 9.23382948210872
0.507244120113615 5.23639861639326 -18.2664278963552 -0.071430066560955 12.1469039264939 9.27354630071004
0.511571811384533 5.26358702399885 -18.3479134413252 -0.0815197119752585 12.2001484440642 9.3133030735153
0.515912892579158 5.29093732189994 -18.4297622185835 -0.0916328667292092 12.2536055434738 9.35309826450389
0.520267116242343 5.31845072663699 -18.5119761194601 -0.101769021706537 12.3072762929279 9.39293031516144
0.524634231307716 5.34612844838693 -18.5945570117763 -0.111927661854488 12.3611617428797 9.43279764465191
0.529013983176386 5.37397169043193 -18.6775067388873 -0.122108266214423 12.4152629254057 9.47269865000785
0.533406113799642 5.40198164862207 -18.7608271187209 -0.132310307957246 12.4695808535766 9.51263170633914
0.537810361765549 5.43015951083112 -18.8445199428115 -0.142533254423696 12.5241165208281 9.55259516705993
0.542226462389265 5.45850645640487 -18.9285869753294 -0.152776567169456 12.5788709003283 9.592587364134
0.546654147806806 5.48702365560118 -19.0130299521037 -0.163039702015067 12.6338449443437 9.63260660833842
0.551093147072346 5.51571226902259 -19.097850579642 -0.173322109100704 12.6890395836036 9.67265118954637
0.555543186259492 5.54457344704202 -19.183050534145 -0.18362323294581 12.7444557266633 9.71271937702933
0.560003988567229 5.57360832922173 -19.2686314605191 -0.193942512513596 12.800094259267 9.75280941977889
0.564475274431101 5.6028180437252 -19.3545949713832 -0.204279381280349 12.8559560437092 9.79291954684843
0.568956761639654 5.6322037067226 -19.4409426460747 -0.214633267309664 12.9120419181974 9.83304796771505
0.57344816545586 5.661766421791 -19.5276760296526 -0.225003593331783 12.9683526962138 9.87319287266246
0.577949198743178 5.69150727930978 -19.614796631902 -0.235389776828251 13.0248891658792 9.91335243318523
0.582459572095938 5.72142735585177 -19.7023059263392 -0.245791230122077 13.0816520893173 9.9535248024145
0.586978993973855 5.75152771356994 -19.7902053492178 -0.256207360473515 13.1386422020205 9.99370811556538
0.591507170840845 5.78180939957979 -19.8784962985369 -0.266637570181563 13.1958602122186 10.033900490406
0.596043807308491 5.81227344533758 -19.9671801330514 -0.277081256691215 13.2533068002487 10.0741000277485
0.600588606284271 5.84292086601484 -20.0562581712842 -0.287537812706539 13.3109826179287 10.1143048119623
0.605141269124483 5.87375265986947 -20.1457316905427 -0.298006626309625 13.368888287934 10.1545129115093
0.609701495791892 5.90476980761368 -20.2356019259383 -0.308487081085425 13.4270244031764 10.1947223795019
0.614268985018033 5.93597327177871 -20.3258700694099 -0.318978556252567 13.4853915261885 10.2349312542827
0.618843434469918 5.9673639960764 -20.4165372687527 -0.329480426800244 13.5439901885113 10.2751375600283
0.62342454092095 5.99894290475794 -20.5076046266528 -0.339992063631266 13.6028208900878 10.3153393073748
0.628012000426183 6.03071090197016 -20.5990731997272 -0.350512833711294 13.6618840986611 10.3555344940668
0.632605508502198 6.06266887110975 -20.6909439975711 -0.361042100224274 13.7211802491788 10.3957211056298
0.637204760311612 6.09481767417585 -20.7832179818121 -0.371579222734057 13.7807097432026 10.4358971160649
0.641809450852075 6.1271581511215 -20.8758960651719 -0.382123557352219 13.8404729483243 10.4760604885672
0.646419275149669 6.15969111920413 -20.9689791105366 -0.392674456912116 13.9004701975883 10.5162091762675
0.651033928456479 6.19241737233545 -21.062467930036 -0.403231271149157 13.9607017889211 10.5563411229967
0.655653106452008 6.22533768043062 -21.1563632841313 -0.413793346887327 14.0211679845669 10.5964542640737
0.660276505448303 6.25845278875655 -21.2506658807131 -0.424360028231944 14.081869010532 10.6365465271161
0.66490382259901 6.29176341727962 -21.3453763742087 -0.434930656768682 14.1428050560372 10.6766158328748
0.669534756112488 6.32527026001323 -21.440495364701 -0.445504571768882 14.2039762729785 10.716660096091
0.674169005468748 6.35897398436568 -21.5360233970584 -0.456081110401148 14.265382775398 10.7566772263771
0.67880627163997 6.39287523048877 -21.6319609600771 -0.466659607949214 14.3270246389632 10.7966651291205
0.683446257314616 6.42697461062766 -21.7283084856354 -0.477239398036045 14.3889019004559 10.8366217064103
0.688088667125322 6.46127270847233 -21.8250663478621 -0.487819812854094 14.4510145572715 10.8765448579871
0.69273320788055 6.49577007851115 -21.9222348623167 -0.498400183401675 14.5133625669277 10.916432482215
0.697379588799705 6.53046724538671 -22.0198142851857 -0.508979839725431 14.5759458465847 10.9562824770769
0.70202752175165 6.56536470325426 -22.1178048124919 -0.519558111168827 14.6387642725751 10.9960927411922
0.706676721496684 6.60046291514319 -22.216206579319 -0.530134326626576 14.7018176799459 11.0358611748559
0.711326905931972 6.63576231232166 -22.3150196590518 -0.54070781480492 14.7651058620113 11.0755856811005
0.715977796340182 6.6712632936648 -22.4142440626314 -0.551277904487697 14.8286285699176 11.1152641667795
0.720629117641243 6.70696622502652 -22.5138797378272 -0.561843924808138 14.8923855122202 11.1548945436722
0.725280598647226 6.74287143861567 -22.6139265685249 -0.5724052055263 14.9563763544729 11.1944747296101
0.729931972320135 6.77897923237651 -22.7143843740324 -0.582961077312053 15.0206007188306 11.2340026496243
0.734582976032266 6.81528986937398 -22.8152529084016 -0.593510872033543 15.0850581836639 11.2734762371135
0.73923335182906 6.85180357718381 -22.9165318597689 -0.604053923051022 15.1497482831879 11.3128934350316
0.743882846694632 6.88852054728791 -23.0182208497135 -0.614589565515923 15.2146705071039 11.3522521970967
0.748531212819951 6.92544093447562 -23.1203194326333 -0.625117136675044 15.2798243002559 11.3915504890184
0.753178207873375 6.96256485625134 -23.2228270951403 -0.635635976179658 15.3452090622991 11.4307862897449
0.757823595273204 6.99989239224869 -23.3257432554735 -0.64614542639937 15.4108241473836 11.4699575927281
0.762467144462216 7.0374235836514 -23.4290672629306 -0.656644832740464 15.4766688638502 11.5090624072069
0.767108631184315 7.07515843262086 -23.5327983973172 -0.667133543968547 15.5427424739404 11.548098759508
0.771747837763311 7.11309690173043 -23.6369358684149 -0.677610912535394 15.6090441935214 11.5870646943632
0.776384553383447 7.15123891340686 -23.7414788154693 -0.688076294909896 15.6755731918252 11.6259582762444
0.781018574371073 7.189584349379 -23.8464263066953 -0.698529051913001 15.7423285912033 11.6647775907138
0.785649704477038 7.22813305013381 -23.9517773388028 -0.708968549056423 15.8093094668946 11.7035207457893
0.790277755159884 7.26688481438019 -24.0575308365398 -0.719394156884848 15.8765148468089 11.7421858733254
0.794902545870131 7.30583939852099 -24.1636856522534 -0.72980525132131 15.9439437113231 11.7807711304061
0.799523904335625 7.34499651613332 -24.2702405654686 -0.740201214015481 16.0115949930918 11.8192747007522
0.804141666847449 7.38435583745688 -24.3771942824855 -0.750581432694685 16.0794675768723 11.8576947961406
0.808755678545792 7.42391698889015 -24.4845454359926 -0.760945301517443 16.1475602993635 11.896029657835
0.813365793705426 7.46367955249436 -24.5922925846985 -0.771292221429346 16.2158719490593 11.9342775580284
0.817971876020768 7.50364306550511 -24.7004342129792 -0.781621600520959 16.2844012661172 11.9724368012947
0.822573798890663 7.54380701985167 -24.8089687305421 -0.791932854387489 16.3531469422396 12.0105057260508
0.827171445702731 7.58417086168452 -24.9178944721055 -0.802225406490025 16.422107620571 12.0484827060268
0.831764710116773 7.62473399091184 -25.0272096970958 -0.812498688518182 16.4912818956078 12.0863661517438
0.836353496346768 7.66549576074542 -25.1369125893594 -0.822752140753938 16.5606683131223 12.1241545119996
0.840937719441329 7.7064554772562 -25.2470012568907 -0.832985212436352 16.6302653700992 12.1618462753591
0.845517305562686 7.74761239893939 -25.3574737315735 -0.843197362126803 16.7000715146837 12.1994399716498
0.850092192264079 7.78896573628945 -25.468327968937 -0.853388058074447 16.7700851461425 12.236934173461
0.854662328765219 7.83051465138478 -25.5795618479238 -0.863556778581635 16.8403046148353 12.2743274976457
0.859227676225399 7.872258257482 -25.6911731706717 -0.873703012369021 16.9107282221992 12.3116186068241
0.863788208013898 7.91419561861961 -25.8031596623063 -0.883826258940044 16.9813542207431 12.348806210888
0.86834390997748 7.95632574923068 -25.9155189707434 -0.893926028944404 17.0521808140533 12.3858890685043
0.872894780705011 7.99864761376422 -26.0282486665002 -0.904001844540143 17.1232061568078 12.4228659886168
0.877440831788942 8.04116012631529 -26.1413462425146 -0.914053239753959 17.1944283548009 12.4597358319445
0.881982088082934 8.08386215026377 -26.2548091139704 -0.924079760839418 17.2658454649755 12.4964975124765
0.886518587954841 8.12675249792187 -26.3686346181269 -0.934080966632687 17.3374554954618 12.5331499989605
0.891050383534607 8.16982993018983 -26.4828200141536 -0.944056428905451 17.4092564056239 12.5696923163847
0.895577540956978 8.2130931562199 -26.5973624829655 -0.954005732714653 17.4812461061105 12.6061235474514
0.900100140598626 8.25654083308838 -26.7122591270615 -0.963928476748754 17.553422458912 12.6424428340416
0.904618277308927 8.30017156547565 -26.8275069703612 -0.973824273670218 17.6257832774213 12.6786493786689
0.909132060633653 8.34398390535398 -26.943102958042 -0.983692750453932 17.6983263264985 12.7147424459203
0.913641615031128 8.38797635168281 -27.059043956372 -0.993533548721238 17.7710493225376 12.7507213638854
0.918147080080546 8.43214735011167 -27.1753267525399 -1.00334632506927 17.8439499335359 12.7865855255693
0.922648610682079 8.4764952926904 -27.2919480544804 -1.01313075139532 17.9170257791648 12.8223343902899
0.927146377248587 8.52101851758686 -27.4089044906925 -1.02288651521596 17.9902744308407 12.8579674850586
0.93164056588891 8.56571530881224 -27.5261926100515 -1.03261331998058 18.063693411797 12.8934844059408
0.936131378582795 8.6105838959542 -27.6438088816138 -1.04231088537923 18.137280197155 12.9288848193979
0.940619033347307 8.65562245391779 -27.7617496944119 -1.0519789476444 18.2110322139947 12.9641684636069
0.945103764394448 8.70082910267445 -27.8800113572415 -1.06161725984672 18.2849468414237 12.999335149758
0.949585822279627 8.74620190701902 -27.9985900984376 -1.0712255921843 18.3590214106458 13.0343847633277
0.954065474040648 8.79173887633507 -28.1174820656417 -1.08080373226567 18.4332532050265 13.069317265327
0.958543003326987 8.83743796436871 -28.2366833255565 -1.09035148538618 18.5076394601576 13.1041326935226
0.96301871051923 8.88329706901093 -28.3561898636912 -1.0998686747977 18.5821773639199 13.1388311636306
0.967492912838667 8.92931403208885 -28.4759975840938 -1.10935514197165 18.656864056543 13.1734128704798
0.971965944446999 8.97548663916564 -28.5961023090734 -1.11881074685516 18.7316966306645 13.2078780891458
0.97643815653608 9.02181261934942 -28.7164997789094 -1.12823536812026 18.8066721313869 13.2422271760515
0.980909917407449 9.06828964511101 -28.8371856515495 -1.13762890340613 18.8817875563342 13.2764605700354
0.985381612541351 9.11491533211083 -28.958155502296 -1.14699126955421 18.9570398557065 13.3105787933843
0.989853644654896 9.16168723903511 -29.0794048234807 -1.15632240283611 19.0324259323349 13.3445824528309
0.994326433749018 9.20860286744176 -29.2009290241273 -1.16562225917439 19.1079426417353 13.3784722405131
0.998800417143932 9.25565966161638 -29.3227234296037 -1.17489081435596 19.1835867921622 13.4122489348951
1.00327604950289 9.30285500843869 -29.4447832812628 -1.18412806423832 19.2593551446625 13.4459134016474
1.00775380284413 9.35018623726007 -29.567103736073 -1.19333402494828 19.3352444131295 13.4794665944855
1.0122341665409 9.39765061979256 -29.689679866238 -1.20250873307351 19.4112512643574 13.5129095559652
1.01671764730944 9.44524537000981 -29.8125066588083 -1.21165224584653 19.4873723180971 13.5462434182329
1.02120476918473 9.49296764406028 -29.9355790152819 -1.22076464132133 19.5636041471138 13.5794694037293
1.02569607348392 9.54081454019335 -30.0588917511986 -1.22984601854253 19.6399432772464 13.6125888258455
1.03019211875718 9.5887830986986 -30.1824395957254 -1.23889649770702 19.7163861874695 13.6456030895298
1.03469348072599 9.63687030185909 -30.306217191235 -1.24791622031787 19.7929293099592 13.6785136918427
1.03920075220875 9.68507307391906 -30.4302190928792 -1.25690534933064 19.8695690301621 13.7113222224608
1.0437145430333 9.73338828106672 -30.5544397681567 -1.26586406929196 19.9463016868686 13.7440303641256
1.04823547993651 9.78181273143275 -30.6788735964761 -1.27479258647027 20.0231235722911 13.7766398930374
1.05276420645048 9.83034317510519 -30.8035148687166 -1.28369112897877 20.1000309321479 13.8091526791914
1.0573013827753 9.87897630416123 -30.9283577867867 -1.29255994689069 20.1770199657523 13.841570686655
1.06184768563798 9.92770875271644 -31.0533964631806 -1.30139931234672 20.2540868261092 13.8738959737847
1.06640380813735 9.97653709699209 -31.1786249205366 -1.31020951965497 20.3312276200189 13.9061306933791
1.07097045957479 10.025457855401 -31.3040370911955 -1.31899088538329 20.4084384081885 13.9382770927687
1.07554836527047 10.0744674886523 -31.4296268167621 -1.32774374844402 20.4857152053529 13.9703375138375
1.08013826636493 10.1235623998764 -31.555387847671 -1.33646847017119 20.5630539804045 14.0023143929781
1.08474091960585 10.1727389347698 -31.6813138427574 -1.34516543438996 20.640450656534 14.0342102609747
1.08935709711995 10.2219933817616 -31.8073983688346 -1.35383504747852 20.7179011113813 14.0660277428152
1.09398758616988 10.2713219722006 -31.93363490028 -1.36247773842213 20.7954011771978 14.0977695574285
1.09863318889603 10.3207208805664 -32.0600168186308 -1.37109395885938 20.8729466410209 14.1294385173457
1.10329472204312 10.370186224702 -32.1865374121905 -1.37968418312045 20.9505332448616 14.1610375282833
1.10797301667155 10.4197140660709 -32.3131898756485 -1.38824890825728 21.0281566859042 14.1925695886462
1.11266891785319 10.4693004100381 -32.4399673097144 -1.39678865406536 21.1058126167211 14.224037788949
1.11738328435175 10.5189412061766 -32.566862720768 -1.40530396309706 21.1834966455007 14.2554453111532
1.12211698828752 10.5686323485984 -32.6938690205266 -1.41379540066619 21.2612043362913 14.2867954279182
1.1268709147866 10.6183696763133 -32.820979025733 -1.42226355484373 21.338931209259 14.3180915017649
1.13164596161463 10.6681489736128 -32.9481854578634 -1.43070903644439 21.416672740962 14.3493369841489
1.13644303879497 10.7179659704827 -33.075480942859 -1.43913247900373 21.4944243646401 14.3805354144417
1.14126306821154 10.7678163430438 -33.2028580108818 -1.44753453874551 21.5721814705205 14.4116904188182
1.14610698319638 10.8176957140207 -33.3303090960975 -1.45591589453893 21.6499394061397 14.4428057090482
1.15097572810196 10.8675996532404 -33.4578265364864 -1.46427724784567 21.7276934766804 14.4738850811896
1.15587025785852 10.9175236781609 -33.5854025736848 -1.47261932265625 21.8054389453245 14.504932414181
1.16079153751635 10.9674632544298 -33.7130293528581 -1.48094286541528 21.8831710336211 14.5359516683328
1.16574054177319 11.0174137964738 -33.8406989226083 -1.48924864493515 21.9608849218708 14.5669468837138
1.17071825448693 11.0673706681203 -33.9684032349177 -1.49753745229722 22.038575749525 14.5979221784335
1.1757256681736 11.1173291832501 -34.0961341451293 -1.50581010074006 22.1162386156023 14.6288817468183
1.18076378349079 11.1672846064837 -34.2238834119684 -1.51406742553392 22.1938685791204 14.6598298574803
1.18583360870678 11.2172321539 -34.3516426976049 -1.52231028384055 22.2714606595452 14.6907708512781
1.19093615915531 11.2671669937893 -34.4794035677599 -1.53053955455783 22.3490098372557 14.7217091391688
1.19607245667632 11.3170842474403 -34.6071574918571 -1.53875613814805 22.4265110540252 14.7526491999502
1.20124352904289 11.366978989962 -34.7348958432231 -1.54696095644935 22.5039592135183 14.7835955778923
1.20645040937452 11.4168462511406 -34.8626098993355 -1.5551549524689 22.5813491818023 14.8145528802583
1.21169413553717 11.4666810163323 -34.9902908421242 -1.56333909015707 22.658675787873 14.8455257747138
1.21697574953023 11.5164782273921 -35.1179297583247 -1.57151435416124 22.7359338241917 14.8765189866243
1.22229629686085 11.5662327836388 -35.245517639888 -1.57968174955781 22.8131180472348 14.9075372962414
1.22765682590587 11.6159395428568 -35.3730453844466 -1.587842301561 22.890223178052 14.9385855357786
1.23305838726173 11.6655933223346 -35.5005037958409 -1.59599705520663 22.9672439028335 14.9696685863753
1.23850203308269 11.7151888999406 -35.6278835847057 -1.60414707500906 23.0441748734838 15.0007913749536
1.24398881640773 11.7647210152363 -35.7551753691205 -1.6122934445894 23.121010708203 15.0319588709657
1.24951979047635 11.8141843706263 -35.8823696753243 -1.62043726627268 23.197745992072 15.063176083036
1.25509600803382 11.8635736325464 -36.0094569384972 -1.62857966065176 23.2743752776438 15.0944480554989
1.26071852062596 11.9128834326891 -36.1364275036112 -1.63672176611563 23.3508930855392 15.1257798648349
1.26638837788392 11.9621083692666 -36.2632716263502 -1.64486473833961 23.4272939050478 15.1571766160073
1.27210662679914 12.0112430083111 -36.3899794741035 -1.65300974973542 23.5035721947353 15.188643438704
1.27787431098898 12.0602818850134 -36.5165411270324 -1.66115798885966 23.5797223830582 15.2201854834869
1.28369246995344 12.1092195050984 -36.6429465792131 -1.66931065977988 23.6557388689872 15.2518079178558
1.28956213832347 12.1580503462387 -36.7691857398563 -1.67746898139878 23.7316160226426 15.2835159222283
1.29548434510163 12.2067688595049 -36.8952484346063 -1.68563418673739 23.8073481859422 15.315314685845
1.30146011289595 12.2553694708538 -37.0211244069208 -1.69380752217886 23.8829296732643 15.3472094026008
1.30749045714776 12.3038465826531 -37.1468033195327 -1.70199024667445 23.9583547721276 15.379205266811
1.31357638535441 12.3521945752425 -37.2722747559952 -1.71018363091368 24.0336177438905 15.4113074689174
1.31971889628803 12.4004078085313 -37.3975282223135 -1.71838895646049 24.1087128244702 15.4435211911395
1.32591897921112 12.4484806236311 -37.5225531486614 -1.72660751485745 24.1836342250863 15.4758516030801
1.33217761309001 12.4964073445241 -37.6473388911872 -1.73484060670011 24.2583761330277 15.5083038572896
1.33849576580728 12.5441822797657 -37.7718747339084 -1.74308954068338 24.3329327124474 15.5408830847974
1.34487439337392 12.591799724222 -37.8961498906972 -1.75135563262218 24.4072981051856 15.5735943906157
1.35131443914236 12.63925396084 -38.0201535073574 -1.75964020444813 24.4814664316232 15.6064428492232
1.35781683302126 12.6865392624517 -38.1438746637953 -1.76794458318446 24.5554317915681 15.6394335000352
1.36438249069301 12.7336498936109 -38.2673023762831 -1.77627009990092 24.6291882651752 15.672571342865
1.37101231283494 12.7805801124617 -38.3904255998189 -1.7846180886507 24.702729913902 15.7058613333849
1.37770718434511 12.8273241726388 -38.5132332305813 -1.79298988539133 24.7760507815018 15.7393083785918
1.38446797357363 12.873876325199 -38.6357141084822 -1.80138682689133 24.8491448950558 15.7729173322831
1.39129553156051 12.9202308205823 -38.7578570198157 -1.80981024962455 24.9220062660453 15.8066929905505
1.39819069128086 12.966381910604 -38.8796507000069 -1.81826148865403 24.9946288914661 15.8406400872958
1.40515426689841 13.0123238504748 -39.0010838364583 -1.82674187650719 25.0670067549853 15.8747632897766
1.41218705302824 13.0580509008499 -39.1221450714966 -1.83525274204423 25.1391338281435 15.909067194185
1.41928982400959 13.1035573299056 -39.2428230054192 -1.84379540932132 25.2110040716018 15.9435563212683
1.4264633331897 13.1488374154432 -39.3631061996407 -1.85237119645066 25.2826114364365 15.9782351119939
1.43370831221949 13.1938854470192 -39.48298317994 -1.86098141445876 25.3539498654805 16.0131079232669
1.44102547036204 13.2386957281008 -39.6024424398091 -1.86962736614504 25.4250132947153 16.0481790237038
1.44841549381462 13.283262578246 -39.721472443901 -1.8783103449421 25.4957956547109 16.0834525894684
1.45587904504522 13.3275803353082 -39.8400616315799 -1.88703163377957 25.5662908721184 16.1189327001756
1.46341676214436 13.3716433576634 -39.9581984205713 -1.89579250395308 25.6364928712124 16.1546233348672
1.47102925819311 13.4154460264594 -40.0758712107123 -1.90459421399997 25.7063955754867 16.1905283680659
1.47871712064804 13.4589827478866 -40.1930683878027 -1.91343800858336 25.7759929093028 16.2266515659115
1.48648091074392 13.5022479554692 -40.309778327555 -1.92232511738619 25.845278799591 16.2629965823856
1.49432116291515 13.5452361123747 -40.4259893996435 -1.93125675401667 25.9142471776063 16.2995669556276
1.5022383842364 13.5879417137429 -40.5416899718518 -1.94023411492683 25.9828919807377 16.3363661043483
1.51023305388363 13.6303592890312 -40.6568684143176 -1.94925837834549 26.0512071543729 16.3733973243461
1.5183056226159 13.6724834043763 -40.7715131038739 -1.9583307032273 26.119186653817 16.4106637851276
1.52645651227895 13.7143086649709 -40.8856124284861 -1.96745222821917 26.1868244462662 16.448168526641
1.5346861153313 13.7558297174536 -40.9991547917824 -1.97662407064561 26.2541145128367 16.485914456123
1.54299479439345 13.7970412523122 -41.1121286176778 -1.98584732551428 26.3210508506475 16.5239043450656
1.55138288182106 13.8379380062975 -41.2245223550887 -1.99512306454327 26.3876274749592 16.5621408263067
1.55985067930277 13.8785147648472 -41.336324482738 -2.00445233521129 26.4538384213655 16.6006263912471
1.56839845748328 13.9187663645189 -41.4475235140477 -2.01383615983226 26.5196777480399 16.6393633871994
1.57702645561253 13.9586876954292 -41.5581080021172 -2.02327553465542 26.5851395380352 16.6783540148726
1.58573488122145 13.9982737036999 -41.6680665447859 -2.03277142899235 26.6502179016363 16.7176003259943
1.59452390982506 14.0375193939076 -41.7773877897777 -2.04232478437217 26.714906978765 16.7571042210761
1.60339368465359 14.0764198315359 -41.8860604399244 -2.0519365137259 26.7792009414363 16.7968674473247
1.612344316412 14.1149701454298 -41.9940732584661 -2.06160750060145 26.8430939962654 16.8368915967019
1.62137588306881 14.1531655302482 -42.1014150744256 -2.07133859841017 26.906580387024 16.8771781041375
1.63048842967455 14.1910012489158 -42.2080747880543 -2.0811306297062 26.9696543972454 16.9177282458973
1.63968196821051 14.2284726350697 -42.3140413763461 -2.09098438549956 27.0323103528768 16.9585431381093
1.64895647746837 14.2655750955016 -42.4193038986163 -2.10090062460424 27.0945426249772 16.9996237354517
1.65831190296103 14.3023041125918 -42.5238515021424 -2.1108800730221 27.1563456324599 17.0409708300045
1.66774815686539 14.3386552467344 -42.6276734278627 -2.12092342336364 27.2177138448787 17.0825850502676
1.6772651179973 14.3746241387508 -42.7307590161297 -2.13103133430663 27.2786417852537 17.124466860348
1.68686263181928 14.4102065122903 -42.8330977125136 -2.1412044300934 27.3391240329382 17.1666165593175
1.69654051048132 14.4453981762159 -42.9346790736525 -2.15144330006776 27.399155226522 17.2090342807446
1.70629853289532 14.4801950269722 -43.0354927731448 -2.16174849825234 27.4587300667709 17.2517199924007
1.71613644484321 14.514593050934 -43.135528607479 -2.17212054296706 27.5178433195987 17.2946734961435
1.72605395911945 14.5485883267342 -43.234776501997 -2.18255991648965 27.5764898190709 17.337894427979
1.73605075570794 14.5821770275668 -43.3332265168851 -2.19306706475875 27.6346644704369 17.3813822583036
1.74612648199369 14.6153554234646 -43.4308688531888 -2.20364239712031 27.6923622531875 17.4251362923273
1.75628075300952 14.6481198835487 -43.527693858845 -2.214286286118 27.7495782241368 17.4691556706785
1.76651315171789 14.6804668782468 -43.6236920347269 -2.22499906732798 27.8063075205236 17.5134393701936
1.77682322932818 14.7123929814787 -43.7188540406962 -2.23578103923876 27.8625453631311 17.5579862048884
1.7872105056493 14.7438948728062 -43.8131707016556 -2.2466324631765 27.9182870594208 17.6027948271156
1.79767446947793 14.7749693395452 -43.906633013597 -2.25755356327616 27.9735280066774 17.6478637289053
1.80821457902229 14.8056132788365 -43.9992321496375 -2.26854452649893 28.0282636951619 17.6931912434916
1.81883026236152 14.8358236996744 -44.0909594660392 -2.27960550269611 28.0824897112692 17.7387755470218
1.82952091794051 14.8655977248882 -44.1818065082027 -2.29073660471984 28.1362017406857 17.7846146604513
1.84028591510016 14.894932593076 -44.2717650166307 -2.30193790858069 28.1893955715447 17.8307064516202
1.85112459464288 14.9238256604874 -44.3608269328521 -2.31320945365237 28.2420670975743 17.8770486375134
1.8620362694331 14.952274402851 -44.4489844053013 -2.32455124292349 28.2942123212343 17.9236387867006
1.87302022503258 14.980276417146 -44.5362297951429 -2.3359632432964 28.3458273568376 17.9704743219568
1.88407572037009 15.0078294233138 -44.6225556820362 -2.34744538593299 28.3969084336523 18.0175525230599
1.89520198844517 15.0349312659066 -44.7079548698301 -2.35899756664728 28.4474518989792 18.0648705297639
1.90639823706544 15.0615799156709 -44.7924203921801 -2.37061964634457 28.4974542212004 18.1124253449458
1.91766364961699 15.0877734710621 -44.8759455180799 -2.38231145150671 28.5469119927944 18.1602138379226
1.92899738586714 15.1135101596874 -44.9585237572983 -2.39407277472319 28.595821933312 18.2082327479348
1.94039858279905 15.1387883396748 -45.0401488657115 -2.40590337526739 28.6441808923084 18.2564786877954
1.95186635547727 15.1636065009636 -45.1208148505242 -2.41780297971751 28.6919858522263 18.3049481476967
1.96339979794341 15.1879632665152 -45.2005159753665 -2.42977128262125 28.739233931224 18.3536374991744
1.97499798414112 15.2118573934387 -45.2792467652601 -2.44180794720368 28.785922385943 18.4025429992216
1.98665996886908 15.2352877740312 -45.3570020114423 -2.45391260611701 28.8320486142099 18.4516607945486
1.99838478876111 15.2582534367273 -45.433776776038 -2.4660848622315 28.8776101576653 18.5009869259827
2.01017146329198 15.2807535469551 -45.5095663965686 -2.47832428946605 28.9226047043155 18.5505173330018
2.02201899580758 15.302787407897 -45.5843664902889 -2.49063043365726 28.9670300909983 18.600247858395
2.033926374578 15.3243544611505 -45.6581729583388 -2.50300281346543 29.0108843057588 18.6501742530428
2.04589257387177 15.3454542872866 -45.7309819897011 -2.51544092131578 29.0541654901266 18.7002921808091
2.05791655504956 15.3660866063033 -45.8027900649515 -2.52794422437309 29.0968719412888 18.7505972235361
2.06999726767529 15.38625127797 -45.8735939597911 -2.54051216554781 29.1390021141508 18.8010848861332
2.08213365064266 15.4059483020608 -45.943390748349 -2.5531441645312 29.1805546232793 18.8517506017495
2.09432463331458 15.4251778184737 -46.0121778062418 -2.56583961885727 29.2215282447173 18.9025897370184
2.10656913667317 15.4439401072322 -46.0799528133796 -2.57859790498873 29.261921917667 18.9535975973634
2.11886607447735 15.4622355883672 -46.1467137565034 -2.59141837942385 29.3017347460296 19.0047694323513
2.13121435442516 15.4800648216762 -46.2124589314434 -2.60430037982117 29.3409659997961 19.0561004410787
2.14361287931738 15.4974285063585 -46.2771869450836 -2.6172432261383 29.3796151162802 19.1075857775767
2.15606054821902 15.5143274805217 -46.3408967170205 -2.63024622178093 29.4176817011851 19.159220556218
2.16855625761485 15.5307627205613 -46.4035874809036 -2.64330865475817 29.4551655294971 19.2109998571077
2.18109890255541 15.5467353404091 -46.4652587854476 -2.65642979883976 29.4920665461988 19.2629187314427
2.19368737778962 15.5622465906521 -46.5259104951063 -2.66960891471124 29.5283848667953 19.3149722068215
2.20632057888022 15.577297857521 -46.5855427904016 -2.68284525112263 29.5641207776494 19.3671552924865
2.2189974032984 15.5918906617507 -46.6441561679016 -2.69613804602629 29.5992747361212 19.4194629844832
2.23171675149371 15.6060266573128 -46.701751439845 -2.70948652769982 29.6338473705091 19.4718902707177
2.24447752793558 15.6197076300258 -46.7583297334106 -2.72288991584929 29.6678394797919 19.5244321358969
2.25727864212283 15.6329354960446 -46.8138924896347 -2.73634742268888 29.7012520331711 19.5770835663336
2.27011900955838 15.6457123002357 -46.8684414619811 -2.74985825399316 29.734086169417 19.629839554606
2.28299755268733 15.6580402144438 -46.9219787145749 -2.76342161011992 29.7663431960227 19.6826951040608
2.29591320179809 15.6699215356543 -46.9745066201097 -2.77703668700267 29.7980245881731 19.7356452331604
2.30886489588665 15.6813586840584 -47.0260278574443 -2.79070267711277 29.8291319875362 19.7886849796729
2.32185158348475 15.6923542010246 -47.0765454088997 -2.80441877039155 29.8596672008842 19.8418094047078
2.3348722234525 15.7029107469838 -47.126062557272 -2.8181841551528 29.8896321985518 19.8950135966001
2.34792578573599 15.7130310992307 -47.174582882572 -2.83199801895591 29.9190291127393 19.948292674644
2.36101125209062 15.7227181496482 -47.2221102585062 -2.84585954945021 29.9478602356674 20.0016417926799
2.37412761677063 15.7319749023591 -47.26864884871 -2.85976793519071 29.9761280175909 20.0550561425354
2.38727388718559 15.7408044713093 -47.3142031027465 -2.87372236642571 30.0038350646785 20.1085309573238
2.40044908452431 15.7492100777876 -47.3587777518827 -2.88772203585666 30.0309841367646 20.162061514602
2.41365224434698 15.757195047887 -47.4023778046542 -2.90176613937068 30.0575781449804 20.2156431393903
2.42688241714589 15.7647628099106 -47.4450085422303 -2.91585387674607 30.0836201492712 20.2692712070561
2.44013866887559 15.7719168917274 -47.4866755135915 -2.92998445233126 30.1091133558049 20.322941146064
2.45342008145298 15.7786609180826 -47.5273845305283 -2.94415707569759 30.1340611142792 20.376648440595
2.46672575322793 15.7849986078645 -47.5671416624748 -2.95837096226629 30.1584669151332 20.4303886330368
2.48005479942515 15.7909337713344 -47.605953231185 -2.97262533391015 30.1823343866682 20.4841573263475
2.4934063525577 15.7964703073216 -47.6438258052643 -2.98691941953011 30.205667292086 20.5379501862951
2.5067795628131 15.8016122003875 -47.6807661945643 -3.00125245560739 30.2284695264476 20.5917629435755
2.52017359841217 15.8063635179638 -47.7167814444522 -3.01562368673144 30.2507451135595 20.6455913958113
2.53358764594174 15.8107284074661 -47.751878829963 -3.03003236610411 30.2724982027927 20.699431409433
2.54702091066132 15.8147110933883 -47.7860658498456 -3.04447775602053 30.2937330658395 20.7532789214461
2.56047261678472 15.8183158743805 -47.8193502205099 -3.05895912832704 30.3144540934126 20.8071299410857
2.57394200773702 15.8215471203126 -47.8517398698846 -3.07347576485664 30.3346657918933 20.8609805513612
2.58742834638746 15.8244092693288 -47.8832429311954 -3.08802695784235 30.3543727799314 20.9148269104934
2.60093091525898 15.8269068248945 -47.9138677366695 -3.10261201030882 30.3735797850031 20.9686652532462
2.61444901671488 15.8290443528385 -47.9436228111775 -3.11723023644277 30.3922916399313 21.0224918921562
2.62798197312322 15.8308264783945 -47.9725168658181 -3.1318809619425 30.4105132793722 21.0763032186606
2.64152912699954 15.8322578832439 -48.0005587914549 -3.14656352434702 30.4282497362727 21.1300957041274
2.65508984112847 15.8333433025625 -48.0277576522122 -3.1612772733451 30.4455061383036 21.1838659007902
2.66866349866477 15.834087522074 -48.0541226789372 -3.17602157106476 30.462287704272 21.2376104425886
2.68224950321446 15.8344953751126 -48.0796632626356 -3.1907957923435 30.4785997405162 21.2913260459172
2.69584727889646 15.8345717396975 -48.1043889478876 -3.2055993249798 30.4944476372894 21.3450095102867
2.70945627038542 15.8343215356205 -48.1283094262507 -3.22043156996619 30.509836865133 21.3986577188968
2.72307594293621 15.8337497215512 -48.1514345296564 -3.2352919417044 30.524772971245 21.4522676391253
2.73670578239072 15.8328612921586 -48.1737742238057 -3.25017986820286 30.5392615758469 21.5058363229351
2.7503452951673 15.8316612752551 -48.195338601571 -3.26509479125719 30.5533083685514 21.5593609072005
2.76399400823367 15.8301547289612 -48.2161378764093 -3.28003616661377 30.5669191047356 21.6128386139563
2.7776514690636 15.8283467388951 -48.2361823757923 -3.29500346411704 30.580099601922 21.6662667505707
2.79131724557794 15.8262424153888 -48.2554825346594 -3.30999616784092 30.5928557361704 21.719642709845
2.80499092607058 15.8238468907314 -48.2740488888985 -3.32501377620451 30.6051934384843 21.7729639700419
2.81867211911983 15.8211653164423 -48.2918920688591 -3.34005580207279 30.617118691234 21.8262280948445
2.83236045348564 15.8182028605749 -48.3090227929043 -3.35512177284249 30.6286375245989 21.8794327332484
2.84605557799332 15.8149647050542 -48.3254518610038 -3.37021123051355 30.6397560130336 21.9325756193886
2.85975716140408 15.8114560430468 -48.3411901483753 -3.38532373174672 30.6504802717568 21.9856545723037
2.87346489227308 15.8076820763676 -48.3562485991757 -3.4004588479074 30.6608164532697 22.038667495639
2.88717847879519 15.8036480129231 -48.3706382202488 -3.41561616509644 30.6707707439021 22.0916123772908
2.9008976486393 15.7993590641917 -48.3843700749319 -3.43079528416794 30.6803493603921 22.1444872889943
2.91462214877131 15.7948204427447 -48.3974552769256 -3.44599582073471 30.6895585464987 22.197290385856
2.92835174526649 15.790037359806 -48.4099049842303 -3.4612174051616 30.6984045696514 22.2500199058339
2.94208622311151 15.7850150228544 -48.4217303931531 -3.47645968254709 30.706893717637 22.302674169166
2.95582538599677 15.7797586332672 -48.4329427323882 -3.49172231269359 30.7150322953272 22.3552515777509
2.96956905609923 15.7742733840075 -48.4435532571741 -3.5070049700667 30.7228266214476 22.4077506144802
2.98331707385648 15.7685644573554 -48.4535732435301 -3.52230734374385 30.7302830253901 22.4601698425262
2.99706929773213 15.7626370226837 -48.4630139825757 -3.53762913735271 30.7374078440707 22.5125079045862
3.01082560397327 15.7564962342795 -48.471886774935 -3.55297006899963 30.7442074188334 22.564763522085
3.02458588636019 15.7501472292122 -48.4802029252292 -3.56832987118852 30.7506880924024 22.616935494338
3.03835005594888 15.7435951252475 -48.4879737366581 -3.58370829073049 30.7568562058837 22.6690226976759
3.05211804080665 15.7368450188092 -48.4952105056755 -3.59910508864464 30.7627180958175 22.7210240845331
3.06588978574132 15.7299019829896 -48.5019245167574 -3.61452004005022 30.7682800912819 22.7729386825021
3.07966525202432 15.7227710656066 -48.508127037268 -3.62995293405063 30.7735485110503 22.824765593354
3.0934444171081 15.7154572873111 -48.513829312423 -3.64540357360951 30.7785296608023 22.8765039920289
3.10722727433821 15.7079656397427 -48.5190425603531 -3.66087177541919 30.7832298303898 22.9281531255963
3.12101383266043 15.7003010837347 -48.523777967269 -3.67635736976194 30.7876552911588 22.9797123121866
3.13480411632329 15.6924685475691 -48.5280466827294 -3.69186020036429 30.7918122933283 23.031180939898
3.14859816457638 15.6844729252812 -48.5318598150127 -3.7073801242446 30.795707063426 23.0825584656768
3.1623960313647 15.6763190750142 -48.5352284265952 -3.72291701155446 30.7993458017833 23.1338444141752
3.17619778501942 15.6680118174243 -48.5381635297345 -3.73847074541387 30.8027346800876 23.1850383765876
3.19000350794552 15.6595559341351 -48.5406760821613 -3.75404122174083 30.805879838995 23.2361400094653
3.20381329630635 15.6509561662434 -48.5427769828792 -3.76962834907537 30.8087873858027 23.2871490335137
3.21762725970565 15.6422172128743 -48.5444770680737 -3.7852320483985 30.8114633921812 23.3380652323707
3.23144552086733 15.6333437297867 -48.5457871071303 -3.80085225294617 30.8139138919677 23.3888884513697
3.24526821531311 15.6243403280294 -48.5467177987639 -3.8164889080187 30.81614487902 23.4396185962873
3.25909549103857 15.6152115726467 -48.5472797672577 -3.83214197078584 30.8181623051319 23.4902556320782
3.2729275081877 15.6059619814335 -48.547483558814 -3.84781141008773 30.81997207801 23.5407995815968
3.28676443872633 15.5965960237412 -48.5473396380157 -3.86349720623205 30.8215800593118 23.5912505243091
3.30060646611465 15.5871181193316 -48.5468583843992 -3.87919935078764 30.8229920627459 23.6416085949936
3.31445378497918 15.5775326372812 -48.5460500891392 -3.89491784637477 30.8242138522335 23.691873982435
3.3283066007843 15.5678438949336 -48.544924951844 -3.91065270645234 30.8252511401319 23.7420469281095
3.34216512950371 15.5580561569006 -48.543493077463 -3.92640395510227 30.8261095855196 23.7921277248643
3.35602959729199 15.5481736341122 -48.5417644733048 -3.94217162681131 30.8267947925428 23.8421167155925
3.36990024015662 15.5382004829134 -48.5397490461658 -3.95795576625046 30.8273123088232 23.8920142919031
3.38377730363043 15.528140804209 -48.5374565995698 -3.97375642805226 30.827667623928 23.941820892789
3.39766104244502 15.517998642656 -48.5348968311176 -3.98957367658619 30.8278661678992 23.9915370032926
3.41155172020513 15.5077779859014 -48.532079329945 -4.00540758573233 30.8279133098454 24.0411631531706
3.42544960906424 15.4974827638672 -48.5290135742915 -4.02125823865356 30.8278143565927 24.0906999155593
3.43935498940168 15.4871168480804 -48.5257089291754 -4.03712572756648 30.8275745513964 24.1401479056405
3.45326814950129 15.4766840510485 -48.522174644178 -4.0530101535112 30.8271990727123 24.1895077793094
3.46718938523194 15.4661881256792 -48.5184198513333 -4.0689116261203 30.8266930330271 24.2387802318462
3.48111899973007 15.4556327647448 -48.514453563125 -4.08483026338706 30.8260614777477 24.2879659965902
3.49505730308437 15.4450216003891 -48.5102846705868 -4.10076619143319 30.8253093841486 24.3370658436196
3.50900461202282 15.4343582036784 -48.505921941509 -4.11671954427622 30.8244416603781 24.3860805784366
3.52296124960226 15.4236460841934 -48.5013740187459 -4.13269046359672 30.82346314452 24.4350110406576
3.53692754490059 15.4128886896639 -48.4966494186273 -4.14867909850559 30.8223786037142 24.4838581027121
3.55090383271182 15.4020894056441 -48.4917565294693 -4.16468560531147 30.8211927333313 24.5326226685483
3.56489045324401 15.391251555228 -48.4867036101862 -4.18071014728855 30.8199101562042 24.5813056723471
3.57888775182044 15.3803783988048 -48.4814987890005 -4.19675289444481 30.8185354219138 24.6299080772456
3.59289607858383 15.3694731338536 -48.4761500622501 -4.21281402329099 30.817073006129 24.6784308740708
3.60691578820409 15.3585388947757 -48.4706652932916 -4.22889371661032 30.8155273100001 24.7268750800823
3.6209472395894 15.3475787527651 -48.4650522114994 -4.24499216322919 30.813902659605 24.7752417377277
3.63499079560097 15.3365957157159 -48.4593184113568 -4.26110955778891 30.8122033054473 24.8235319134089
3.64904682277148 15.3255927281657 -48.4534713516402 -4.27724610051872 30.8104334220057 24.8717466962604
3.66311569102729 15.3145726712747 -48.4475183546937 -4.29340199701004 30.8085971073338 24.9198871969406
3.67719777341456 15.3035383628394 -48.4414666057927 -4.30957745799231 30.8066983827091 24.9679545464366
3.69129344582941 15.2924925573404 -48.4353231525958 -4.32577269911037 30.8047411923319 25.0159498948824
3.70540308675211 15.2814379460233 -48.4290949046823 -4.34198794070351 30.8027294030708 25.0638744103916
3.71952707698543 15.2703771570128 -48.4227886331746 -4.35822340758638 30.8006668042568 25.1117292779045
3.73366579939723 15.2593127554574 -48.4164109704446 -4.3744793288318 30.7985571075221 25.1595156980506
3.74781963866745 15.2482472437064 -48.4099684099001 -4.39075593755564 30.7964039466858 25.2072348860266
3.7619889810393 15.2371830615158 -48.4034673058529 -4.40705347070372 30.7942108776832 25.2548880704898
3.77617421407507 15.226122586285 -48.3969138734642 -4.42337216884108 30.7919813785391 25.3024764924688
3.79037572641636 15.2150681333215 -48.3903141887674 -4.4397122759434 30.7897188493838 25.3500014042899
3.80459390754882 15.2040219561333 -48.3836741887656 -4.45607403919092 30.7874266125107 25.3974640685203
3.81882914757159 15.1929862467491 -48.3769996716028 -4.47245770876484 30.7851079124755 25.44486575693
3.83308183697129 15.1819631360644 -48.3702962968071 -4.48886353764618 30.7827659162345 25.4922077494692
3.84735236640078 15.1709546942139 -48.363569585604 -4.50529178141738 30.7804037133227 25.5394913332649
3.86164112646253 15.1599629309676 -48.3568249212978 -4.52174269806657 30.7780243160696 25.5867178016351
3.87594850749688 15.1489897961521 -48.3500675497206 -4.53821654779453 30.7756306598522 25.6338884531212
3.89027489937496 15.1380371800948 -48.3433025797452 -4.55471359282465 30.773225603385 25.6810045905388
3.90462069129649 15.1271069140904 -48.336534983863 -4.57123409721556 30.7708119290439 25.7280675200474
3.91898627159231 15.1162007708898 -48.3297695988218 -4.58777832667694 30.7683923432258 25.7750785502386
3.93337202753188 15.1053204652092 -48.3230111263253 -4.60434654838816 30.7659694767413 25.8220389912435
3.94777834513549 15.0944676542604 -48.3162641337894 -4.62093903082001 30.7635458852389 25.868950153859
3.96220560899143 15.0836439382998 -48.3095330551563 -4.63755604355962 30.7611240496624 25.9158133486937
3.97665420207797 15.0728508611967 -48.3028221917629 -4.65419785713836 30.7587063767374 25.9626298853327
3.9911245055902 15.0620899110195 -48.2961357132621 -4.67086474286306 30.756295199488 26.0094010715219
4.00561689877175 15.0513625206391 -48.2894776585961 -4.68755697265036 30.7538927777829 26.0561282123719
4.0201317587514 15.0406700683489 -48.2828519370193 -4.70427481886431 30.7515012989075 26.1028126095817
4.0346694603844 15.0300138785009 -48.2762623291696 -4.72101855415731 30.7491228781646 26.1494555606813
4.04923037609883 15.019395222156 -48.2697124881852 -4.73778845131427 30.7467595595003 26.1960583582947
4.06381487574659 15.0088153177504 -48.2632059408673 -4.75458478310013 30.7444133161541 26.2426222894218
4.07842332645933 14.9982753317739 -48.2567460888853 -4.77140782211078 30.7420860513345 26.2891486347405
4.09305609250905 14.9877763794621 -48.2503362100234 -4.78825784062723 30.7397795989162 26.3356386679283
4.10771353517357 14.9773195255012 -48.2439794594674 -4.80513511047328 30.7374957241609 26.3820936550031
4.12239601260667 14.9669057847434 -48.2376788711291 -4.82203990287649 30.7352361244579 26.428514853684
4.1371038797129 14.9565361229346 -48.2314373590078 -4.83897248833264 30.7330024300868 26.4749035127716
4.15183748802717 14.946211457451 -48.2252577185866 -4.85593313647348 30.7307962049979 26.5212608715472
4.16659718559891 14.9359326580463 -48.2191426282617 -4.87292211593804 30.7286189476126 26.5675881591923
4.18138331688083 14.9257005476075 -48.2130946508041 -4.88993969424725 30.7264720916408 26.6138865942264
4.19619622262229 14.9155159029191 -48.2071162348512 -4.90698613768201 30.7243570069154 26.6601573839647
4.21103623976719 14.9053794554351 -48.2012097164271 -4.92406171116473 30.7222750002429 26.7064017239947
4.22590370135632 14.8952918920577 -48.1953773204901 -4.94116667814414 30.7202273162688 26.7526207976714
4.24079893643419 14.8852538559233 -48.1896211625058 -4.95830130048369 30.7182151383576 26.7988157756318
4.25572226996027 14.8752659471933 -48.1839432500447 -4.9754658383532 30.7162395894865 26.8449878153281
4.2706740227245 14.8653287238509 -48.1783454844022 -4.99266055012395 30.7143017331511 26.8911380605791
4.2856545112672 14.8554427025026 -48.1728296622398 -5.00988569226717 30.7124025742837 26.9372676411403
4.30066404780322 14.8456083591835 -48.1673974772461 -5.02714151925583 30.7105430601819 26.9833776722923
4.31570294015021 14.8358261301664 -48.1620505218169 -5.0444282834698 30.7087240814485 27.029469254447
4.33077149166116 14.8260964127738 -48.1567902887512 -5.06174623510437 30.7069464729398 27.0755434727718
4.3458700011609 14.8164195661925 -48.1516181729637 -5.07909562208199 30.7052110147231 27.1216013968321
4.36099876288674 14.80679591229 -48.1465354732116 -5.09647668996735 30.7035184330426 27.1676440802501
4.37615806643308 14.7972257364325 -48.1415433938334 -5.11388968188572 30.7018694012919 27.2136725603821
4.39134819669984 14.7877092883038 -48.1366430465008 -5.13133483844449 30.7002645409933 27.2596878580125
4.40656943384489 14.7782467827244 -48.1318354519799 -5.14881239765794 30.6987044227829 27.3056909770644
4.42182205324016 14.7688384004709 -48.1271215419022 -5.16632259487515 30.6971895674006 27.3516829043275
4.43710632543156 14.7594842890948 -48.1225021605428 -5.18386566271113 30.695720446685 27.3976646092021
4.45242251610256 14.7501845637399 -48.1179780666061 -5.20144183098099 30.6942974845716 27.4436370434592
4.46777088604134 14.7409393079589 -48.1135499350163 -5.21905132663724 30.6929210580938 27.4896011410171
4.48315169111152 14.7317485745278 -48.1092183587127 -5.2366943737101 30.6915914983875 27.5355578177335
4.49856518222639 14.7226123862578 -48.1049838504482 -5.25437119325089 30.6903090916961 27.5815079712131
4.51401160532651 14.7135307368049 -48.1008468445893 -5.27208200327834 30.6890740803772 27.6274524806305
4.52949120136068 14.7045035914761 -48.0968076989177 -5.2898270187279 30.6878866639105 27.6733922065682
4.54500420627017 14.6955308880321 -48.0928666964315 -5.30760645140386 30.6867469999045 27.7193279908696
4.56055085097622 14.6866125374861 -48.0890240471455 -5.32542050993447 30.6856552051034 27.765260656506
4.5761313613706 14.6777484248985 -48.0852798898893 -5.34326939972979 30.6846113563925 27.8111910074583
4.59174595830931 14.6689384101666 -48.0816342941017 -5.36115332294236 30.6836154918019 27.8571198286128
4.60739485760927 14.6601823288098 -48.0780872616222 -5.37907247843061 30.682667611508 27.9030478856703
4.62307827004794 14.651479992749 -48.074638728476 -5.397027061725 30.6817676788321 27.948975925069
4.63879640136582 14.6428311910805 -48.0712885666542 -5.41501726499676 30.6809156212355 27.9949046739203
4.65454945227174 14.6342356908441 -48.0680365858865 -5.43304327702932 30.680111331311 28.0408348399582
4.67033761845089 14.6256932377848 -48.0648825354064 -5.45110528319226 30.6793546677702 28.0867671115006
4.6861610905755 14.6172035571077 -48.0618261057076 -5.46920346541781 30.6786454564259 28.1327021574234
4.70202005431811 14.6087663542265 -48.0588669302915 -5.48733800217983 30.6779834911687 28.1786406271463
4.71791469036741 14.6003813155045 -48.0560045874035 -5.50550906847522 30.6773685349389 28.2245831506314
4.73384517444643 14.5920481089884 -48.0532386017598 -5.52371683580773 30.6768003206918 28.2705303383918
4.74981167733321 14.5837663851343 -48.050568446261 -5.54196147217409 30.6762785523561 28.3164827815133
4.76581436488374 14.5755357775257 -48.0479935436942 -5.5602431420525 30.675802905786 28.3624410516853
4.78185339805715 14.5673559035841 -48.0455132684217 -5.57856200639326 30.6753730297057 28.4084057012437
4.79792893294305 14.5592263652703 -48.0431269480556 -5.59691822261171 30.6749885466461 28.4543772632239
4.81404112079105 14.5511467497776 -48.0408338651188 -5.61531194458329 30.6746490538735 28.5003562514235
4.83019010804223 14.5431166302165 -48.0386332586897 -5.63374332264063 30.6743541243099 28.5463431604755
4.84637603636265 14.5351355662897 -48.036524326032 -5.65221250357281 30.6741033074447 28.5923384659305
4.86259904267869 14.527203104959 -48.0345062242083 -5.67071963062658 30.673896130237 28.638342624349
4.87885925921434 14.5193187811021 -48.0325780716766 -5.68926484350951 30.6737320980087 28.6843560734019
4.89515681353013 14.5114821181602 -48.030738949869 -5.7078482783951 30.6736106953281 28.7303792319802
4.91149182856387 14.5036926287759 -48.0289879047538 -5.72647006792971 30.673531386883 28.7764125003132
4.92786442267294 14.4959498154216 -48.0273239483779 -5.74513034124134 30.6734936183443 28.822456260095
4.94427470967824 14.4882531710181 -48.0257460603911 -5.76382922395018 30.6734968172181 28.8685108746185
4.96072279890957 14.4806021795421 -48.0242531895512 -5.78256683818079 30.6735403936883 28.9145766889174
4.97720879525252 14.4729963166255 -48.0228442552091 -5.80134330257609 30.6736237414469 28.9606540299158
4.99373279919667 14.4654350501427 -48.0215181487738 -5.82015873231284 30.6737462385144 29.0067432065844
5.01029490688519 14.4579178407882 -48.0202737351572 -5.83901323911874 30.6739072480476 29.0528445101042
5.02689521016564 14.4504441426444 -48.0191098541983 -5.85790693129109 30.6741061191364 29.098958214036
5.043533796642 14.4430134037379 -48.0180253220652 -5.87683991371686 30.674342187589 29.1450845744972
5.06021074972777 14.4356250665856 -48.0170189326373 -5.8958122878942 30.6746147767046 29.1912238303439
5.07692614870023 14.4282785687306 -48.0160894588642 -5.9148241519554 30.674923198034 29.2373762033592
5.09368006875569 14.4209733432666 -48.0152356541035 -5.93387560069104 30.6752667521286 29.2835418984471
5.11047258106566 14.4137088193522 -48.0144562534357 -5.95296672557558 30.6756447292757 29.3297211038317
5.12730375283398 14.4064844227144 -48.0137499749573 -5.97209761479409 30.6760564102228 29.3759139912608
5.14417364735471 14.3992995761404 -48.0131155210507 -5.99126835327019 30.6765010668876 29.422120716216
5.16108232407092 14.3921536999601 -48.0125515796309 -6.01047902269517 30.6769779630567 29.4683414181252
5.17802983863414 14.385046212516 -48.01205682537 -6.02972970155814 30.6774863550699 29.5145762205815
5.19501624296448 14.3779765306235 -48.0116299208974 -6.04902046517734 30.6780254924929 29.5608252315646
5.21204158531144 14.3709440700201 -48.0112695179774 -6.06835138573236 30.678594618776 29.6070885436674
5.22910591031521 14.3639482458029 -48.0109742586627 -6.08772253229737 30.6791929719 29.6533662343248
5.24620925906859 14.3569884728561 -48.0107427764245 -6.10713397087528 30.6798197850089 29.6996583660476
5.2633516691793 14.3500641662676 -48.0105736972591 -6.12658576443277 30.6804742870292 29.7459649866581
5.28053317483275 14.3431747417341 -48.0104656407701 -6.14607797293612 30.681155703276 29.7922861295295
5.29775380685519 14.3363196159557 -48.0104172212273 -6.16561065338794 30.6818632560459 29.8386218138279
5.31501359277717 14.3294982070205 -48.0104270486013 -6.18518385986449 30.6825961651961 29.8849720447568
5.33231255689729 14.3227099347767 -48.0104937295744 -6.20479764355387 30.6833536487108 29.9313368138038
5.34965072034615 14.3159542211959 -48.0106158685274 -6.22445205279478 30.6841349232536 29.9777160989898
5.36702810115058 14.3092304907243 -48.0107920685027 -6.24414713311594 30.6849392047066 30.0241098651198
5.38444471429791 14.3025381706243 -48.0110209321429 -6.26388292727611 30.6857657086968 30.0705180640354
5.40190057180039 14.2958766913046 -48.0113010626061 -6.28365947530464 30.6866136511081 30.116940634869
5.41939568275969 14.2892454866408 -48.0116310644571 -6.30347681454256 30.6874822485808 30.1633775042995
5.43693005343139 14.2826439942849 -48.0120095445349 -6.32333497968411 30.6883707189974 30.2098285868089
5.45450368728945 14.2760716559643 -48.012435112796 -6.34323400281875 30.6892782819551 30.2562937849395
5.47211658509063 14.2695279177718 -48.0129063831345 -6.36317391347353 30.6902041592255 30.302772989553
5.48976874493883 14.2630122304435 -48.013421974179 -6.38315473865584 30.6911475752007 30.349266080089
5.50746016234926 14.2565240496282 -48.0139805100649 -6.40317650289651 30.6921077573264 30.3957729248247
5.52519083031246 14.2500628361461 -48.0145806211846 -6.42323922829319 30.6930839365221 30.4422933811346
5.54296073935812 14.2436280562376 -48.0152209449136 -6.44334293455394 30.6940753475882 30.4888272957504
5.56076987761864 14.2372191818024 -48.015900126314 -6.46348763904118 30.6950812296001 30.5353745050208
5.57861823089246 14.2308356906289 -48.016616818815 -6.48367335681569 30.69610082629 30.5819348351708
5.59650578270701 14.2244770666137 -48.0173696848707 -6.50390010068085 30.6971333864152 30.6285081025616
5.61443251438141 14.2181427999722 -48.0181573965951 -6.52416788122701 30.6981781641146 30.6750941139487
5.63239840508874 14.2118323874391 -48.0189786363747 -6.54447670687595 30.699234419252 30.7216926667401
5.65040343191797 14.2055453324601 -48.0198320974593 -6.56482658392537 30.7003014177474 30.768303549254
5.66844756993537 14.1992811453742 -48.0207164845303 -6.58521751659354 30.7013784318958 30.8149265409745
5.68653079224562 14.1930393435872 -48.0216305142475 -6.60564950706379 30.7024647406738 30.8615614128075
5.70465307005227 14.186819451736 -48.0225729157742 -6.62612255552917 30.7035596300344 30.9082079273345
5.72281437271786 14.1806210018441 -48.0235424312806 -6.64663666023691 30.7046623931894 30.9548658390653
5.74101466782338 14.1744435334686 -48.024537816427 -6.66719181753295 30.7057723308804 31.0015348946895
5.75925392122727 14.1682865938389 -48.0255578408247 -6.68778802190622 30.706888751638 31.0482148333262
5.7775320971238 14.1621497379862 -48.0266012884776 -6.70842526603297 30.708010972029 31.0949053867722
5.79584915810086 14.1560325288654 -48.0276669582026 -6.72910354082081 30.709138316893 31.1416062797482
5.81420506519714 14.1499345374687 -48.0287536640299 -6.74982283545268 30.7102701195671 31.1883172301432
5.83259977795869 14.1438553429311 -48.0298602355837 -6.7705831374306 30.7114057220996 31.2350379492574
5.8510332544948 14.137794532628 -48.0309855184432 -6.79138443261916 30.7125444754531 31.2817681420417
5.8695054515332 14.1317517022651 -48.0321283744837 -6.81222670528886 30.713685739696 31.328507507337
5.8880163244746 14.1257264559609 -48.0332876821996 -6.83310993815913 30.7148288841842 31.3752557381089
5.90656582744648 14.1197184063212 -48.0344623370079 -6.8540341124411 30.7159732877321 31.4220125216822
5.92515391335621 14.1137271745072 -48.0356512515335 -6.87499920788007 30.7171183387722 31.4687775399716
5.94378053394337 14.1077523902952 -48.0368533558758 -6.89600520279765 30.7182634355064 31.5155504697101
5.96244563983139 14.1017936921307 -48.0380675978582 -6.91705207413356 30.7194079860454 31.5623309826753
5.98114918057834 14.0958507271742 -48.0392929432592 -6.93813979748717 30.7205514085398 31.6091187459124
5.99989110472699 14.0899231513412 -48.040528376027 -6.95926834715849 30.7216931313001 31.6559134219551
6.01867135985412 14.0840106293357 -48.041772898476 -6.98043769618899 30.7228325929086 31.7027146690427
6.03748989261892 14.0781128346762 -48.0430255314676 -7.00164781640181 30.7239692423206 31.7495221413358
6.05634664881068 14.0722294497165 -48.0442853145742 -7.02289867844175 30.7251025389577 31.7963354891272
6.07524157339561 14.0663601656601 -48.0455513062269 -7.04419025181464 30.726231952791 31.8431543590516
6.09417461056285 14.0605046825681 -48.0468225838479 -7.06552250492642 30.7273569644162 31.8899783942912
6.11314570376961 14.0546627093616 -48.0480982439673 -7.0868954051217 30.7284770651198 31.9368072347781
6.13215479578553 14.0488339638189 -48.0493774023245 -7.10830891872182 30.7295917569368 31.9836405173947
6.15120182873609 14.0430181725657 -48.0506591939548 -7.12976301106245 30.7307005527004 32.0304778761693
6.1702867441453 14.0372150710616 -48.0519427732624 -7.15125764653074 30.731802976083 32.0773189424696
6.18940948297737 14.0314244035802 -48.0532273140777 -7.17279278860191 30.7328985616297 32.1241633451927
6.20856998567765 14.0256459231843 -48.0545120097023 -7.19436839987533 30.7339868547845 32.1710107109517
6.22776819221262 14.0198793916962 -48.0557960729391 -7.21598444211009 30.7350674119078 32.2178606642589
6.24700404210901 14.0141245796635 -48.0570787361108 -7.23764087626003 30.7361398002875 32.2647128277054
6.26627747449209 14.0083812663195 -48.0583592510634 -7.25933766250823 30.7372035981422 32.3115668221382
6.28558842812304 14.0026492395397 -48.0596368891596 -7.28107476030095 30.7382583946183 32.3584222668329
6.30493684143546 13.9969282957932 -48.0609109412578 -7.30285212838099 30.7393037897791 32.4052787796635
6.32432265257099 13.9912182400909 -48.0621807176805 -7.32466972482051 30.740339394588 32.4521359772683
6.34374579941403 13.9855188859284 -48.0634455481708 -7.34652750705328 30.741364830885 32.4989934752131
6.36320621962564 13.9798300552257 -48.0647047818373 -7.3684254319063 30.742379731357 32.54585088815
6.38270385067648 13.9741515782625 -48.0659577870887 -7.39036345563091 30.7433837395018 32.5927078299733
6.40223862987894 13.9684832936107 -48.067203951557 -7.41234153393326 30.7443765095861 32.6395639139718
6.42181049441836 13.9628250480619 -48.0684426820112 -7.43435962200421 30.745357706598 32.6864187529774
6.44141938138335 13.9571766965531 -48.0696734042602 -7.45641767454862 30.7463270061938 32.7332719595103
6.46106522779533 13.9515381020876 -48.0708955630466 -7.47851564581404 30.7472840946392 32.7801231459206
6.48074797063706 13.9459091356539 -48.0721086219313 -7.50065348961881 30.7482286687455 32.8269719245267
6.50046754688046 13.9402896761408 -48.073312063168 -7.52283115937956 30.7491604358002 32.8738179077498
6.52022389351346 13.9346796102497 -48.0745053875703 -7.54504860813806 30.750079113494 32.9206607082448
6.54001694756602 13.9290788324049 -48.0756881143691 -7.56730578858748 30.7509844298411 32.9674999390284
6.55984664613532 13.9234872446599 -48.076859781063 -7.58960265309808 30.7518761230968 33.0143352136028
6.57971292641012 13.9179047566024 -48.0780199432601 -7.61193915374223 30.7527539416695 33.0611661460767
6.59961572569418 13.9123312852561 -48.0791681745123 -7.63431524231884 30.753617644029 33.1079923512822
6.61955498142902 13.9067667549807 -48.0803040661428 -7.65673087037717 30.7544669986108 33.1548134448886
6.63953063121565 13.9012110973694 -48.081427227066 -7.67918598924006 30.7553017837158 33.2016290435128
6.65954261283567 13.8956642511445 -48.0825372836014 -7.7016805500265 30.7561217874073 33.248438764826
6.67959086427141 13.8901261620514 -48.0836338792808 -7.72421450367361 30.7569268074037 33.2952422276573
6.69967532372536 13.8845967827498 -48.0847166746492 -7.74678780095805 30.7577166509678 33.3420390520936
6.71979592963876 13.8790760727047 -48.08578534706 -7.76940039251674 30.7584911347933 33.3888288595764
6.73995262070941 13.8735639980742 -48.0868395904651 -7.79205222886707 30.7592500848876 33.4356112729954
6.76014533590869 13.8680605315973 -48.0878791151992 -7.81474326042643 30.759993336452 33.4823859167783
6.78037401449784 13.8625656524789 -48.088903647759 -7.83747343753116 30.7607207337592 33.5291524169775
6.80063859604344 13.857079346275 -48.0899129305782 -7.86024271045497 30.7614321300277 33.5759104013541
6.82093902043215 13.8516016047757 -48.0909067217976 -7.88305102942665 30.7621273872942 33.6226594994579
6.84127522788471 13.8461324258872 -48.091884795031 -7.90589834464729 30.7628063762828 33.6693993427044
6.86164715896921 13.8406718135136 -48.0928469391276 -7.92878460630686 30.7634689762735 33.7161295644491
6.88205475461364 13.8352197774372 -48.0937929579299 -7.95170976460024 30.7641150749665 33.7628498000583
6.9024979561177 13.8297763331981 -48.0947226700289 -7.97467376974263 30.7647445683467 33.8095596869765
6.92297670516393 13.8243415019731 -48.0956359085153 -7.99767657198447 30.7653573605447 33.8562588647917
6.94349094382813 13.8189153104546 -48.0965325207287 -8.02071812162567 30.7659533636972 33.9029469752965
6.96404061458913 13.8134977907282 -48.0974123680029 -8.04379836902944 30.766532497805 33.9496236625471
6.98462566033786 13.8080889801505 -48.0982753254096 -8.0669172646354 30.7670946905905 33.996288572919
7.00524602438573 13.8026889212263 -48.0991212814992 -8.09007475897224 30.7676398773531 34.0429413551601
7.02590165047245 13.7972976614859 -48.09995013804 -8.11327080266982 30.7681680008238 34.0895816604401
7.04659248277313 13.7919152533615 -48.1007618097551 -8.13650534647072 30.7686790110189 34.1362091423985
7.06731846590479 13.7865417540646 -48.101556224058 -8.15977834124125 30.7691728650919 34.1828234571881
7.08807954493224 13.7811772254629 -48.1023333207863 -8.18308973798197 30.769649527186 34.2294242635176
7.10887566537338 13.775821733957 -48.1030930519348 -8.20643948783765 30.7701089682847 34.2760112226896
7.12970677320386 13.7704753503576 -48.103835381387 -8.22982754210678 30.7705511660624 34.3225839986378
7.15057281486124 13.7651381497632 -48.1045602846462 -8.25325385225047 30.770976104734 34.3691422579602
7.17147373724849 13.7598102114377 -48.1052677485653 -8.27671836990097 30.771383774905 34.4156856699503
7.19240948773703 13.7544916186887 -48.1059577710771 -8.30022104686963 30.7717741734205 34.4622139066258
7.2133800141691 13.7491824587457 -48.1066303609232 -8.32376183515443 30.772147303214 34.508726642755
7.23438526485974 13.7438828226396 -48.1072855373839 -8.34734068694695 30.7725031731573 34.5552235558801
7.25542518859818 13.7385928050821 -48.1079233300072 -8.37095755463897 30.7728417979087 34.6017043263389
7.27649973464865 13.7333125043466 -48.1085437783387 -8.39461239082857 30.7731631977628 34.6481686372837
7.29760885275089 13.7280420221483 -48.1091469316515 -8.41830514832576 30.7734673984995 34.6946161746981
7.31875249311993 13.7227814635269 -48.1097328486771 -8.44203578015771 30.7737544312341 34.7410466274115
7.33993060644563 13.7175309367289 -48.1103015973364 -8.46580423957351 30.774024332267 34.7874596871115
7.36114314389159 13.712290553091 -48.1108532544721 -8.48961048004855 30.7742771429348 34.8338550483538
7.38239005709371 13.7070604269244 -48.1113879055819 -8.51345445528843 30.7745129094608 34.8802324085707
7.40367129815827 13.7018406754006 -48.1119056445529 -8.53733611923248 30.7747316828074 34.926591468077
7.4249868196596 13.6966314184374 -48.1124065733972 -8.5612554260569 30.7749335185279 34.9729319300739
7.44633657463735 13.6914327785868 -48.1128908019891 -8.58521233017749 30.7751184766207 35.0192535006513
7.46772051659333 13.686244880923 -48.1133584478037 -8.60920678625204 30.7752866213824 35.0655558887879
7.48913859948802 13.6810678529326 -48.1138096356573 -8.63323874918222 30.7754380212638 35.1118388063496
7.51059077773663 13.6759018244054 -48.1142444974495 -8.65730817411529 30.7755727487252 35.158101968086
7.53207700620488 13.6707469273263 -48.1146631719075 -8.68141501644528 30.7756908800943 35.2043450916253
7.55359724020432 13.6656032957691 -48.1150658043319 -8.70555923181396 30.7757924954236 35.2505678974674
7.57515143548745 13.660471065791 -48.1154525463452 -8.72974077611135 30.7758776783507 35.2967701089749
7.59673954824237 13.6553503753287 -48.1158235556424 -8.75395960547601 30.7759465159586 35.3429514523637
7.61836153508725 13.6502413640957 -48.1161789957435 -8.77821567629494 30.7759990986377 35.3891116566907
7.64001735306436 13.6451441734814 -48.1165190357494 -8.80250894520318 30.7760355199491 35.4352504538403
7.66170695963391 13.640058946451 -48.1168438500993 -8.82683936908311 30.77605587649 35.4813675785105
7.68343031266758 13.6349858274477 -48.1171536183314 -8.85120690506346 30.7760602677591 35.5274627681957
7.70518737044171 13.6299249622951 -48.117448524846 -8.87561151051804 30.7760487960249 35.5735357631703
7.72697809163039 13.6248764981028 -48.117728758672 -8.90005314306417 30.7760215661949 35.6195863064686
7.74880243529809 13.619840583172 -48.117994513235 -8.92453176056087 30.7759786856867 35.6656141438657
7.77066036089226 13.6148173669032 -48.1182459861298 -8.94904732110677 30.7759202643003 35.7116190238554
7.79255182823554 13.6098069997062 -48.1184833788952 -8.97359978303776 30.7758464140922 35.757600697628
7.81447679751785 13.6048096329101 -48.1187068967915 -8.99818910492443 30.775757249252 35.8035589190463
7.83643522928824 13.5998254186766 -48.1189167485822 -9.02281524556923 30.7756528859795 35.8494934446211
7.85842708444653 13.5948545099137 -48.119113146318 -9.04747816400348 30.7755334423646 35.8954040334849
7.88045232423481 13.5898970601914 -48.1192963051245 -9.07217781948407 30.7753990382683 35.9412904473651
7.90251091022871 13.5849532236594 -48.119466442993 -9.09691417149002 30.7752497952062 35.9871524505562
7.92460280432857 13.5800231549659 -48.1196237805748 -9.12168717971882 30.7750858362332 36.032989809891
7.94672796875038 13.5751070091785 -48.1197685409791 -9.14649680408258 30.7749072858308 36.0788022947106
7.96888636601662 13.5702049417063 -48.1199009495736 -9.17134300470398 30.7747142697958 36.1245896768342
7.99107795894695 13.5653171082243 -48.1200212337899 -9.19622574191208 30.7745069151311 36.1703517305273
8.01330271064883 13.5604436645989 -48.120129622931 -9.22114497623792 30.7742853499384 36.21608823247
8.03556058450788 13.5555847668155 -48.1202263479833 -9.24610066841002 30.7740497033133 36.2617989617239
8.05785154417831 13.5507405709072 -48.1203116414319 -9.27109277934965 30.7738001052416 36.3074836996986
8.0801755535731 13.5459112328864 -48.1203857370797 -9.29612127016604 30.7735366864986 36.3531422301173
8.10253257685421 13.5410969086764 -48.1204488698695 -9.3211861021514 30.7732595785495 36.3987743389823
8.12492257842259 13.5362977540463 -48.1205012757109 -9.34628723677584 30.7729689134526 36.4443798145395
8.14734552290823 13.5315139245465 -48.1205431913097 -9.37142463568211 30.7726648237638 36.4899584472425
8.16980137516005 13.5267455754465 -48.1205748540018 -9.39659826068037 30.7723474424441 36.5355100297161
8.19229010023583 13.521992861674 -48.1205965015903 -9.42180807374268 30.7720169027681 36.5810343567195
8.21481166339197 13.5172559377561 -48.1206083721868 -9.44705403699747 30.7716733382356 36.6265312251091
8.23736603007333 13.5125349577617 -48.1206107040562 -9.47233611272401 30.7713168824846 36.6720004338006
8.25995316590296 13.5078300752459 -48.1206037354649 -9.49765426334662 30.7709476692065 36.7174417837311
8.28257303667184 13.503141443196 -48.1205877045335 -9.52300845142893 30.7705658320636 36.762855077821
8.30522560832857 13.4984692139791 -48.1205628490922 -9.54839863966806 30.7701715046084 36.8082401209348
8.32791084696909 13.4938135392914 -48.1205294065411 -9.57382479088866 30.7697648202054 36.8535967198426
8.35062871882636 13.4891745701094 -48.1204876137135 -9.59928686803698 30.7693459119546 36.8989246831808
8.37337919026005 13.4845524566418 -48.1204377067425 -9.62478483417486 30.7689149126168 36.944223821413
8.39616222774625 13.4799473482844 -48.120379920933 -9.65031865247367 30.7684719545419 36.9894939467902
8.4189777978672 13.4753593935755 -48.120314490635 -9.67588828620819 30.7680171695987 37.0347348733114
8.44182586730105 13.4707887401534 -48.120241649123 -9.70149369875055 30.7675506891064 37.079946416684
8.46470640281156 13.4662355347151 -48.120161628477 -9.72713485356402 30.7670726437686 37.1251283942835
8.48761937123801 13.4616999229776 -48.1200746594689 -9.75281171419688 30.7665831636097 37.1702806251144
8.51056473948496 13.4571820496389 -48.1199809714512 -9.77852424427625 30.7660823779125 37.2154029297696
8.53354247451217 13.4526820583426 -48.1198807922501 -9.80427240750188 30.7655704151582 37.2604951303911
8.55655254332456 13.4482000916427 -48.1197743480618 -9.83005616763998 30.7650474029688 37.30555705063
8.57959491296221 13.44373629097 -48.1196618633526 -9.85587548851704 30.7645134680508 37.3505885156064
8.60266955049037 13.4392907966006 -48.1195435607625 -9.88173033401365 30.7639687361412 37.3955893518704
8.62577642298967 13.4348637476255 -48.119419661012 -9.90762066805836 30.7634133319556 37.4405593873621
8.64891549754625 13.4304552819216 -48.1192903828131 -9.93354645462153 30.7628473791381 37.4854984513719
8.67208674124207 13.4260655361243 -48.1191559427832 -9.95950765770922 30.7622710002129 37.530406374502
8.69529012114528 13.4216946456013 -48.119016555362 -9.98550424135711 30.7616843165386 37.5752829886264
8.71852560430062 13.4173427444282 -48.1188724327334 -10.0115361696244 30.7610874482632 37.6201281268527
8.74179315772 13.4130099653649 -48.1187237847485 -10.037603406588 30.760480514282 37.6649416234828
8.7650927483731 13.408696439834 -48.1185708188542 -10.0637059163361 30.7598636321968 37.7097233139749
8.78842434317812 13.4044022979002 -48.1184137400232 -10.0898436629629 30.7592369182775 37.7544730349051
8.81178790899254 13.4001276682507 -48.1182527506883 -10.1160166105622 30.7586004874244 37.7991906239293
8.83518341260412 13.3958726781778 -48.1180880506801 -10.1422247232218 30.7579544531337 37.8438759197457
8.85861082072194 13.3916374535617 -48.1179198371668 -10.1684679650178 30.7572989274637 37.8885287620578
8.88207009996749 13.3874221188555 -48.1177483045978 -10.1947463000087 30.7566340210034 37.9331489915365
8.90556121686598 13.3832267970708 -48.117573644651 -10.2210596922299 30.7559598428423 37.9777364497845
8.9290841378377 13.3790516097648 -48.1173960461818 -10.2474081056884 30.7552765005421 38.0222909792992
8.95263882918954 13.3748966770284 -48.1172156951758 -10.2737915043567 30.7545841001106 38.0668124234371
8.97622525710661 13.370762117476 -48.117032774705 -10.3002098521679 30.7538827459764 38.1113006263782
8.99984338764399 13.3666480482354 -48.1168474648856 -10.3266631130103 30.7531725409653 38.1557554330907
9.02349318671857 13.36255458494 -48.1166599428401 -10.3531512507219 30.7524535862796 38.2001766892965
9.04717462010115 13.3584818417213 -48.116470382661 -10.3796742290853 30.7517259814767 38.2445642414368
9.07088765340847 13.3544299312031 -48.1162789553779 -10.4062320118231 30.7509898244515 38.2889179366381
9.09463225209558 13.3503989644957 -48.1160858289275 -10.4328245625921 30.7502452114191 38.3332376226789
9.11840838144821 13.3463890511924 -48.1158911681258 -10.4594518449789 30.7494922368987 38.3775231479568
9.1422160065753 13.3424002993665 -48.1156951346427 -10.4861138224952 30.7487309937005 38.421774361456
9.16605509240173 13.3384328155687 -48.1154978869804 -10.5128104585727 30.7479615729119 38.465991112715
9.18992560366112 13.3344867048266 -48.1152995804527 -10.5395417165588 30.7471840638873 38.5101732517954
9.21382750488882 13.3305620706438 -48.1151003671681 -10.5663075597117 30.7463985542374 38.5543206292509
9.237760760415 13.3266590150014 -48.1149003960144 -10.5931079511966 30.7456051298212 38.5984330960965
9.26172533435795 13.3227776383591 -48.1146998126465 -10.6199428540808 30.7448038747386 38.6425105037789
9.28572119061745 13.3189180396581 -48.1144987594757 -10.6468122313298 30.7439948713246 38.6865527041465
9.30974829286831 13.3150803163238 -48.1142973756619 -10.6737160458032 30.7431782001444 38.7305595494211
9.33380660455412 13.3112645642707 -48.1140957971076 -10.7006542602503 30.7423539399907 38.7745308921688
9.35789608888104 13.3074708779069 -48.1138941564544 -10.7276268373068 30.7415221678807 38.8184665852726
9.3820167088118 13.30369935014 -48.1136925830815 -10.7546337394908 30.7406829590555 38.8623664819049
9.4061684270599 13.2999500723836 -48.1134912031061 -10.7816749291989 30.7398363869805 38.9062304355009
9.43035120608381 13.2962231345643 -48.1132901393859 -10.8087503687027 30.7389825233463 38.9500582997319
9.45456500808148 13.29251862513 -48.1130895115239 -10.8358600201456 30.7381214380714 38.9938499284803
9.47880979498489 13.2888366310581 -48.1128894358746 -10.8630038455392 30.7372531993053 39.0376051758138
9.5030855284548 13.2851772378651 -48.1126900255522 -10.8901818067602 30.7363778734333 39.0813238959614
9.52739216987562 13.2815405296163 -48.1124913904409 -10.9173938655472 30.7354955250822 39.1250059432892
9.55172968035046 13.2779265889366 -48.1122936372068 -10.9446399834975 30.7346062171262 39.1686511722768
9.57609802069632 13.2743354970211 -48.1120968693111 -10.9719201220646 30.7337100106949 39.212259437495
9.60049715143938 13.2707673336472 -48.1119011870256 -10.999234242555 30.7328069651815 39.2558305935827
9.62492703281051 13.267222177187 -48.1117066874498 -11.0265823061258 30.7318971382519 39.299364495226
9.64938762474087 13.2637001046195 -48.1115134645285 -11.0539642737819 30.7309805858551 39.3428609971365
9.67387888685771 13.2602011915444 -48.1113216090724 -11.0813801063736 30.7300573622343 39.3863199540312
9.6984007784802 13.2567255121954 -48.1111312087792 -11.1088297645942 30.7291275199381 39.4297412206119
9.72295325861561 13.253273139455 -48.1109423482562 -11.1363132089778 30.728191109834 39.4731246515464
9.7475362859554 13.2498441448687 -48.1107551090446 -11.163830399897 30.7272481811209 39.5164701014493
9.77214981887161 13.2464385986603 -48.1105695696449 -11.1913812975611 30.7262987813437 39.5597774248638
9.79679381541331 13.2430565697474 -48.1103858055433 -11.2189658620139 30.7253429564081 39.6030464762438
9.82146823330328 13.2396981257572 -48.1102038892402 -11.2465840531318 30.7243807505957 39.6462771099371
9.84617302993468 13.236363333043 -48.1100238902787 -11.2742358306222 30.7234122065804 39.6894691801685
9.87090816236801 13.2330522567004 -48.1098458752748 -11.301921154022 30.7224373654454 39.7326225410237
9.89567358732812 13.2297649605844 -48.109669907949 -11.3296399826956 30.7214562667 39.775737046434
9.92046926120138 13.2265015073271 -48.1094960491583 -11.3573922758336 30.7204689482977 39.8188125501615
9.94529514003295 13.2232619583542 -48.1093243569295 -11.3851779924517 30.7194754466552 39.8618489057842
9.97015117952424 13.2200463739039 -48.1091548864935 -11.412997091389 30.7184757966706 39.9048459666826
9.99503733503042 13.2168548130443 -48.1089876903203 -11.4408495313071 30.7174700317434 39.9478035860262
10.0199535615582 13.2136873336916 -48.1088228181549 -11.4687352706888 30.7164581837946 39.9907216167608
10.0448998137634 13.2105439926291 -48.1086603170541 -11.4966542678372 30.7154402832865 40.033599911596
10.0698760459494 13.2074248455255 -48.1085002314239 -11.5246064808745 30.7144163592443 40.0764383229939
10.0948822120644 13.2043299469538 -48.1083426030578 -11.5525918677416 30.7133864392769 40.1192367031576
10.1199182657003 13.2012593504107 -48.108187471176 -11.5806103861967 30.7123505495986 40.1619949040205
10.1449841600908 13.1982131083352 -48.108034872464 -11.608661993815 30.7113087150512 40.2047127772363
10.1700798481095 13.1951912721285 -48.1078848411139 -11.6367466479881 30.7102609591264 40.247390174169
10.1952052822688 13.1921938921732 -48.1077374088644 -11.6648643059229 30.7092073039882 40.2900269458842
10.2203604147184 13.1892210178527 -48.1075926050418 -11.6930149246419 30.708147770496 40.3326229431398
10.2455451972439 13.1862726975712 -48.1074504566024 -11.7211984609817 30.7070823782278 40.3751780163784
10.270759581266 13.1833489787731 -48.1073109881741 -11.7494148715936 30.7060111455037 40.4176920157192
10.2960035178389 13.1804499079628 -48.1071742220991 -11.7776641129426 30.7049340894094 40.4601647909506
10.3212769576501 13.177575530725 -48.1070401784766 -11.8059461413074 30.7038512258203 40.5025961915238
10.3465798510187 13.1747258917436 -48.1069088752063 -11.8342609127801 30.7027625694255 40.5449860665463
10.3719121478954 13.1719010348226 -48.1067803280318 -11.8626083832658 30.7016681337518 40.5873342647756
10.3972737978615 13.1691010029053 -48.1066545505843 -11.890988508483 30.7005679311886 40.6296406346145
10.4226647501282 13.1663258380943 -48.106531554427 -11.9194012439626 30.6994619730121 40.6719050241055
10.4480849535366 13.1635755816714 -48.1064113490985 -11.9478465450486 30.6983502694099 40.7141272809263
10.4735343565568 13.1608502741175 -48.1062939421581 -11.9763243668978 30.6972328295058 40.7563072523858
10.499012907288 13.1581499551323 -48.1061793392298 -12.0048346644797 30.6961096613846 40.7984447854202
10.5245205534582 13.1554746636538 -48.1060675440469 -12.0333773925763 30.6949807721171 40.8405397265897
10.5500572424238 13.1528244378784 -48.1059585584969 -12.0619525057826 30.6938461677847 40.8825919220752
10.5756229211699 13.1501993152798 -48.1058523826659 -12.0905599585063 30.6927058535046 40.9246012176765
10.6012175363102 13.1475993326292 -48.1057490148836 -12.1191997049679 30.6915598334547 40.9665674588091
10.6268410340871 13.1450245260142 -48.105648451768 -12.1478716992006 30.6904081108983 41.0084904905031
10.6524933603718 13.1424749308581 -48.1055506882698 -12.1765758950508 30.6892506882092 41.0503701574016
10.6781744606647 13.1399505819392 -48.1054557177172 -12.2053122461777 30.6880875668969 41.092206303759
10.7038842800954 13.13745151341 -48.1053635318604 -12.2340807060535 30.6869187476305 41.1339987734411
10.7296227634236 13.1349777588153 -48.1052741209161 -12.2628812279635 30.6857442302643 41.1757474099239
10.7553898550389 13.132529351112 -48.1051874736113 -12.291713765006 30.6845640138624 41.2174520562942
10.7811854989618 13.1301063226869 -48.1051035772277 -12.3205782700923 30.6833780967227 41.2591125552489
10.8070096388438 13.1277087053754 -48.1050224176457 -12.349474695947 30.682186476402 41.3007287490965
10.8328622179684 13.1253365304798 -48.1049439793877 -12.3784029951074 30.6809891497399 41.3423004797571
10.8587431792516 13.1229898287871 -48.1048682456616 -12.4073631199239 30.6797861128835 41.383827588764
10.8846524652424 13.1206686305875 -48.1047951984041 -12.4363550225597 30.6785773613111 41.425309917265
10.9105900181237 13.1183729656912 -48.1047248183235 -12.4653786549906 30.6773628898561 41.4667473060237
10.9365557797131 13.1161028634468 -48.1046570849421 -12.4944339690048 30.6761426927311 41.508139595422
10.9625496914636 13.1138583527579 -48.1045919766389 -12.5235209162028 30.6749167635512 41.5494866254619
10.9885716944647 13.1116394621007 -48.1045294706909 -12.5526394479969 30.6736850953577 41.5907882357681
11.0146217294429 13.1094462195406 -48.1044695433152 -12.5817895156111 30.6724476806409 41.6320442655905
11.040699736763 13.1072786527487 -48.10441216971 -12.6109710700802 30.6712045113634 41.6732545538073
11.0668056564287 13.1051367890186 -48.1043573240951 -12.6401840622498 30.6699555789828 41.7144189389282
11.0929394280838 13.1030206552825 -48.1043049797531 -12.6694284427756 30.6687008744744 41.7555372590972
11.1191009910133 13.1009302781269 -48.1042551090683 -12.6987041621224 30.6674403883532 41.7966093520969
11.1452902841439 13.0988656838087 -48.1042076835672 -12.7280111705638 30.6661741106964 41.8376350553518
11.1715072460456 13.0968268982701 -48.1041626739572 -12.7573494181811 30.664902031165 41.8786142059323
11.1977518149326 13.0948139471546 -48.1041200501651 -12.7867188548627 30.6636241390253 41.9195466405588
11.2240239286641 13.0928268558214 -48.1040797813755 -12.8161194303026 30.6623404231707 41.960432195606
11.2503235247458 13.0908656493601 -48.1040418360685 -12.8455510939996 30.6610508721423 42.0012707071074
11.2766505403305 13.0889303526057 -48.1040061820567 -12.875013795256 30.6597554741497 42.0420620107598
11.3030049122195 13.087020990152 -48.103972786522 -12.9045074831765 30.6584542170918 42.0828059419283
11.3293865768638 13.0851375863664 -48.1039416160515 -12.9340321066661 30.6571470885768 42.1235023356505
11.3557954703648 13.0832801654028 -48.1039126366737 -12.9635876144292 30.6558340759424 42.1641510266424
11.3822315284758 13.0814487512154 -48.103885813893 -12.9931739549676 30.654515166275 42.2047518493029
11.4086946866027 13.0796433675719 -48.1038611127247 -13.0227910765787 30.6531903464294 42.2453046377193
11.4351848798055 13.0778640380661 -48.1038384977286 -13.0524389273533 30.6518596030476 42.2858092256726
11.461702042799 13.0761107861305 -48.1038179330426 -13.0821174551738 30.6505229225777 42.3262654466428
11.4882461099541 13.0743836350489 -48.1037993824158 -13.111826607712 30.6491802912923 42.3666731338145
11.5148170152987 13.0726826079681 -48.1037828092404 -13.1415663324263 30.6478316953063 42.4070321200829
11.5414146925188 13.0710077279097 -48.1037681765838 -13.1713365765592 30.646477120595 42.4473422380587
11.5680390749595 13.0693590177818 -48.1037554472194 -13.2011372871351 30.6451165530114 42.4876033200745
11.5946900956261 13.06773650039 -48.1037445836572 -13.2309684109565 30.6437499783032 42.5278151981904
11.6213676871848 13.0661401984483 -48.103735548174 -13.260829894602 30.6423773821299 42.5679777041996
11.648071781964 13.0645701345898 -48.1037283028423 -13.2907216844219 30.6409987500788 42.6080906696348
11.674802311955 13.0630263313773 -48.1037228095595 -13.3206437265357 30.6396140676814 42.6481539257736
11.7015592088129 13.0615088113129 -48.1037190300759 -13.350595966828 30.6382233204294 42.6881673036449
11.7283424038575 13.0600175968481 -48.103716926022 -13.3805783509451 30.6368264937897 42.7281306340346
11.7551518280741 13.0585527103933 -48.1037164589357 -13.4105908242904 30.6354235732196 42.7680437474916
11.7819874121145 13.057114174327 -48.1037175902885 -13.4406333320207 30.634014544182 42.8079064743339
11.8088490862972 13.0557020110049 -48.1037202815111 -13.4707058190419 30.6325993921592 42.8477186446545
11.835736780609 13.0543162427685 -48.1037244940188 -13.5008082300037 30.6311781026674 42.8874800883277
11.8626504247048 13.0529568919533 -48.1037301892357 -13.5309405092957 30.6297506612705 42.9271906350144
11.8895899479087 13.0516239808974 -48.1037373286185 -13.5611026010417 30.6283170535933 42.9668501141687
11.9165552792147 13.0503175319491 -48.1037458736801 -13.5912944490948 30.6268772653347 43.0064583550437
11.9435463472866 13.0490375674746 -48.1037557860118 -13.6215159970316 30.6254312822803 43.0460151866972
11.9705630804594 13.0477841098652 -48.1037670273056 -13.651767188147 30.6239790903149 43.0855204379975
11.9976054067391 13.0465571815446 -48.1037795593756 -13.6820479654478 30.6225206754346 43.1249739376296
12.0246732538031 13.0453568049756 -48.1037933441786 -13.7123582716467 30.6210560237587 43.1643755141006
12.0517665490011 13.0441830026666 -48.1038083438345 -13.742698049156 30.6195851215405 43.2037249957455
12.0788852193545 13.0430357971778 -48.1038245206459 -13.7730672400806 30.6181079551789 43.243022210733
12.1060291915575 13.0419152111278 -48.1038418371169 -13.8034657862116 30.6166245112291 43.2822669870708
12.1331983919768 13.0408212671986 -48.1038602559717 -13.8338936290187 30.6151347764127 43.3214591526113
12.1603927466518 13.0397539881415 -48.1038797401722 -13.864350709643 30.6136387376279 43.3605985350569
12.1876121812945 13.0387133967825 -48.1039002529355 -13.8948369688891 30.6121363819595 43.3996849619654
12.2148566212898 13.0376995160272 -48.1039217577502 -13.9253523472176 30.6106276966876 43.4387182607552
12.2421259916953 13.0367123688656 -48.1039442183925 -13.9558967847366 30.6091126692977 43.4776982587107
12.2694202172409 13.0357519783764 -48.1039675989422 -13.9864702211929 30.6075912874886 43.5166247829867
12.296739222329 13.0348183677319 -48.1039918637965 -14.0170725959641 30.6060635391813 43.5554976606141
12.324082931034 13.0339115602015 -48.1040169776855 -14.0477038480486 30.6045294125272 43.5943167185044
12.3514512671019 13.0330315791557 -48.1040429056851 -14.0783639160571 30.6029888959154 43.6330817834543
12.37884415395 13.03217844807 -48.1040696132307 -14.1090527382025 30.601441977981 43.6717926821505
12.4062615146663 13.031352190528 -48.1040970661296 -14.1397702522901 30.5998886476117 43.710449241174
12.4337032720091 13.0305528302244 -48.104125230573 -14.1705163957078 30.598328893955 43.7490512870047
12.4611693484064 13.0297803909685 -48.1041540731481 -14.2012911054152 30.5967627064247 43.7875986460255
12.4886596659547 13.0290348966863 -48.1041835608484 -14.2320943179327 30.5951900747073 43.8260911445262
12.5161741464189 13.0283163714237 -48.1042136610849 -14.2629259693313 30.5936109887681 43.8645286087077
12.5437127112309 13.0276248393481 -48.1042443416954 -14.2937859952202 30.5920254388569 43.9029108646859
12.5712752814891 13.0269603247511 -48.1042755709547 -14.324674330736 30.5904334155134 43.941237738495
12.5988617779568 13.0263228520501 -48.1043073175828 -14.35559091053 30.5888349095722 43.9795090560913
12.6264721210618 13.0257124457898 -48.1043395507541 -14.3865356687565 30.5872299121682 44.0177246433565
12.6541062308947 13.0251291306445 -48.1043722401046 -14.4175085390602 30.5856184147408 44.0558843261008
12.6817640272077 13.0245729314186 -48.1044053557401 -14.4485094545627 30.5840004090385 44.0939879300661
12.7094454294135 13.0240438730481 -48.1044388682427 -14.47953834785 30.5823758871229 44.1320352809288
12.7371503565837 13.0235419806015 -48.1044727486775 -14.5105951509588 30.5807448413725 44.1700262043026
12.7648787274475 13.0230672792808 -48.1045069685989 -14.5416797953623 30.5791072644864 44.2079605257408
12.7926304603895 13.0226197944216 -48.1045415000558 -14.5727922119565 30.5774631494877 44.2458380707392
12.8204054734489 13.0221995514942 -48.1045763155968 -14.6039323310455 30.5758124897261 44.2836586647377
12.8482036843172 13.0218065761034 -48.1046113882755 -14.6351000823269 30.5741552788816 44.3214221331228
12.8760250103362 13.0214408939886 -48.1046466916539 -14.6662953948764 30.5724915109663 44.3591283012295
12.9038693684967 13.021102531024 -48.104682199807 -14.6975181971325 30.5708211803271 44.3967769943423
12.931736675436 13.0207915132185 -48.1047178873259 -14.728768416881 30.569144281648 44.4343680376978
12.9596268474356 13.0205078667147 -48.1047537293208 -14.7600459812383 30.5674608099517 44.4719012564849
12.9875398004199 13.0202516177893 -48.1047897014238 -14.7913508166358 30.5657707606014 44.5093764758469
13.0154754499529 13.0200227928515 -48.1048257797913 -14.8226828488023 30.5640741293026 44.5467935208816
13.0434337112364 13.0198214184433 -48.1048619411055 -14.8540420027477 30.5623709121038 44.5841522166427
13.0714144991076 13.0196475212374 -48.104898162576 -14.8854282027452 30.560661105398 44.6214523881403
13.0994177280362 13.0195011280372 -48.1049344219411 -14.9168413723135 30.5589447059234 44.6586938603408
13.1274433121222 13.0193822657749 -48.1049706974685 -14.9482814341993 30.5572217107641 44.6958764581676
13.1554911650929 13.0192909615105 -48.1050069679555 -14.9797483103581 30.5554921173506 44.733000006501
13.1835612003001 13.0192272424304 -48.1050432127295 -15.0112419219362 30.5537559234599 44.770064330178
13.2116533307173 13.019191135846 -48.1050794116474 -15.0427621892515 30.552013127216 44.8070692539917
13.2397674689371 13.0191826691915 -48.105115545095 -15.0743090317741 30.5502637270894 44.8440146026909
13.2679035271673 13.0192018700227 -48.1051515939865 -15.1058823681064 30.548507721897 44.8809002009797
13.2960614172286 13.0192487660151 -48.1051875397627 -15.1374821159634 30.5467451108019 44.9177258735156
13.3242410505509 13.0193233849615 -48.1052233643903 -15.1691081921526 30.5449758933123 44.9544914449094
13.35244233817 13.0194257547706 -48.1052590503591 -15.2007605125525 30.5432000692812 44.991196739723
13.3806651907245 13.0195559034643 -48.1052945806809 -15.2324389920927 30.5414176389056 45.0278415824683
13.408909518452 13.0197138591755 -48.1053299388865 -15.2641435447317 30.539628602725 45.0644257976052
13.4371752311857 13.0198996501464 -48.1053651090234 -15.2958740834358 30.5378329616203 45.1009492095399
13.4654622383508 13.0201133047251 -48.1054000756527 -15.3276305201577 30.5360307168129 45.1374116426225
13.4937704489616 13.0203548513642 -48.1054348238463 -15.3594127658185 30.5342218698626 45.1738129211463
13.5220997716207 13.0206243186173 -48.1054693391834 -15.3912207303003 30.5324064226662 45.2101528693487
13.5504501145216 13.0209217351372 -48.1055036077466 -15.4230543224535 30.5305843774551 45.2464313114167
13.5788213854539 13.0212471296725 -48.1055376161185 -15.4549134501186 30.528755736793 45.2826480714964
13.6072134918112 13.0216005310658 -48.1055713513775 -15.4867980201547 30.526920503573 45.3188029737047
13.6356263405984 13.0219819682503 -48.1056048010937 -15.518707938469 30.5250786810149 45.3548958421413
13.66405983844 13.0223914702471 -48.1056379533239 -15.5506431100479 30.5232302726623 45.3909265009007
13.6925138915873 13.0228290661628 -48.1056707966078 -15.582603438986 30.521375282379 45.426894774084
13.7209884059268 13.0232947851859 -48.1057033199625 -15.6145888285162 30.5195137143466 45.4628004858106
13.7494832869872 13.0237886565845 -48.1057355128777 -15.6465991810387 30.5176455730604 45.4986434602297
13.7779984399469 13.024310709703 -48.1057673653108 -15.6786343981498 30.5157708633267 45.5344235215314
13.806533769642 13.0248609739591 -48.1057988676812 -15.7106943806708 30.513889590259 45.570140493958
13.8350891805731 13.0254394788407 -48.1058300108648 -15.7427790286763 30.5120017592743 45.6057942018145
13.8636645769127 13.0260462539031 -48.1058607861887 -15.7748882415221 30.5101073760899 45.6413844694799
13.8922598625127 13.0266813287653 -48.1058911854251 -15.8070219178732 30.5082064467191 45.6769111214169
13.920874940911 13.0273447331073 -48.1059212007855 -15.8391799557308 30.5062989774681 45.7123739821829
13.9495097153393 13.0280364966669 -48.1059508249147 -15.87136225246 30.5043849749316 45.7477728764397
13.9781640887291 13.028756649236 -48.1059800508844 -15.9035687048166 30.502464445989 45.7831076289638
14.0068379637197 13.0295052206582 -48.1060088721873 -15.9357992089736 30.5005373978005 45.8183780646558
14.0355312426642 13.0302822408247 -48.1060372827304 -15.9680536605473 30.4986038378033 45.8535840085502
14.0642438276365 13.0310877396716 -48.1060652768287 -16.0003319546241 30.4966637737068 45.8887252858249
14.0929756204383 13.0319217471763 -48.1060928491984 -16.0326339857855 30.4947172134893 45.9238017218101
14.1217265226053 13.0327842933543 -48.1061199949506 -16.0649596481343 30.4927641653931 45.9588131419978
14.1504964354141 13.0336754082562 -48.1061467095842 -16.0973088353192 30.4908046379207 45.9937593720503
14.1792852598884 13.0345951219638 -48.1061729889793 -16.1296814405605 30.4888386398304 46.0286402378091
14.2080928968057 13.0355434645872 -48.10619882939 -16.1620773566743 30.4868661801318 46.0634555653035
14.2369192467035 13.0365204662616 -48.106224227438 -16.1944964760974 30.4848872680819 46.0982051807588
14.2657642098856 13.0375261571437 -48.1062491801049 -16.2269386909111 30.4829019131801 46.1328889106044
14.2946276864283 13.0385605674084 -48.1062736847258 -16.2594038928656 30.4809101251643 46.1675065814825
14.3235095761868 13.0396237272457 -48.1062977389818 -16.2918919734034 30.4789119140063 46.202058020255
14.3524097788008 13.0407156668575 -48.1063213408929 -16.324402823683 30.4769072899072 46.236543054012
14.3813281937013 13.0418364164539 -48.106344488811 -16.3569363346021 30.4748962632933 46.2709615100792
14.4102647201159 13.0429860062502 -48.1063671814124 -16.3894923968205 30.4728788448112 46.3053132160249
14.439219257075 13.0441644664637 -48.1063894176908 -16.4220709007829 30.4708550453236 46.3395979996679
14.4681917034176 13.0453718273106 -48.1064111969501 -16.4546717367413 30.4688248759046 46.3738156890839
14.4971819577973 13.0466081190023 -48.106432518797 -16.4872947947778 30.4667883478352 46.407966112613
14.5261899186878 13.0478733717425 -48.1064533831337 -16.5199399648259 30.464745472599 46.4420490988662
14.5552154843887 13.0491676157242 -48.1064737901508 -16.5526071366927 30.4626962618775 46.4760644767321
14.584258553031 13.0504908811262 -48.1064937403198 -16.5852962000808 30.4606407275456 46.5100120753834
14.6133190225829 13.0518431981102 -48.106513234386 -16.6180070446089 30.458578881667 46.5438917242833
14.6423967908553 13.0532245968176 -48.1065322733612 -16.6507395598338 30.45651073649 46.5777032531917
14.6714917555069 13.0546351073666 -48.1065508585166 -16.6834936352706 30.4544363044425 46.6114464921714
14.7006038140502 13.0560747598487 -48.1065689913751 -16.7162691604139 30.452355598128 46.6451212715938
14.7297328638565 13.0575435843262 -48.1065866737047 -16.7490660247579 30.450268630321 46.6787274221448
14.7588788021609 13.0590416108289 -48.106603907511 -16.781884117817 30.4481754139623 46.7122647748304
14.7880415260684 13.0605688693513 -48.1066206950301 -16.8147233291455 30.4460759621547 46.7457331609827
14.8172209325584 13.0621253898497 -48.1066370387214 -16.847583548358 30.4439702881588 46.7791324122644
14.8464169184901 13.063711202239 -48.1066529412609 -16.8804646651481 30.4418584053884 46.8124623606752
14.8756293806074 13.0653263363903 -48.1066684055334 -16.9133665693086 30.4397403274059 46.8457228385559
14.9048582155445 13.0669708221278 -48.1066834346266 -16.9462891507506 30.4376160679184 46.8789136785941
14.9341033198302 13.068644689226 -48.106698031823 -16.9792322995219 30.435485640773 46.9120347138291
14.9633645898933 13.0703479674073 -48.106712200594 -17.0121959058265 30.4333490599529 46.9450857776562
14.9926419220673 13.0720806863387 -48.1067259445923 -17.0451798600425 30.4312063395726 46.9780667038318
15.0219352125955 13.0738428756299 -48.1067392676457 -17.078184052741 30.4290574938742 47.010977326478
15.0512443576355 13.07563456483 -48.1067521737501 -17.1112083747039 30.4269025372229 47.0438174800867
15.080569253264 13.0774557834253 -48.1067646670626 -17.1442527169417 30.424741484103 47.0765869995241
15.1099097954817 13.0793065608367 -48.1067767518955 -17.1773169707116 30.4225743491136 47.1092857200351
15.1392658802178 13.081186926417 -48.1067884327093 -17.2104010275348 30.4204011469648 47.141913477247
15.1686374033347 13.083096909449 -48.1067997141063 -17.2435047792136 30.4182218924732 47.1744701071738
15.1980242606323 13.0850365391424 -48.1068106008246 -17.2766281178487 30.4160366005583 47.2069554462202
15.227426347853 13.0870058446318 -48.1068210977311 -17.309770935856 30.4138452862386 47.239369331185
15.2568435606855 13.0890048549746 -48.1068312098161 -17.342933125983 30.4116479646273 47.271711599265
15.2862757947699 13.0910335991483 -48.1068409421863 -17.3761145813256 30.4094446509288 47.3039820880584
15.3157229457014 13.0930921060483 -48.1068503000595 -17.409315195344 30.4072353604344 47.3361806355688
15.3451849090352 13.0951804044862 -48.1068592887579 -17.4425348618787 30.4050201085192 47.3683070802079
15.3746615802903 13.097298523187 -48.1068679137027 -17.4757734751661 30.4027989106379 47.4003612607991
15.4041528549539 13.0994464907877 -48.1068761804081 -17.5090309298545 30.4005717823212 47.4323430165806
15.4336586284855 13.1016243358346 -48.1068840944756 -17.5423071210188 30.3983387391723 47.4642521872089
15.4631787963211 13.1038320867816 -48.1068916615882 -17.5756019441757 30.3960997968631 47.4960886127609
15.4927132538769 13.1060697719885 -48.1068988875049 -17.6089152952987 30.393854971131 47.5278521337376
15.5222618965539 13.1083374197185 -48.1069057780555 -17.6422470708324 30.3916042777752 47.5595425910665
15.5518246197413 13.1106350581368 -48.1069123391348 -17.6755971677069 30.3893477326531 47.5911598261046
15.5814013188204 13.1129627153088 -48.1069185766977 -17.7089654833519 30.3870853516775 47.6227036806405
15.6109918891689 13.1153204191978 -48.1069244967535 -17.7423519157104 30.3848171508128 47.6541739968974
15.6405962261641 13.1177081976639 -48.1069301053617 -17.7757563632523 30.382543146072 47.6855706175355
15.6702142251868 13.120126078462 -48.1069354086258 -17.8091787249876 30.3802633535134 47.7168933856538
15.699845781625 13.12257408924 -48.1069404126895 -17.8426189004794 30.3779777892374 47.7481421447931
15.7294907908777 13.1250522575376 -48.1069451237313 -17.8760767898568 30.3756864693837 47.7793167389376
15.7591491483578 13.1275606107843 -48.1069495479597 -17.909552293827 30.373389410128 47.8104170125173
15.7888207494961 13.1300991762984 -48.1069536916091 -17.9430453136878 30.3710866276791 47.84144281041
15.8185054897446 13.1326679812849 -48.1069575609348 -17.9765557513391 30.3687781382762 47.8723939779426
15.8482032645795 13.1352670528346 -48.1069611622089 -18.0100835092948 30.3664639581858 47.9032703608939
15.8779139695049 13.1378964179224 -48.1069645017158 -18.0436284906938 30.3641441036989 47.9340718054954
15.9076375000557 13.140556103406 -48.1069675857481 -18.0771905993109 30.3618185911287 47.9647981584337
15.9373737518007 13.1432461360246 -48.1069704206022 -18.1107697395677 30.3594874368073 47.9954492668514
15.9671226203458 13.1459665423979 -48.106973012575 -18.1443658165424 30.3571506570838 48.0260249783491
15.9968840013367 13.1487173490242 -48.1069753679589 -18.1779787359801 30.3548082683211 48.0565251409864
16.0266577904623 13.1514985822797 -48.1069774930391 -18.2116084043021 30.3524602868939 48.0869496032833
16.0564438834568 13.1543102684175 -48.1069793940891 -18.2452547286154 30.350106729186 48.1172982142217
16.0862421761029 13.1571524335657 -48.1069810773674 -18.2789176167213 30.3477476115883 48.1475708232459
16.1160525642343 13.1600251037272 -48.106982549114 -18.312596977124 30.345382950496 48.1777672802644
16.1458749437383 13.162928304778 -48.1069838155467 -18.3462927190385 30.3430127623068 48.2078874356501
16.1757092105582 13.1658620624664 -48.1069848828581 -18.3800047523986 30.3406370634185 48.2379311402416
16.2055552606956 13.168826402412 -48.1069857572125 -18.4137329878638 30.3382558702269 48.267898245344
16.2354129902129 13.1718213501047 -48.1069864447421 -18.4474773368265 30.335869199124 48.2977886027293
16.2652822952352 13.1748469309037 -48.1069869515449 -18.4812377114182 30.3334770664956 48.3276020646371
16.2951630719526 13.1779031700366 -48.1069872836809 -18.5150140245154 30.3310794887198 48.3573384837754
16.3250552166221 13.1809900925988 -48.1069874471699 -18.5488061897455 30.3286764821649 48.3869977133204
16.3549586255696 13.1841077235522 -48.1069874479883 -18.5826141214917 30.3262680631877 48.4165796069172
16.3848731951913 13.1872560877246 -48.106987292067 -18.6164377348971 30.3238542481315 48.4460840186801
16.4147988219557 13.1904352098086 -48.1069869852881 -18.6502769458698 30.321435053325 48.4755108031923
16.4447354024053 13.1936451143616 -48.1069865334833 -18.6841316710856 30.31901049508 48.5048598155064
16.4746828331574 13.1968858258039 -48.1069859424307 -18.7180018279916 30.3165805896904 48.5341309111441
16.5046410109061 13.2001573684188 -48.1069852178532 -18.7518873348083 30.3141453534305 48.5633239460957
16.5346098324229 13.2034597663517 -48.106984365416 -18.7857881105322 30.3117048025533 48.5924387768205
16.5645891945584 13.2067930436092 -48.1069833907246 -18.819704074937 30.3092589532898 48.6214752602459
16.5945789942427 13.2101572240582 -48.1069822993227 -18.8536351485742 30.306807821847 48.6504332537671
16.6245791284864 13.213552331426 -48.1069810966903 -18.8875812527739 30.304351424407 48.6793126152464
16.6545894943813 13.2169783892988 -48.1069797882421 -18.9215423096444 30.3018897771259 48.7081132030129
16.6846099891008 13.2204354211214 -48.1069783793253 -18.9555182420708 30.2994228961323 48.7368348758609
16.7146405099007 13.2239234501966 -48.1069768752184 -18.9895089737143 30.2969507975266 48.7654774930497
16.7446809541187 13.2274424996847 -48.1069752811295 -19.0235144290094 30.29447349738 48.7940409143024
16.7747312191752 13.2309925926022 -48.1069736021946 -19.0575345331612 30.2919910117332 48.8225249998046
16.8047912025729 13.2345737518221 -48.1069718434765 -19.0915692121422 30.2895033565958 48.8509296102031
16.8348608018966 13.2381860000725 -48.1069700099633 -19.1256183926876 30.2870105479454 48.8792546066047
16.864939914813 13.2418293599366 -48.1069681065671 -19.1596820022911 30.2845126017268 48.9074998505748
16.8950284390698 13.2455038538515 -48.106966138123 -19.1937599691983 30.2820095338516 48.9356652041353
16.9251262724955 13.2492095041081 -48.1069641093879 -19.2278522224014 30.2795013601967 48.9637505297634
16.9552333129979 13.2529463328502 -48.1069620250396 -19.2619586916313 30.2769880966049 48.9917556903895
16.9853494585637 13.2567143620741 -48.1069598896756 -19.2960793073499 30.2744697588832 49.0196805493949
17.0154746072566 13.2605136136275 -48.1069577078124 -19.3302140007418 30.2719463628032 49.0475249706103
17.0456086572165 13.2643441092097 -48.1069554838849 -19.3643627037041 30.2694179241003 49.075288818313
17.0757515066572 13.26820587037 -48.1069532222451 -19.3985253488369 30.2668844584732 49.1029719572246
17.1059030538654 13.2720989185078 -48.1069509271622 -19.4327018694311 30.2643459815839 49.1305742525085
17.1360631971979 13.2760232748719 -48.1069486028214 -19.4668921994576 30.2618025090571 49.1580955697674
17.1662318350799 13.2799789605591 -48.1069462533236 -19.5010962735533 30.2592540564804 49.18553577504
17.1964088660023 13.2839659965146 -48.106943882685 -19.5353140270079 30.2567006394039 49.2128947347985
17.2265941885194 13.2879844035305 -48.1069414948367 -19.5695453957488 30.2541422733401 49.2401723159451
17.2567877012455 13.2920342022454 -48.1069390936242 -19.6037903163258 30.251578973764 49.267368385809
17.2869893028525 13.2961154131437 -48.1069366828073 -19.6380487258944 30.249010756113 49.2944828121426
17.3171988920662 13.3002280565546 -48.1069342660599 -19.6723205621976 30.2464376357871 49.3215154631185
17.3474163676627 13.3043721526519 -48.1069318469695 -19.7066057635484 30.2438596281489 49.3484662073248
17.377641628465 13.3085477214525 -48.1069294290378 -19.740904268809 30.2412767485237 49.3753349137622
17.4078745733386 13.3127547828162 -48.1069270156798 -19.7752160173711 30.2386890122 49.4021214518392
17.4381151011878 13.3169933564443 -48.1069246102247 -19.8095409491337 30.2360964344297 49.4288256913681
17.4683631109506 13.3212634618794 -48.1069222159152 -19.8438790044805 30.2334990304283 49.4554475025605
17.4986185015945 13.3255651185039 -48.106919835908 -19.878230124256 30.2308968153753 49.4819867560227
17.5288811721111 13.3298983455393 -48.1069174732741 -19.9125942497405 30.2282898044149 49.508443322751
17.559151021511 13.3342631620453 -48.1069151309985 -19.946971322624 30.2256780126562 49.5348170741265
17.5894279488185 13.3386595869189 -48.1069128119811 -19.9813612849791 30.2230614551738 49.5611078819099
17.6197118530654 13.343087638893 -48.1069105190366 -20.0157640792323 30.2204401470087 49.5873156182367
17.6500026332853 13.3475473365359 -48.1069082548949 -20.0501796481347 30.2178141031684 49.6134401556108
17.680300188507 13.3520386982495 -48.1069060222015 -20.0846079347309 30.215183338628 49.6394813668996
17.7106044177479 13.3565617422688 -48.1069038235183 -20.1190488823272 30.2125478683309 49.6654391253275
17.7409152200074 13.3611164866604 -48.1069016613234 -20.1535024344581 30.2099077071895 49.69131330447
17.7712324942591 13.3657029493212 -48.1068995380124 -20.1879685348518 30.207262870086 49.7171037782471
17.8015561394438 13.3703211479775 -48.1068974558981 -20.2224471273944 30.2046133718733 49.7428104209173
17.8318860544615 13.3749711001832 -48.1068954172121 -20.2569381560927 30.2019592273761 49.7684331070701
17.8622221381631 13.3796528233188 -48.1068934241044 -20.2914415650355 30.1993004513917 49.7939717116197
17.8925642893425 13.3843663345897 -48.1068914786449 -20.3259572983543 30.1966370586913 49.8194261097975
17.9229124067269 13.3891116510253 -48.1068895828235 -20.3604853001814 30.1939690640206 49.8447961771444
17.9532663889688 13.3938887894766 -48.1068877385514 -20.395025514608 30.1912964821014 49.8700817895039
17.9836261346357 13.3986977666154 -48.1068859476612 -20.4295778856395 30.1886193276325 49.8952828230135
18.013991542201 13.4035385989322 -48.1068842119082 -20.4641423571509 30.1859376152911 49.9203991540971
18.0443625100334 13.408411302735 -48.1068825329711 -20.4987188728389 30.183251359734 49.9454306594563
18.0747389363871 13.4133158941469 -48.1068809124527 -20.5333073761747 30.1805605755988 49.9703772160623
18.1051207193902 13.4182523891048 -48.1068793518808 -20.5679078103533 30.1778652775055 49.9952387011466
18.1355077570345 13.4232208033575 -48.1068778527094 -20.6025201182427 30.1751654800577 50.0200149921922
18.1658999471632 13.4282211524636 -48.106876416319 -20.6371442423308 30.1724611978442 50.0447059669244
18.1962971874599 13.4332534517896 -48.1068750440184 -20.6717801246712 30.1697524454402 50.0693115033011
18.2266993754356 13.4383177165077 -48.1068737370446 -20.7064277068274 30.1670392374095 50.093831479503
18.2571064084167 13.443413961594 -48.1068724965647 -20.7410869298148 30.1643215883054 50.1182657739236
18.2875181835319 13.4485422018261 -48.1068713236765 -20.7757577340423 30.1615995126725 50.1426142651593
18.3179345976987 13.4537024517808 -48.1068702194095 -20.8104400592511 30.1588730250488 50.166876831998
18.3483555476102 13.4588947258319 -48.1068691847259 -20.8451338444533 30.1561421399668 50.1910533534091
18.3787809297219 13.4641190381481 -48.1068682205219 -20.8798390278722 30.1534068719555 50.2151437085328
18.4092106402401 13.4693754026906 -48.1068673276284 -20.9145555468924 30.1506672355421 50.2391477766715
18.4396445751145 13.4746638332125 -48.1068665068124 -20.9492833380238 30.1479232452529 50.2630654372837
18.4700826300331 13.4799843432571 -48.106865758778 -20.9840223368792 30.1451749156142 50.2868965699801
18.5005247004196 13.4853369461583 -48.1068650841672 -21.0187724781572 30.1424222611535 50.310641054522
18.53097068143 13.4907216550392 -48.1068644835614 -21.0535336956265 30.1396652964 50.334298770819
18.5614204679498 13.4961384828121 -48.1068639574824 -21.0883059221081 30.1369040358854 50.3578695989266
18.5918739545904 13.5015874421777 -48.1068635063934 -21.123089089456 30.1341384941449 50.3813534190442
18.6223310356851 13.5070685456244 -48.1068631307003 -21.157883128536 30.1313686857181 50.4047501115122
18.6527916052845 13.5125818054273 -48.1068628307527 -21.192687969203 30.12859462515 50.4280595568087
18.683255557152 13.5181272336475 -48.1068626068453 -21.2275035402759 30.1258163269917 50.4512816355466
18.7137227847584 13.5237048421311 -48.1068624592185 -21.2623297695116 30.1230338058018 50.4744162284696
18.7441931812763 13.5293146425079 -48.1068623880604 -21.2971665835763 30.1202470761473 50.4974632164485
18.7746666395738 13.5349566461906 -48.1068623935071 -21.3320139080156 30.1174561526049 50.520422480477
18.8051430522083 13.5406308643734 -48.1068624756443 -21.3668716672224 30.1146610497617 50.5432939016669
18.8356223114192 13.5463373080305 -48.1068626345085 -21.4017397844028 30.111861782217 50.5660773612439
18.8661043091207 13.5520759879151 -48.1068628700881 -21.4366181815406 30.109058364583 50.5887727405417
18.8965889368938 13.5578469145574 -48.1068631823242 -21.4715067793598 30.1062508114867 50.6113799209971
18.9270760859783 13.5636500982633 -48.1068635711126 -21.5064054972846 30.1034391375705 50.633898784144
18.9575656472635 13.5694855491127 -48.106864036304 -21.5413142533987 30.1006233574942 50.6563292116076
18.9880575112797 13.5753532769578 -48.1068645777057 -21.5762329644011 30.0978034859359 50.6786710850979
19.018551568188 13.5812532914207 -48.1068651950827 -21.6111615455614 30.0949795375938 50.7009242864028
19.0490477077706 13.5871856018923 -48.1068658881589 -21.6460999106732 30.0921515271876 50.7230886973815
19.079545819421 13.5931502175297 -48.1068666566179 -21.6810479720091 30.0893194694598 50.7451641999581
19.1100457921364 13.5991471472549 -48.1068675001045 -21.7160056402856 30.0864833791771 50.7671506761156
19.140547514513 13.6051763997543 -48.1068684182259 -21.7509728246408 30.0836432711313 50.7890480078936
19.1710508747451 13.6112379834776 -48.1068694105522 -21.7859494326267 30.0807991601399 50.8108560773877
19.2015557606246 13.6173319066386 -48.1068704766183 -21.8209353702057 30.0779510610467 50.8325747667499
19.2320620595421 13.6234581772148 -48.1068716159247 -21.855930541749 30.0750989887225 50.8542039581894
19.2625696584874 13.6296168029476 -48.1068728279383 -21.8909348500366 30.072242958065 50.8757435339737
19.2930784440528 13.6358077913431 -48.1068741120941 -21.9259481962665 30.0693829839995 50.8971933764313
19.3235883024386 13.6420311496728 -48.1068754677958 -21.9609704800783 30.0665190814787 50.9185533679561
19.3540991194628 13.6482868849757 -48.1068768944172 -21.996001599589 30.0636512654823 50.9398233910147
19.3846107805712 13.6545750040605 -48.1068783913029 -22.0310414514351 30.0607795510167 50.9610033281542
19.4151231708491 13.6608955135073 -48.1068799577699 -22.0660899308145 30.0579039531143 50.9820930620106
19.4456361750313 13.6672484196701 -48.106881593108 -22.1011469315274 30.0550244868329 51.0030924753169
19.476149677512 13.6736337286783 -48.1068832965815 -22.1362123460141 30.0521411672556 51.0240014509104
19.506663562355 13.6800514464389 -48.1068850674299 -22.1712860653917 30.04925400949 51.04481987174
19.5371777133023 13.6865015786381 -48.1068869048688 -22.2063679794881 30.0463630286681 51.0655476208737
19.5676920137829 13.692984130743 -48.1068888080911 -22.2414579768749 30.0434682399457 51.0861845815046
19.5982063469209 13.699499108003 -48.106890776268 -22.2765559448969 30.0405696585025 51.1067306369575
19.6287205955431 13.7060465154511 -48.1068928085497 -22.3116617697008 30.0376672995413 51.127185670695
19.6592346421862 13.7126263579057 -48.106894904067 -22.3467753362613 30.0347611782882 51.147549566323
19.6897483691038 13.7192386399715 -48.1068970619315 -22.3818965284052 30.0318513099923 51.1678222075959
19.7202616582721 13.7258833660405 -48.1068992812371 -22.4170252288333 30.0289377099252 51.1880034784219
19.750774391396 13.7325605402932 -48.1069015610604 -22.4521613191411 30.0260203933816 51.2080932628672
19.7812864499142 13.7392701666996 -48.1069039004623 -22.487304679836 30.0230993756783 51.228091445161
19.8117977150043 13.7460122490196 -48.1069062984883 -22.522455190354 30.0201746721549 51.2479979096989
19.8423080675866 13.7527867908043 -48.1069087541697 -22.5576127290733 30.0172462981736 51.2678125410468
19.8728173883281 13.7595937953959 -48.1069112665244 -22.5927771733266 30.0143142691189 51.2875352239442
19.9033255576463 13.7664332659289 -48.1069138345575 -22.6279483994105 30.0113786003981 51.3071658433076
19.9338324557113 13.7733052053299 -48.1069164572628 -22.6631262825939 30.0084393074411 51.3267042842324
19.9643379624487 13.7802096163181 -48.1069191336228 -22.6983106971235 30.0054964057007 51.3461504319959
19.9948419575416 13.7871465014058 -48.1069218626101 -22.733501516228 30.0025499106526 51.3655041720594
20.0253443204315 13.7941158628977 -48.1069246431878 -22.7686986121196 29.9995998377958 51.3847653900693
20.05584493032 13.8011177028916 -48.1069274743108 -22.8039018559943 29.9966462026526 51.4039339718591
20.0863436661685 13.8081520232781 -48.1069303549259 -22.839111118029 29.9936890207692 51.4230098034502
20.116840406699 13.81521882574 -48.106933283973 -22.8743262673784 29.9907283077156 51.4419927710528
20.1473350303929 13.8223181117523 -48.1069362603859 -22.9095471721676 29.9877640790864 51.460882761066
20.177827415491 13.8294498825817 -48.1069392830925 -22.9447736994857 29.9847963505008 51.4796796600786
20.2083174399923 13.8366141392862 -48.1069423510161 -22.9800057153794 29.9818251376029 51.4983833548687
20.238804981656 13.8438108827154 -48.1069454630757 -23.015243084857 29.9788504560623 51.516993732406
20.2692899180056 13.851040113511 -48.1069486181868 -23.0504856719055 29.9758723215734 51.5355106798545
20.2997721263374 13.8583018321089 -48.1069518152619 -23.0857333395213 29.9728907498551 51.5539340845787
20.3302514837294 13.8655960387406 -48.1069550532116 -23.1209859497468 29.9699057566501 51.572263834149
20.3607278670508 13.8729227334359 -48.1069583309446 -23.1562433637067 29.966917357724 51.590499816349
20.3912011529716 13.8802819160244 -48.1069616473687 -23.1915054416431 29.9639255688652 51.6086419191811
20.4216712179712 13.8876735861374 -48.1069650013914 -23.2267720429489 29.9609304058834 51.6266900308724
20.4521379383467 13.8950977432099 -48.1069683919204 -23.2620430261992 29.9579318846098 51.6446440398807
20.4826011902217 13.9025543864821 -48.1069718178639 -23.2973182491853 29.9549300208959 51.6625038348998
20.5130608495572 13.9100435150024 -48.1069752781317 -23.3325975689574 29.9519248306126 51.6802693048668
20.5435167921654 13.9175651276297 -48.1069787716352 -23.367880841882 29.9489163296494 51.6979403389707
20.5739688937267 13.925119223038 -48.1069822972882 -23.4031679237118 29.9459045339125 51.715516826663
20.6044170298084 13.9327057997205 -48.1069858540075 -23.4384586696619 29.9428894593234 51.7329986576692
20.6348610758837 13.9403248559939 -48.1069894407131 -23.4737529344861 29.939871121817 51.7503857220004
20.6653009073503 13.9479763900027 -48.1069930563288 -23.5090505725522 29.9368495373397 51.7676779099645
20.6957363995484 13.9556603997236 -48.1069966997828 -23.5443514379144 29.9338247218483 51.7848751121775
20.7261674277784 13.9633768829694 -48.1070003700078 -23.5796553843853 29.9307966913076 51.8019772195743
20.756593867318 13.9711258373932 -48.1070040659418 -23.6149622656046 29.9277654616898 51.8189841234189
20.7870155934395 13.9789072604921 -48.1070077865284 -23.6502719351073 29.9247310489717 51.835895715315
20.8174324814257 13.986721149611 -48.107011530717 -23.6855842463891 29.9216934691343 51.8527118872158
20.8478444065862 13.9945675019468 -48.1070152974635 -23.7208990529707 29.9186527381605 51.8694325314336
20.8782512442729 14.0024463145511 -48.1070190857306 -23.7562162084597 29.915608872034 51.8860575406492
20.9086528698949 14.0103575843348 -48.1070228944877 -23.7915355666114 29.9125618867379 51.9025868079212
20.9390491589337 14.0183013080706 -48.1070267227122 -23.8268569813875 29.9095117982529 51.9190202266948
20.969439986957 14.0262774823968 -48.1070305693889 -23.8621803070128 29.9064586225564 51.9353576908104
20.9998252296333 14.0342861038204 -48.1070344335108 -23.8975053980308 29.9034023756207 51.951599094512
21.0302047627445 14.0423271687205 -48.1070383140794 -23.9328321093571 29.900343073412 51.9677443324549
21.0605784621998 14.0504006733507 -48.1070422101047 -23.9681602963312 29.8972807318891 51.9837932997144
21.0909462040482 14.0585066138429 -48.1070461206057 -24.0034898147669 29.8942153670018 51.9997458917925
21.1213078644906 14.0666449862094 -48.1070500446109 -24.0388205210004 29.8911469946902 52.0156020046258
21.1516633198919 14.074815786346 -48.1070539811582 -24.0741522719372 29.8880756308829 52.0313615345923
21.1820124467926 14.0830190100347 -48.1070579292951 -24.1094849250977 29.8850012914963 52.0470243785183
21.2123551219197 14.0912546529462 -48.1070618880795 -24.1448183386599 29.8819239924334 52.0625904336851
21.2426912221977 14.0995227106423 -48.107065856579 -24.1801523715022 29.8788437495823 52.0780595978354
21.2730206247589 14.1078231785784 -48.1070698338722 -24.2154868832428 29.8757605788156 52.0934317691793
21.3033432069533 14.1161560521058 -48.1070738190479 -24.2508217342789 29.8726744959893 52.1087068464002
21.3336588463587 14.1245213264738 -48.1070778112062 -24.2861567858236 29.8695855169412 52.1238847286606
21.363967420789 14.1329189968319 -48.1070818094577 -24.3214918999413 29.8664936574908 52.1389653156074
21.3942688083041 14.1413490582318 -48.1070858129248 -24.3568269395818 29.8633989334376 52.1539485073774
21.4245628872179 14.1498115056293 -48.1070898207407 -24.3921617686124 29.8603013605604 52.1688342046017
21.4548495361065 14.1583063338861 -48.1070938320507 -24.4274962518489 29.8572009546168 52.1836223084114
21.4851286338159 14.1668335377718 -48.1070978460113 -24.4628302550846 29.8540977313415 52.1983127204413
21.5154000594697 14.1753931119653 -48.1071018617911 -24.4981636451185 29.8509917064462 52.2129053428347
21.5456636924761 14.1839850510562 -48.1071058785705 -24.5334962897812 29.8478828956185 52.2274000782476
21.5759194125344 14.192609349547 -48.1071098955421 -24.5688280579593 29.8447713145208 52.2417968298526
21.6061670996416 14.2012660018536 -48.1071139119105 -24.6041588196196 29.8416569787903 52.2560955013425
21.6364066340985 14.2099550023074 -48.1071179268926 -24.6394884458298 29.8385399040375 52.2702959969337
21.6666378965151 14.2186763451558 -48.1071219397179 -24.6748168087795 29.8354201058459 52.2843982213703
21.6968607678161 14.2274300245639 -48.1071259496282 -24.7101437817988 29.8322975997711 52.2984020799263
21.727075129246 14.2362160346153 -48.1071299558776 -24.7454692393755 29.8291724013405 52.3123074784091
21.7572808623734 14.2450343693131 -48.1071339577333 -24.7807930571716 29.8260445260523 52.3261143231623
21.787477849096 14.2538850225806 -48.1071379544748 -24.8161151120373 29.8229139893753 52.3398225210682
21.8176659716437 14.2627679882625 -48.1071419453944 -24.8514352820243 29.8197808067477 52.35343197955
21.8478451125832 14.2716832601251 -48.1071459297973 -24.8867534463976 29.8166449935775 52.3669426065744
21.8780151548207 14.2806308318572 -48.1071499070014 -24.9220694856456 29.813506565241 52.3803543106534
21.9081759816051 14.2896106970706 -48.1071538763376 -24.9573832814894 29.8103655370832 52.3936670008464
21.9383274765307 14.2986228493006 -48.1071578371497 -24.99269471689 29.8072219244167 52.4068805867617
21.9684695235396 14.307667282006 -48.1071617887943 -25.0280036760549 29.8040757425216 52.4199949785581
21.9986020069239 14.3167439885698 -48.107165730641 -25.0633100444424 29.8009270066451 52.4330100869462
22.0287248113271 14.3258529622991 -48.1071696620725 -25.0986137087656 29.7977757320009 52.44592582319
22.0588378217458 14.3349941964254 -48.1071735824843 -25.1339145569944 29.7946219337691 52.4587420991075
22.0889409235308 14.3441676841044 -48.1071774912851 -25.1692124783561 29.791465627096 52.4714588270718
22.1190340023878 14.353373418416 -48.1071813878964 -25.2045073633353 29.7883068270933 52.4840759200119
22.1491169443779 14.3626113923643 -48.1071852717529 -25.2397991036718 29.7851455488386 52.4965932914133
22.1791896359179 14.371881598877 -48.1071891423023 -25.2750875923576 29.7819818073743 52.5090108553182
22.2092519637803 14.3811840308054 -48.1071929990052 -25.3103727236327 29.7788156177083 52.5213285263261
22.2393038150924 14.3905186809239 -48.1071968413353 -25.3456543929789 29.775646994813 52.5335462195938
22.2693450773364 14.3998855419293 -48.1072006687792 -25.3809324971134 29.7724759536257 52.5456638508356
22.2993756383477 14.4092846064404 -48.1072044808364 -25.4162069339802 29.7693025090485 52.557681336323
22.3293953863138 14.4187158669973 -48.1072082770197 -25.4514776027406 29.7661266759477 52.5695985928842
22.3594042097729 14.4281793160607 -48.1072120568543 -25.4867444037626 29.7629484691543 52.5814155379045
22.3894019976118 14.4376749460109 -48.1072158198789 -25.5220072386087 29.7597679034637 52.593132089325
22.419388639064 14.4472027491469 -48.1072195656446 -25.5572660100227 29.7565849936356 52.6047481656422
22.4493640237067 14.4567627176854 -48.1072232937157 -25.5925206219152 29.7533997543944 52.6162636859075
22.4793280414588 14.4663548437599 -48.1072270036692 -25.6277709793478 29.7502122004287 52.6276785697258
22.5092805825772 14.4759791194191 -48.107230695095 -25.6630169885162 29.7470223463921 52.6389927372552
22.5392215376538 14.4856355366261 -48.1072343675956 -25.6982585567317 29.7438302069024 52.650206109205
22.5691507976118 14.4953240872565 -48.1072380207864 -25.733495592402 29.7406357965426 52.6613186068352
22.5990682537021 14.5050447630974 -48.1072416542956 -25.7687280050107 29.7374391298606 52.6723301519546
22.6289737974986 14.5147975558457 -48.107245267764 -25.8039557050949 29.7342402213695 52.6832406669197
22.6588673208943 14.5245824571064 -48.1072488608449 -25.8391786042227 29.7310390855476 52.694050074633
22.6887487160961 14.5343994583911 -48.1072524332045 -25.8743966149686 29.7278357368393 52.7047582985412
22.7186178756201 14.5442485511159 -48.1072559845214 -25.9096096508881 29.7246301896546 52.7153652626334
22.7484746922863 14.5541297265998 -48.1072595144869 -25.9448176264909 29.7214224583698 52.7258708914395
22.7783190592129 14.5640429760625 -48.1072630228048 -25.9800204572133 29.7182125573279 52.7362751100279
22.8081508698107 14.5739882906224 -48.1072665091913 -26.0152180593889 29.7150005008388 52.7465778440035
22.8379700177768 14.5839656612947 -48.1072699733751 -26.0504103502186 29.7117863031798 52.7567790195054
22.867776397088 14.5939750789887 -48.1072734150973 -26.0855972477387 29.708569978596 52.766878563205
22.8975699019949 14.6040165345059 -48.1072768341115 -26.1207786707889 29.7053515413005 52.7768764023028
22.9273504270141 14.6140900185372 -48.1072802301834 -26.1559545389781 29.7021310054756 52.786772464527
22.9571178669217 14.6241955216608 -48.1072836030914 -26.1911247726495 29.6989083852723 52.79656667813
22.9868721167454 14.6343330343391 -48.1072869526259 -26.2262892928448 29.6956836948117 52.8062589718864
23.0166130717569 14.6445025469166 -48.1072902785896 -26.2614480212662 29.6924569481853 52.8158492750897
23.046340627464 14.6547040496165 -48.1072935807976 -26.2966008802386 29.6892281594554 52.8253375175501
23.0760546796022 14.6649375325383 -48.1072968590769 -26.3317477926698 29.6859973426559 52.8347236295912
23.1057551241261 14.6752029856547 -48.1073001132669 -26.3668886820093 29.682764511793 52.844007542047
23.135441857201 14.6855003988083 -48.1073033432191 -26.4020234722067 29.679529680846 52.853189186259
23.1651147751932 14.6958297617088 -48.1073065487971 -26.4371520876686 29.6762928637676 52.8622684940732
23.1947737746612 14.7061910639296 -48.1073097298767 -26.4722744532139 29.6730540744851 52.8712453978364
23.2244187523456 14.7165842949043 -48.1073128863457 -26.5073904940288 29.669813326901 52.8801198303934
23.25404960516 14.7270094439238 -48.107316018104 -26.5425001356197 29.6665706348939 52.8888917250836
23.2836662301798 14.7374665001319 -48.1073191250635 -26.577603303766 29.6633260123191 52.8975610157372
23.3132685246326 14.7479554525226 -48.1073222071482 -26.6126999244704 29.6600794730097 52.9061276366721
23.3428563858875 14.7584762899357 -48.1073252642941 -26.6477899239095 29.6568310307777 52.9145915226901
23.3724297114436 14.7690290010535 -48.1073282964492 -26.6828732283818 29.6535806994145 52.9229526090736
23.4019883989193 14.7796135743963 -48.1073313035735 -26.7179497642561 29.650328492692 52.9312108315815
23.4315323460406 14.790229998319 -48.1073342856389 -26.7530194579171 29.6470744243639 52.9393661264456
23.4610614506294 14.8008782610068 -48.1073372426294 -26.788082235711 29.6438185081663 52.9474184303671
23.4905756105917 14.8115583504706 -48.1073401745407 -26.8231380238897 29.6405607578191 52.9553676805122
23.520074723905 14.8222702545433 -48.1073430813809 -26.8581867485535 29.6373011870269 52.9632138145084
23.549558688606 14.8330139608751 -48.1073459631697 -26.8932283355929 29.6340398094803 52.9709567704409
23.5790274027776 14.8437894569289 -48.1073488199389 -26.9282627106291 29.6307766388568 52.9785964868478
23.6084807645362 14.8545967299761 -48.1073516517322 -26.9632897989536 29.6275116888223 52.9861329027168
23.637918672018 14.8654357670913 -48.1073544586055 -26.9983095254669 29.6242449730319 52.9935659574804
23.6673410233668 14.8763065551487 -48.1073572406263 -27.0333218146203 29.6209765051315 53.0008955910123
23.6967477167229 14.8872090808175 -48.1073599978743 -27.068326590367 29.6177062987585 53.008121743624
23.7261386502159 14.8981433305599 -48.1073627304414 -27.1033237761288 29.6144343675423 53.015244356062
23.7555137219605 14.9091092906296 -48.107365438431 -27.1383132947758 29.6111607251049 53.022263369506
23.784872830054 14.9201069470713 -48.107368121959 -27.1732950686132 29.6078853850603 53.0291787255678
23.814215872574 14.9311362857196 -48.107370781153 -27.2082690193691 29.604608361015 53.0359903662898
23.8435427475768 14.9421972921989 -48.1073734161529 -27.2432350681816 29.6013296665679 53.0426982341441
23.8728533530948 14.9532899519229 -48.1073760271105 -27.2781931355893 29.5980493153101 53.0493022720309
23.9021475871377 14.9644142500944 -48.1073786141898 -27.313143141531 29.5947673208248 53.0558024232787
23.9314253476954 14.9755701717077 -48.1073811775668 -27.3480850053607 29.5914836966863 53.0621986316437
23.9606865327455 14.9867577015505 -48.1073837174298 -27.3830186458762 29.5881984564598 53.0684908413112
23.989931040261 14.9979768242081 -48.107386233979 -27.4179439813539 29.5849116136994 53.0746789968964
24.0191587682197 15.0092275240661 -48.107388727427 -27.4528609295853 29.5816231819472 53.0807630434466
24.0483696146129 15.0205097853146 -48.1073911979985 -27.487769407912 29.5783331747321 53.0867429264417
24.0775634774532 15.031823591951 -48.1073936459304 -27.5226693332602 29.5750416055687 53.0926185917963
24.1067402547834 15.0431689277835 -48.107396071472 -27.5575606221731 29.5717484879563 53.0983899858605
24.1358998446836 15.054545776434 -48.1073984748847 -27.5924431908431 29.5684538353773 53.1040570554216
24.1650421452796 15.0659541213416 -48.1074008564424 -27.627316955142 29.5651576612967 53.109619747705
24.1941670547495 15.0773939457649 -48.1074032164312 -27.6621818306506 29.5618599791609 53.1150780103757
24.2232744713311 15.088865232785 -48.1074055551496 -27.6970377326867 29.5585608023964 53.1204317915393
24.2523642933286 15.1003679653084 -48.1074078729085 -27.7318845763322 29.5552601444094 53.1256810397434
24.2814364191193 15.1119021260695 -48.1074101700311 -27.7667222764589 29.5519580185844 53.1308257039785
24.3104907471594 15.1234676976327 -48.1074124468534 -27.8015507477529 29.5486544382836 53.1358657336791
24.3395271759904 15.1350646623952 -48.1074147037236 -27.8363699047383 29.5453494168457 53.140801078725
24.3685456042448 15.1466930025891 -48.1074169410024 -27.8711796617991 29.5420429675856 53.1456316894421
24.3975459306512 15.1583527002833 -48.1074191590631 -27.9059799332006 29.5387351037931 53.1503575166036
24.4265280540397 15.170043737386 -48.1074213582917 -27.9407706331089 29.5354258387325 53.1549785114309
24.4554918733466 15.181766095646 -48.1074235390865 -27.9755516756097 29.5321151856416 53.1594946255944
24.4844372876195 15.1935197566548 -48.1074257018587 -28.0103229747254 29.5288031577313 53.163905811215
24.5133641960211 15.2053047018486 -48.1074278470319 -28.0450844444321 29.5254897681846 53.1682120208642
24.5422724978334 15.2171209125092 -48.1074299750427 -28.0798359986735 29.5221750301565 53.1724132075658
24.5711620924619 15.2289683697658 -48.1074320863399 -28.1145775513759 29.5188589567726 53.1765093247963
24.6000328794387 15.2408470545964 -48.1074341813854 -28.14930901646 29.5155415611295 53.1805003264857
24.6288847584257 15.2527569478287 -48.1074362606536 -28.1840303078526 29.5122228562933 53.1843861670188
24.6577176292182 15.2646980301416 -48.1074383246317 -28.2187413394967 29.5089028553 53.1881668012354
24.686531391747 15.276670282066 -48.1074403738197 -28.2534420253609 29.5055815711545 53.1918421844317
24.715325946081 15.2886736839853 -48.1074424087301 -28.2881322794467 29.5022590168303 53.1954122723605
24.7441011924297 15.3007082161369 -48.1074444298886 -28.3228120157954 29.4989352052691 53.1988770212322
24.7728570311447 15.3127738586122 -48.1074464378331 -28.3574811484934 29.4956101493805 53.2022363877158
24.8015933627215 15.3248705913573 -48.1074484331148 -28.3921395916765 29.4922838620418 53.2054903289392
24.8303100878009 15.3369983941735 -48.1074504162973 -28.4267872595326 29.4889563560973 53.20863880249
24.8590071071699 15.3491572467174 -48.1074523879571 -28.4614240663037 29.4856276443585 53.2116817664163
24.887684321763 15.3613471285013 -48.1074543486834 -28.4960499262866 29.4822977396036 53.2146191792275
24.9163416326621 15.373568018893 -48.1074562990782 -28.5306647538318 29.4789666545774 53.2174509998945
24.9449789410972 15.3858198971157 -48.1074582397561 -28.565268463342 29.4756344019911 53.2201771878506
24.9735961484462 15.398102742248 -48.1074601713443 -28.5998609692688 29.4723009945221 53.2227977029925
25.0021931562348 15.4104165332236 -48.1074620944829 -28.6344421861087 29.4689664448141 53.2253125056801
25.0307698661358 15.4227612488305 -48.1074640098244 -28.6690120283973 29.465630765477 53.2277215567378
25.0593261799684 15.4351368677109 -48.107465918034 -28.7035704107026 29.4622939690867 53.230024817455
25.0878619996969 15.4475433683601 -48.1074678197894 -28.7381172476172 29.4589560681851 53.2322222495861
25.1163772274296 15.4599807291261 -48.1074697157809 -28.7726524537493 29.4556170752804 53.2343138153519
25.1448717654169 15.4724489282084 -48.1074716067111 -28.8071759437119 29.4522770028469 53.2362994774395
25.1733455160496 15.4849479436568 -48.1074734932951 -28.8416876321116 29.4489358633253 53.2381791990033
25.2017983818567 15.4974777533707 -48.1074753762603 -28.8761874335357 29.4455936691227 53.2399529436651
25.2302302655027 15.5100383350975 -48.1074772563462 -28.9106752625381 29.4422504326127 53.2416206755152
25.2586410697851 15.5226296664313 -48.1074791343046 -28.9451510336244 29.4389061661357 53.2431823591123
25.2870306976314 15.535251724811 -48.1074810108993 -28.9796146612349 29.4355608819992 53.2446379594845
25.3153990520955 15.5479044875193 -48.1074828869061 -29.0140660597277 29.432214592478 53.2459874421297
25.3437460363547 15.5605879316804 -48.1074847631126 -29.0485051433591 29.4288673098142 53.2472307730159
25.3720715537053 15.5733020342583 -48.1074866403184 -29.082931826264 29.4255190462182 53.2483679185818
25.400375507559 15.5860467720546 -48.1074885193344 -29.1173460224345 29.4221698138684 53.2493988457375
25.4286578014382 15.5988221217065 -48.1074904009833 -29.1517476456975 29.4188196249117 53.2503235218645
25.4569183389714 15.6116280596846 -48.1074922860989 -29.1861366096906 29.4154684914644 53.2511419148169
25.4851570238883 15.6244645622902 -48.1074941755264 -29.2205128278377 29.4121164256119 53.2518539929212
25.5133737600148 15.6373316056531 -48.107496070122 -29.2548762133224 29.40876343941 53.2524597249771
25.5415684512673 15.6502291657287 -48.107497970753 -29.289226679061 29.4054095448846 53.2529590802581
25.5697410016471 15.6631572182951 -48.1074998782971 -29.3235641376736 29.4020547540329 53.2533520285115
25.5978913152342 15.6761157389509 -48.1075017936429 -29.3578885014547 29.3986990788236 53.2536385399595
25.6260192961814 15.6891047031111 -48.107503717689 -29.392199682342 29.3953425311975 53.2538185852992
25.6541248487074 15.7021240860049 -48.1075056513446 -29.4264975918846 29.3919851230686 53.2538921357032
25.6822078770912 15.7151738626723 -48.1075075955284 -29.4607821412148 29.3886268663239 53.2538591628201
25.7102682856679 15.7282540079625 -48.107509551169 -29.4950532410278 29.3852677728244 53.2537196387751
25.7383059788276 15.7413644965327 -48.1075115192045 -29.5293108015781 29.3819078544047 53.2534735361701
25.7663208610179 15.7545053028496 -48.1075135005822 -29.5635547326883 29.3785471228727 53.2531208280847
25.7943128367468 15.7676764011906 -48.1075154962583 -29.5977849437643 29.375185590009 53.2526614880763
25.8222818105876 15.7808777656455 -48.1075175071977 -29.6320013438121 29.3718232675665 53.2520954901808
25.8502276871818 15.7941093701184 -48.1075195343739 -29.6662038414529 29.3684601672693 53.251422808913
25.8781503712434 15.807371188329 -48.1075215787682 -29.700392344938 29.3650963008125 53.2506434192671
25.9060497675617 15.8206631938137 -48.1075236413699 -29.7345667621617 29.3617316798617 53.2497572967172
25.9339257810043 15.8339853599277 -48.1075257231759 -29.7687270006731 29.358366316052 53.2487644172181
25.9617783165199 15.847337659845 -48.10752782519 -29.802872967687 29.3550002209881 53.2476647572054
25.989607279141 15.8607200665603 -48.107529948423 -29.8370045700936 29.3516334062435 53.2464582935963
26.0174125739856 15.8741325528894 -48.1075320938921 -29.8711217144663 29.34826588336 53.2451450037898
26.0451941062595 15.8875750914701 -48.1075342626206 -29.9052243070697 29.3448976638477 53.2437248656679
26.0729517812578 15.9010476547628 -48.1075364556375 -29.9393122538649 29.3415287591841 53.2421978575954
26.1006855043661 15.9145502150508 -48.1075386739771 -29.9733854605145 29.338159180814 53.2405639584209
26.1283951810623 15.9280827444411 -48.1075409186784 -30.0074438323862 29.3347889401495 53.2388231474772
26.1560807169164 15.9416452148639 -48.1075431907853 -30.0414872745552 29.331418048569 53.2369754045819
26.183742017592 15.9552375980734 -48.1075454913451 -30.0755156918055 29.3280465174175 53.235020710038
26.2113789888463 15.9688598656476 -48.1075478214092 -30.1095289886297 29.3246743580063 53.2329590446344
26.2389915365301 15.9825119889878 -48.1075501820317 -30.143527069228 29.3213015816125 53.2307903896466
26.2665795665875 15.9961939393186 -48.1075525742695 -30.177509837506 29.3179281994793 53.2285147268374
26.2941429850558 16.0099056876875 -48.1075549991816 -30.2114771970709 29.3145542228152 53.2261320384573
26.3216816980645 16.0236472049645 -48.1075574578284 -30.2454290512277 29.3111796627944 53.2236423072452
26.3491956118354 16.0374184618413 -48.1075599512716 -30.2793653029774 29.3078045305567 53.2210455164291
26.3766846326842 16.0512194288326 -48.1075624805733 -30.3132858550257 29.3044288372063 53.2183416497263
26.404148667025 16.0650500762783 -48.1075650467955 -30.3471906098059 29.3010525938118 53.2155306913437
26.4315876213787 16.0789103743464 -48.1075676509997 -30.3810794695152 29.2976758114047 53.2126126259775
26.4590014023814 16.0928002930385 -48.1075702942461 -30.4149523361577 29.2942985009781 53.2095874388129
26.4863899167946 16.1067198021935 -48.107572977593 -30.4488091115883 29.290920673485 53.2064551155238
26.5137530715143 16.120668871493 -48.1075757020963 -30.4826496975557 29.2875423398373 53.2032156422723
26.5410907735802 16.1346474704648 -48.1075784688091 -30.5164739957442 29.2841635109042 53.1998690057085
26.5684029301847 16.1486555684879 -48.1075812787805 -30.5502819078146 29.2807841975109 53.1964151929701
26.5956894486814 16.1626931347962 -48.1075841330551 -30.5840733354437 29.2774044104372 53.1928541916821
26.6229502365933 16.1767601384827 -48.1075870326728 -30.6178481803622 29.2740241604164 53.1891859899568
26.6501852016215 16.1908565485033 -48.1075899786675 -30.6516063443927 29.2706434581338 53.185410576393
26.6773942516524 16.2049823336808 -48.1075929720666 -30.6853477294849 29.2672623142255 53.1815279400763
26.7045772947655 16.219137462708 -48.1075960138902 -30.7190722377513 29.2638807392775 53.1775380705786
26.731734239241 16.2333219041518 -48.1075991051508 -30.7527797715003 29.2604987438239 53.1734409579578
26.7588649935665 16.2475356264562 -48.1076022468519 -30.7864702332692 29.2571163383463 53.1692365927579
26.7859694664442 16.2617785979456 -48.1076054399875 -30.8201435258553 29.2537335332722 53.1649249660088
26.8130475667972 16.276050786828 -48.1076086855415 -30.8537995523463 29.2503503389742 53.1605060692261
26.8400992037759 16.290352161198 -48.1076119844866 -30.8874382161498 29.246966765769 53.1559798944109
26.8671242867641 16.3046826890393 -48.1076153377836 -30.9210594210205 29.2435828239157 53.15134643405
26.894122725385 16.3190423382281 -48.1076187463808 -30.9546630710876 29.2401985236154 53.1466056811156
26.9210944295064 16.333431076535 -48.1076222112125 -30.9882490708804 29.2368138750101 53.1417576290654
26.9480393092462 16.3478488716278 -48.1076257331989 -31.0218173253526 29.2334288881812 53.1368022718427
26.9749572749775 16.3622956910738 -48.1076293132448 -31.055367739906 29.230043573149 53.1317396038762
27.0018482373335 16.3767715023422 -48.1076329522388 -31.0889002204123 29.2266579398716 53.1265696200803
27.0287121072116 16.3912762728058 -48.1076366510524 -31.1224146732345 29.2232719982441 53.1212923158549
27.0555487957785 16.405809969743 -48.1076404105389 -31.1559110052468 29.2198857580974 53.1159076870861
27.0823582144733 16.42037256034 -48.107644231533 -31.1893891238533 29.2164992291975 53.1104157301456
27.1091402750122 16.434964011692 -48.1076481148491 -31.2228489370057 29.2131124212446 53.1048164418916
27.1358948893916 16.4495842908051 -48.1076520612811 -31.2562903532196 29.2097253438724 53.0991098196686
27.1626219698913 16.4642333645976 -48.1076560716007 -31.2897132815901 29.206338006647 53.0932958613079
27.189321429078 16.4789111999012 -48.1076601465571 -31.3231176318059 29.2029504190665 53.0873745651276
27.2159931798076 16.4936177634623 -48.1076642868755 -31.3565033141623 29.1995625905598 53.0813459299334
27.2426371352281 16.508353021943 -48.1076684932564 -31.3898702395731 29.1961745304862 53.0752099550184
27.269253208782 16.5231169419219 -48.1076727663743 -31.4232183195816 29.1927862481344 53.0689666401642
27.2958413142079 16.537909489895 -48.107677106877 -31.4565474663695 29.1893977527221 53.0626159856406
27.3224013655429 16.5527306322762 -48.1076815153842 -31.4898575927662 29.1860090533951 53.0561579922069
27.3489332771236 16.5675803353982 -48.1076859924868 -31.5231486122557 29.1826201592266 53.0495926611117
27.375436963588 16.5824585655121 -48.1076905387456 -31.5564204389824 29.1792310792169 53.0429199940939
27.4019123398758 16.5973652887884 -48.1076951546901 -31.5896729877567 29.1758418222924 53.0361399933833
27.4283593212302 16.6123004713167 -48.107699840818 -31.6229061740586 29.1724523973053 53.029252661701
27.4547778231976 16.6272640791058 -48.1077045975933 -31.65611991404 29.169062813033 53.0222580022606
27.4811677616284 16.6422560780835 -48.1077094254459 -31.6893141245266 29.1656730781774 53.0151560187684
27.507529052677 16.6572764340962 -48.1077143247701 -31.7224887230183 29.1622832013645 53.0079467154247
27.5338616128014 16.6723251129089 -48.1077192959238 -31.7556436276878 29.158893191144 53.0006300969242
27.5601653587632 16.6874020802041 -48.1077243392269 -31.7887787573794 29.1555030559885 52.9932061684574
27.5864402076265 16.7025073015812 -48.1077294549606 -31.8218940316051 29.1521128042937 52.985674935711
27.6126860767572 16.7176407425561 -48.1077346433664 -31.8549893705407 29.1487224443772 52.9780364048694
27.6389028838219 16.7328023685598 -48.1077399046442 -31.8880646950201 29.1453319844788 52.9702905826155
27.6650905467862 16.7479921449373 -48.1077452389521 -31.9211199265287 29.1419414327595 52.9624374761318
27.6912489839133 16.7632100369467 -48.1077506464045 -31.9541549871953 29.1385507973018 52.9544770931018
27.717378113762 16.7784560097574 -48.1077561270717 -31.9871697997831 29.135160086109 52.9464094417109
27.7434778551845 16.7937300284491 -48.107761680978 -32.0201642876796 29.1317693071046 52.9382345306478
27.7695481273238 16.8090320580094 -48.107767308101 -32.0531383748849 29.128378468133 52.929952369106
27.7955888496115 16.8243620633329 -48.1077730083704 -32.0860919859992 29.1249875769582 52.9215629667851
27.8215999417644 16.8397200092185 -48.1077787816667 -32.1190250462088 29.1215966412641 52.9130663338922
27.8475813237816 16.8551058603678 -48.1077846278203 -32.151937481271 29.1182056686544 52.9044624811433
27.8735329159407 16.8705195813828 -48.1077905466103 -32.1848292174981 29.1148146666521 52.8957514197653
27.8994546387947 16.8859611367632 -48.1077965377629 -32.2177001817392 29.1114236426995 52.8869331614973
27.9253464131678 16.9014304909048 -48.1078026009511 -32.250550301363 29.1080326041584 52.8780077185924
27.9512081601517 16.9169276080962 -48.1078087357927 -32.2833795042415 29.1046415583091 52.8689751038192
27.9770398011046 16.9324524525188 -48.10781494185 -32.3161877187443 29.1012505123507 52.8598353304626
28.0028412576519 16.9480049882465 -48.107821218628 -32.3489748737468 29.0978594734002 52.8505884123238
28.02861245169 16.9635851792485 -48.1078275655735 -32.3817408986521 29.094468448491 52.8412343637195
28.0543533053919 16.9791929893921 -48.1078339820742 -32.4144857234185 29.0910774445716 52.8317731994796
28.0800637412126 16.9948283824462 -48.1078404674573 -32.4472092785881 29.0876864685047 52.8222049349464
28.1057436818948 17.0104913220843 -48.1078470209888 -32.4799114953146 29.0842955270649 52.8125295859723
28.1313930504735 17.0261817718873 -48.1078536418719 -32.5125923053897 29.0809046269383 52.8027471689185
28.1570117702814 17.0418996953471 -48.1078603292463 -32.545251641268 29.0775137747204 52.7928577006534
28.1825997649532 17.0576450558685 -48.107867082187 -32.5778894360909 29.0741229769153 52.7828611985513
28.2081569584301 17.0734178167723 -48.1078738997034 -32.6105056237091 29.0707322399341 52.7727576804912
28.2336832749641 17.0892179412975 -48.1078807807382 -32.6431001387039 29.0673415700938 52.7625471648553
28.2591786391212 17.1050453926037 -48.1078877241663 -32.6756729164068 29.063950973616 52.7522296705279
28.2846429757857 17.1209001337733 -48.1078947287938 -32.7082238929186 29.060560456626 52.7418052168945
28.3100762101631 17.1367821278132 -48.1079017933572 -32.7407530051263 29.0571700251513 52.7312738238405
28.3354782677831 17.1526913376569 -48.1079089165224 -32.7732601907189 29.0537796851204 52.7206355117506
28.3608490745024 17.1686277261661 -48.1079160968835 -32.8057453882024 29.0503894423622 52.7098903015079
28.3861885565075 17.1845912561321 -48.1079233329621 -32.8382085369129 29.0469993026045 52.6990382144931
28.4114966403165 17.2005818902772 -48.1079306232067 -32.8706495770282 29.0436092714731 52.6880792725841
28.4367732527811 17.2165995912563 -48.1079379659911 -32.9030684495788 29.0402193544909 52.6770134981552
28.4620183210887 17.2326443216573 -48.1079453596141 -32.9354650964566 29.0368295570767 52.6658409140768
28.4872317727634 17.2487160440025 -48.1079528022987 -32.967839460423 29.0334398845447 52.6545615437151
28.5124135356669 17.2648147207491 -48.1079602921908 -33.000191485115 29.030050342103 52.6431754109317
28.5375635380001 17.2809403142898 -48.1079678273589 -33.0325211150504 29.0266609348534 52.6316825400838
28.5626817083029 17.2970927869534 -48.1079754057935 -33.0648282956312 29.02327166779 52.6200829560238
28.5877679754551 17.3132721010049 -48.1079830254056 -33.0971129731458 29.0198825457989 52.6083766840995
28.6128222686759 17.3294782186455 -48.1079906840268 -33.1293750947696 29.0164935736571 52.5965637501545
28.6378445175239 17.3457111020126 -48.1079983794085 -33.1616146085644 29.0131047560318 52.5846441805282
28.6628346518966 17.36197071318 -48.1080061092209 -33.1938314634761 29.0097160974801 52.5726180020563
28.6877926020292 17.3782570141566 -48.1080138710529 -33.2260256093309 29.006327602448 52.5604852420713
28.712718298494 17.3945699668866 -48.1080216624112 -33.2581969968305 29.0029392752698 52.548245928403
28.7376116721983 17.4109095332486 -48.1080294807202 -33.2903455775453 28.9995511201679 52.5359000893797
28.7624726543835 17.4272756750545 -48.108037323321 -33.322471303906 28.9961631412518 52.5234477538285
28.7873011766223 17.4436683540486 -48.1080451874715 -33.3545741291944 28.9927753425181 52.5108889510765
28.8120971708169 17.4600875319061 -48.1080530703457 -33.3866540075323 28.9893877278496 52.4982237109519
28.8368605691962 17.4765331702321 -48.1080609690332 -33.418710893868 28.9860003010154 52.4854520637853
28.8615913043131 17.4930052305598 -48.1080688805396 -33.4507447439633 28.9826130656701 52.4725740404108
28.886289309041 17.5095036743486 -48.1080768017855 -33.4827555143767 28.979226025354 52.4595896721678
28.9109545165705 17.5260284629823 -48.1080847296068 -33.5147431624465 28.9758391834922 52.4464989909022
28.9355868604057 17.5425795577671 -48.108092660754 -33.5467076462719 28.972452543395 52.4333020289684
28.9601862743599 17.5591569199291 -48.1081005918929 -33.5786489246925 28.9690661082575 52.4199988192313
28.9847526925513 17.5757605106119 -48.1081085196038 -33.6105669572659 28.9656798811593 52.4065893950677
29.0092860493982 17.5923902908738 -48.1081164403818 -33.6424617042445 28.9622938650648 52.3930737903691
29.0337862796142 17.6090462216854 -48.1081243506371 -33.6743331265495 28.9589080628228 52.3794520395436
29.0582533182026 17.625728263926 -48.1081322466948 -33.7061811857446 28.955522477167 52.3657241775183
29.082687100451 17.6424363783809 -48.1081401247949 -33.7380058440068 28.9521371107155 52.351890239742
29.107087561925 17.6591705257378 -48.1081479810932 -33.7698070640964 28.9487519659715 52.3379502621876
29.1314546384625 17.6759306665829 -48.1081558116607 -33.801584809325 28.945367045323 52.3239042813554
29.1557882661664 17.6927167613978 -48.1081636124847 -33.8333390435217 28.9419823510434 52.3097523342757
29.1800883813983 17.7095287705551 -48.1081713794689 -33.8650697309981 28.9385978852915 52.2954944585119
29.204354920771 17.7263666543141 -48.1081791084339 -33.8967768365106 28.9352136501123 52.281130692164
29.2285878211408 17.7432303728169 -48.1081867951175 -33.9284603252224 28.9318296474368 52.2666610738722
29.2527870195999 17.7601198860837 -48.1081944351757 -33.9601201626623 28.9284458790829 52.2520856428199
29.2769524534681 17.7770351540078 -48.1082020241834 -33.9917563146827 28.9250623467557 52.237404438738
29.3010840602842 17.7939761363511 -48.1082095576347 -34.0233687474157 28.9216790520483 52.2226175019085
29.3251817777972 17.8109427927388 -48.108217030944 -34.0549574272268 28.9182959964422 52.2077248731687
29.3492455439571 17.8279350826538 -48.1082244394469 -34.0865223206678 28.9149131813081 52.1927265939157
29.3732752969052 17.8449529654315 -48.1082317784012 -34.1180633944273 28.9115306079065 52.17762270611
29.3972709749645 17.8619964002542 -48.1082390429875 -34.1495806152791 28.9081482773889 52.1624132522811
29.4212325166296 17.8790653461447 -48.108246228311 -34.1810739500296 28.9047661907984 52.1470982755314
29.4451598605555 17.8961597619606 -48.1082533294021 -34.2125433654631 28.9013843490704 52.1316778195417
29.4690529455484 17.9132796063883 -48.1082603412181 -34.2439888282897 28.8980027530342 52.1161519285751
29.4929117105565 17.9304248379382 -48.108267258644 -34.2754103051018 28.8946214034129 52.1005206474817
29.5167360946637 17.9475954149422 -48.1082740764944 -34.3068077623435 28.8912403008244 52.0847840216994
29.540526037086 17.9647912955518 -48.1082807895149 -34.3381811662933 28.8878594457812 52.0689420972552
29.5642814771688 17.9820124377385 -48.1082873923836 -34.3695304830511 28.8844788386905 52.0529949207642
29.5880023543847 17.9992587992933 -48.1082938797127 -34.4008556785267 28.8810984798537 52.0369425394296
29.611688608331 18.0165303378269 -48.1083002460504 -34.4321567184301 28.8777183694668 52.0207850010412
29.6353401787294 18.0338270107711 -48.1083064858827 -34.4634335682704 28.8743385076196 52.004522353974
29.6589570054276 18.0511487753818 -48.1083125936354 -34.4946861933684 28.8709588942955 51.9881546471845
29.6825390284039 18.0684955887441 -48.1083185636759 -34.5259145588808 28.8675795293704 51.9716819302053
29.706086187772 18.0858674077775 -48.1083243903154 -34.5571186298302 28.8642004126115 51.9551042531391
29.7295984237866 18.1032641892423 -48.1083300678111 -34.5882983711351 28.8608215436761 51.9384216666525
29.753075676849 18.1206858897448 -48.1083355903688 -34.6194537476377 28.8574429221112 51.9216342219704
29.776517887511 18.1381324657433 -48.1083409521445 -34.65058472413 28.8540645473518 51.9047419708692
29.7999249964804 18.1556038735526 -48.1083461472476 -34.6816912653783 28.8506864187207 51.8877449656724
29.823296944624 18.1731000693496 -48.1083511697432 -34.7127733361448 28.8473085354271 51.8706432592443
29.8466336729721 18.1906210091777 -48.1083560136546 -34.7438309012078 28.8439308965665 51.853436904985
29.8699351227213 18.2081666489517 -48.1083606729662 -34.7748639253795 28.8405535011197 51.8361259568259
29.8932012352379 18.2257369444614 -48.1083651416264 -34.8058723735223 28.8371763479522 51.8187104692244
29.91643195206 18.2433318513763 -48.1083694135501 -34.836856210562 28.8337994358143 51.8011904971597
29.9396272148999 18.2609513252493 -48.1083734826225 -34.8678154014999 28.83042276334 51.7835660961283
29.9627869656462 18.2785953215198 -48.1083773427013 -34.8987499114225 28.8270463290472 51.7658373221402
29.9859111463647 18.2962637955176 -48.1083809876208 -34.9296597055087 28.8236701313375 51.7480042317148
30.0089996993002 18.3139567024658 -48.1083844111945 -34.9605447490352 28.8202941684958 51.7300668818774
30.0320525668764 18.3316739974835 -48.1083876072189 -34.99140500738 28.8169184386905 51.7120253301557
30.0550696916968 18.3494156355884 -48.1083905694768 -35.0222404460236 28.8135429399735 51.6938796345769
30.0780510165443 18.3671815716996 -48.1083932917413 -35.0530510305476 28.8101676702804 51.6756298536648
30.1009964843812 18.3849717606389 -48.1083957677789 -35.0838367266315 28.8067926274307 51.6572760464369
30.1239060383476 18.4027861571334 -48.1083979913539 -35.114597500048 28.8034178091283 51.6388182724022
30.1467796217611 18.4206247158167 -48.1083999562317 -35.1453333166546 28.8000432129617 51.6202565915588
30.1696171781146 18.4384873912304 -48.1084016561835 -35.1760441423846 28.7966688364045 51.6015910643924
30.1924186510742 18.456374137825 -48.1084030849898 -35.2067299432347 28.7932946768164 51.5828217518745
30.2151839844776 18.474284909961 -48.108404236445 -35.2373906852513 28.7899207314435 51.5639487154606
30.2379131223305 18.4922196619093 -48.1084051043615 -35.2680263345138 28.7865469974195 51.5449720170897
30.2606060088038 18.5101783478515 -48.108405682574 -35.2986368571163 28.7831734717661 51.525891719183
30.2832625882301 18.5281609218798 -48.1084059649443 -35.329222219147 28.7798001513944 51.5067078846435
30.3058828050998 18.5461673379974 -48.1084059453656 -35.3597823866646 28.7764270331061 51.4874205768555
30.3284666040566 18.5641975501173 -48.1084056177674 -35.3903173256746 28.7730541135942 51.4680298596847
30.3510139298938 18.5822515120626 -48.1084049761201 -35.4208270021053 28.7696813894448 51.4485357974777
30.3735247275514 18.6003291775672 -48.1084040144401 -35.4513113817933 28.7663088571377 51.4289384550604
30.3959989421158 18.6184305002784 -48.1084027267945 -35.4817704304818 28.7629365130472 51.4092378977344
30.4184365188211 18.636555433762 -48.1084011073064 -35.5122041138297 28.7595643534429 51.3894341912718
30.4408374030524 18.6547039315067 -48.1083991501601 -35.5426123974271 28.7561923744898 51.3695274019086
30.4632015403481 18.6728759469306 -48.108396849606 -35.5729952468086 28.7528205722487 51.349517596338
30.4855288764027 18.6910714333855 -48.1083941999663 -35.6033526274663 28.7494489426767 51.3294048417047
30.5078193570686 18.7092903441625 -48.1083911956404 -35.6336845048595 28.746077481628 51.3091892055983
30.5300729283579 18.7275326324962 -48.1083878311102 -35.6639908444225 28.7427061848542 51.2888707560482
30.5522895364438 18.7457982515695 -48.1083841009459 -35.6942716115699 28.7393350480057 51.2684495615176
30.574469127661 18.7640871545173 -48.1083799998118 -35.7245267716999 28.7359640666321 51.2479256908992
30.5966116485068 18.7823992944305 -48.1083755224719 -35.7547562901949 28.7325932361833 51.2272992135097
30.6187170456406 18.8007346243595 -48.1083706637957 -35.7849601324201 28.7292225520109 51.206570199086
30.640785265884 18.8190930973173 -48.1083654187646 -35.8151382637198 28.7258520093692 51.1857387177808
30.6628162562198 18.8374746662827 -48.1083597824772 -35.8452906494111 28.7224816034167 51.1648048401588
30.6848099637911 18.8558792842025 -48.1083537501562 -35.8754172547754 28.7191113292174 51.1437686371932
30.7067663358994 18.8743069039942 -48.108347317154 -35.905518045048 28.7157411817426 51.122630180263
30.7286853200035 18.892757478548 -48.1083404789594 -35.9355929854048 28.7123711558722 51.1013895411494
30.7505668637162 18.9112309607282 -48.1083332312034 -35.9656420409469 28.709001246397 51.080046792034
30.7724109148022 18.9297273033751 -48.1083255696663 -35.9956651766828 28.7056314480201 51.0586020054965
30.7942174211749 18.9482464593056 -48.1083174902836 -36.0256623575087 28.7022617553592 51.0370552545128
30.8159863308928 18.9667883813147 -48.1083089891526 -36.0556335481858 28.6988921629486 51.0154066124536
30.8377175921559 18.9853530221754 -48.1083000625395 -36.0855787133159 28.6955226652416 50.9936561530832
30.859411153301 19.003940334639 -48.1082907068855 -36.1154978173141 28.6921532566126 50.9718039505592
30.8810669627972 19.0225502714353 -48.1082809188137 -36.1453908243798 28.6887839313597 50.9498500794316
30.902684969241 19.0411827852718 -48.108270695136 -36.1752576984649 28.6854146837071 50.9277946146429
30.9242651213506 19.0598378288333 -48.1082600328599 -36.2050984032399 28.6820455078081 50.9056376315286
30.9458073679603 19.0785153547805 -48.1082489291953 -36.2349129020575 28.6786763977474 50.8833792058178
30.9673116580139 19.097215315749 -48.1082373815612 -36.2647011579141 28.6753073475446 50.8610194136344
30.9887779405583 19.115937664347 -48.1082253875934 -36.2944631334091 28.6719383511566 50.8385583314984
31.0102061647365 19.1346823531538 -48.1082129451505 -36.3241987907015 28.6685694024812 50.8159960363277
31.0315962797801 19.1534493347175 -48.1082000523218 -36.3539080914643 28.6652004953599 50.7933326054407
31.0529482350016 19.1722385615517 -48.1081867074338 -36.3835909968374 28.6618316235815 50.7705681165582
31.074261979787 19.1910499861338 -48.1081729090578 -36.413247467382 28.6584627808857 50.7477026478064
31.0955374635892 19.2098835609033 -48.1081586560164 -36.4428774630425 28.6550939609656 50.7247362777173
31.1167746359238 19.228739238262 -48.1081439473914 -36.4724809431219 28.6517251574712 50.7016690852279
31.1379734463674 19.247616970577 -48.1081287825301 -36.5020578662683 28.6483563640119 50.6785011496763
31.1591338445557 19.266516710183 -48.1081131610535 -36.5316081904659 28.644987574159 50.6552325507977
31.1802557801826 19.2854384093858 -48.1080970828624 -36.5611318730262 28.6416187814482 50.6318633687199
31.2013392029987 19.3043820204653 -48.1080805481454 -36.5906288705766 28.6382499793825 50.6083936839589
31.2223840628091 19.3233474956773 -48.1080635573859 -36.6200991390473 28.6348811614349 50.5848235774152
31.2433903094716 19.3423347872567 -48.108046111369 -36.6495426336555 28.6315123210514 50.5611531303709
31.2643578928936 19.361343847418 -48.1080282111889 -36.6789593088878 28.6281434516537 50.5373824244866
31.2852867630291 19.3803746283577 -48.1080098582561 -36.7083491184797 28.6247745466429 50.5135115417989
31.3061768698757 19.3994270822551 -48.1079910543044 -36.7377120153937 28.621405599402 50.4895405647187
31.3270281634702 19.4185011612727 -48.1079718013981 -36.7670479517947 28.6180366032998 50.4654695760296
31.347840593885 19.4375968175569 -48.1079521019389 -36.796356879023 28.6146675516942 50.4412986588865
31.3686141112234 19.4567140032381 -48.1079319586734 -36.8256387475657 28.6112984379353 50.4170278968153
31.3893486656147 19.4758526704297 -48.1079113746995 -36.8548935070254 28.6079292553698 50.3926573737127
31.4100442072092 19.4950127712281 -48.1078903534737 -36.8841211060875 28.6045599973441 50.3681871738461
31.4307006861728 19.514194257712 -48.1078688988182 -36.9133214924893 28.6011906572083 50.343617381854
31.4513180526839 19.5333970819427 -48.1078470149272 -36.9424946129965 28.5978212283196 50.3189480827443
31.4718962569313 19.5526211959666 -48.1078247063741 -36.9716404133936 28.5944517040459 50.2941793618908
31.4924352491144 19.5718665518196 -48.1078019781184 -37.000758838485 28.5910820777683 50.2693113050268
31.5129349794446 19.5911331015318 -48.1077788355117 -37.0298498321011 28.5877123428844 50.2443439982385
31.5333953981463 19.6104207971327 -48.1077552843047 -37.0589133371044 28.5843424928113 50.2192775279576
31.5538164554581 19.6297295906555 -48.1077313306537 -37.0879492953932 28.5809725209879 50.1941119809551
31.5741981016331 19.6490594341417 -48.1077069811268 -37.1169576479043 28.5776024208788 50.1688474443346
31.5945402869394 19.6684102796447 -48.1076822427103 -37.1459383346126 28.5742321859771 50.1434840055272
31.61484296166 19.6877820792335 -48.1076571228145 -37.1748912945289 28.5708618098075 50.118021752286
31.6351060760922 19.7071747849958 -48.1076316292805 -37.2038164656962 28.5674912859299 50.0924607726818
31.6553295805472 19.7265883490404 -48.1076057703854 -37.2327137851831 28.5641206079427 50.0668011550986
31.6755134253487 19.7460227234998 -48.1075795548484 -37.2615831890761 28.5607497694864 50.0410429882304
31.6956575608317 19.7654778605321 -48.1075529918367 -37.2904246124694 28.5573787642469 50.0151863610778
31.7157619373408 19.7849537123224 -48.1075260909705 -37.3192379894531 28.5540075859596 49.9892313629456
31.7358265052289 19.8044502310848 -48.1074988623287 -37.3480232531042 28.5506362284126 49.9631780834398
31.7558512148567 19.8239673690648 -48.1074713164543 -37.3767803354841 28.5472646854504 49.9370266124634
31.775836016595 19.8435050785441 -48.1074434643591 -37.4055091676514 28.5438929509768 49.9107770402098
31.7957808608277 19.8630633118472 -48.1074153175287 -37.4342096796841 28.5405210189579 49.8844294571537
31.8156856979571 19.882642021348 -48.1073868879273 -37.4628818007085 28.537148883425 49.8579839540408
31.8355504784081 19.9022411594774 -48.1073581880022 -37.4915254589269 28.5337765384767 49.8314406218783
31.8553751526331 19.9218606787299 -48.1073292306879 -37.5201405816445 28.530403978282 49.8047995519245
31.8751596711158 19.9415005316701 -48.1073000294107 -37.548727095294 28.5270311970834 49.7780608356807
31.8949039843754 19.9611606709382 -48.1072705980922 -37.577284925459 28.523658189199 49.751224564882
31.91460804297 19.9808410492561 -48.107240951153 -37.6058139968947 28.5202849490259 49.72429083149
31.9342717975 20.000541619432 -48.1072111035166 -37.6343142335477 28.5169114710433 49.6972597276849
31.9538951986109 20.0202623343653 -48.107181070612 -37.6627855585737 28.5135377498148 49.6701313458594
31.9734781969967 20.0400031470508 -48.1071508683774 -37.6912278943531 28.5101637799924 49.6429057786121
31.9930207434014 20.0597640105827 -48.1071205132623 -37.7196411625059 28.5067895563186 49.615583118742
32.0125227886222 20.0795448781575 -48.1070900222304 -37.7480252839036 28.5034150736304 49.5881634592437
32.0319842835107 20.0993457030777 -48.1070594127618 -37.7763801786814 28.5000403268618 49.5606468933026
32.0514051789759 20.1191664387543 -48.1070287028547 -37.8047057662515 28.4966653110473 49.5330335142908
32.0707854259868 20.1390070387113 -48.1069979110274 -37.8330019653249 28.4932900213244 49.5053234157602
32.0901249755789 20.1588674565919 -48.1069670563195 -37.8612686939475 28.4899144529367 49.4775166914348
32.1094237788605 20.1787476461657 -48.1069361582929 -37.8895058695471 28.4865386012354 49.4496134351988
32.1286817870215 20.1986475613377 -48.1069052370328 -37.9177134089854 28.4831624616816 49.4216137410849
32.147898951342 20.2185671561566 -48.1068743131482 -37.9458912286116 28.4797860298483 49.3935177032622
32.1670752232001 20.2385063848231 -48.1068434077715 -37.9740392443134 28.4764093014222 49.3653254160243
32.1862105540799 20.2584652016973 -48.1068125425593 -38.0021573715674 28.4730322722057 49.3370369737789
32.2053048955796 20.2784435613057 -48.1067817396907 -38.0302455254877 28.4696549381189 49.3086524710371
32.2243581994187 20.2984414183485 -48.1067510218674 -38.0583036208731 28.4662772952013 49.2801720024042
32.2433704174454 20.3184587277056 -48.1067204123119 -38.0863315722528 28.4628993396141 49.2515956625702
32.2623415016437 20.3384954444421 -48.1066899347661 -38.114329293931 28.459521067642 49.2229235463018
32.2812714041401 20.3585515238145 -48.1066596134892 -38.1422967000299 28.4561424756951 49.1941557484344
32.3001600772105 20.3786269212749 -48.1066294732556 -38.1702337045317 28.452763560311 49.1652923638654
32.3190074732864 20.3987215924757 -48.1065995393518 -38.1981402213185 28.4493843181563 49.1363334875472
32.3378135449612 20.4188354932738 -48.1065698375736 -38.2260161642118 28.4460047460291 49.107279214482
32.3565782449963 20.4389685797339 -48.1065403942224 -38.2538614470105 28.4426248408603 49.0781296397164
32.3753015263268 20.4591208081319 -48.1065112361011 -38.281675983527 28.439244599716 49.0488848583367
32.3939833420672 20.4792921349574 -48.1064823905101 -38.3094596876235 28.4358640197986 49.0195449654655
32.4126236455168 20.4994825169155 -48.1064538852419 -38.3372124732453 28.4324830984493 48.9901100562585
32.4312223901653 20.5196919109294 -48.1064257485765 -38.3649342544546 28.4291018331495 48.9605802259018
32.4497795296973 20.5399202741408 -48.1063980092752 -38.392624945462 28.4257202215222 48.93095556961
32.4682950179975 20.5601675639111 -48.1063706965747 -38.4202844606576 28.4223382613343 48.9012361826257
32.4867688091555 20.5804337378217 -48.1063438401804 -38.4479127146407 28.4189559504976 48.871422160218
32.5052008574704 20.6007187536737 -48.1063174702594 -38.4755096222484 28.4155732870707 48.8415135976839
32.523591117455 20.6210225694877 -48.1062916174329 -38.5030750985833 28.4121902692602 48.8115105903483
32.5419395438399 20.641345143502 -48.106266312768 -38.53060905904 28.4088068954224 48.7814132335658
32.5602460915781 20.6616864341718 -48.1062415877695 -38.5581114193309 28.4054231640643 48.7512216227234
32.5785107158485 20.6820464001668 -48.1062174743706 -38.5855820955108 28.4020390738452 48.7209358532427
32.5967333720598 20.7024250003687 -48.1061940049234 -38.6130210040007 28.3986546235774 48.6905560205841
32.614914015854 20.7228221938684 -48.1061712121891 -38.6404280616103 28.3952698122281 48.6600822202511
32.6330526031102 20.7432379399624 -48.1061491293272 -38.6678031855603 28.3918846389194 48.6295145477948
32.6511490899475 20.7636721981492 -48.1061277898843 -38.6951462935033 28.3884991029301 48.5988530988202
32.6692034327286 20.7841249281247 -48.1061072277828 -38.722457303544 28.385113203696 48.5680979689923
32.6872155880628 20.8045960897773 -48.1060874773087 -38.7497361342586 28.3817269408106 48.5372492540433
32.7051855128086 20.8250856431828 -48.1060685730986 -38.7769827047131 28.3783403140261 48.5063070497802
32.7231131640771 20.8455935485987 -48.1060505501269 -38.8041969344816 28.3749533232536 48.4752714520935
32.7409984992344 20.8661197664575 -48.1060334436914 -38.831378743663 28.3715659685634 48.4441425569662
32.7588414759038 20.8866642573605 -48.1060172893998 -38.8585280528974 28.3681782501855 48.4129204604838
32.7766420519693 20.9072269820705 -48.106002123154 -38.8856447833819 28.3647901685098 48.3816052588448
32.7944001855769 20.9278079015039 -48.105987981135 -38.9127288568852 28.3614017240856 48.3501970483719
32.8121158351374 20.9484069767228 -48.1059748997869 -38.9397801957622 28.358012917622 48.3186959255243
32.8297889593286 20.9690241689266 -48.1059629157999 -38.9667987229674 28.3546237499875 48.2871019869097
32.8474195170971 20.9896594394426 -48.1059520660936 -38.9937843620681 28.3512342222094 48.2554153292983
32.8650074676604 21.0103127497167 -48.1059423877985 -39.0207370372567 28.3478443354733 48.2236360496365
32.8825527705087 21.0309840613033 -48.1059339182385 -39.0476566733627 28.3444540911227 48.1917642450615
32.900055385407 21.0516733358552 -48.1059266949111 -39.0745431958637 28.3410634906576 48.1598000129172
32.9175152723962 21.0723805351124 -48.1059207554681 -39.1013965308968 28.3376725357339 48.12774345077
32.9349323917952 21.0931056208909 -48.1059161376958 -39.1282166052682 28.334281228162 48.0955946564253
32.9523067042022 21.1138485550709 -48.1059128794937 -39.1550033464633 28.3308895699054 48.0633537279457
32.9696381704962 21.1346092995845 -48.1059110188532 -39.181756682656 28.3274975630794 48.0310207636684
32.9869267518384 21.1553878164032 -48.1059105938361 -39.2084765427177 28.324105209949 47.9985958622246
33.0041724096734 21.1761840675246 -48.1059116425515 -39.2351628562254 28.3207125129272 47.9660791225588
33.0213751057308 21.1969980149588 -48.1059142031325 -39.26181555347 28.317319474573 47.9334706439487
33.0385348020259 21.2178296207147 -48.1059183137132 -39.2884345654639 28.3139260975888 47.9007705260268
33.0556514608608 21.238678846785 -48.1059240124033 -39.3150198239482 28.3105323848183 47.867978868801
33.072725044826 21.2595456551319 -48.105931337264 -39.3415712613996 28.3071383392434 47.8350957726776
33.0897555168008 21.2804300076714 -48.1059403262815 -39.3680888110371 28.3037439639816 47.8021213384834
33.1067428399545 21.3013318662578 -48.1059510173416 -39.3945724068283 28.3003492622826 47.7690556674897
33.1236869777471 21.3222511926674 -48.1059634482023 -39.4210219834949 28.2969542375254 47.7358988614365
33.1405878939306 21.3431879485818 -48.1059776564666 -39.4474374765191 28.2935588932143 47.7026510225566
33.1574455525489 21.3641420955712 -48.1059936795544 -39.4738188221485 28.2901632329753 47.6693122536019
33.1742599179394 21.385113595077 -48.106011554674 -39.5001659574013 28.2867672605521 47.6358826578685
33.1910309547332 21.4061024083936 -48.1060313187928 -39.5264788200715 28.2833709798022 47.6023623392242
33.2077586278559 21.4271084966506 -48.1060530086074 -39.5527573487333 28.2799743946916 47.5687514021351
33.2244429025281 21.4481318207941 -48.1060766605135 -39.5790014827457 28.2765775092911 47.5350499516938
33.2410837442661 21.4691723415676 -48.1061023105746 -39.6052111622567 28.2731803277707 47.501258093648
33.2576811188821 21.4902300194929 -48.1061299944906 -39.6313863282079 28.2697828543943 47.4673759344291
33.2742349924853 21.51130481485 -48.1061597475656 -39.6575269223377 28.2663850935151 47.4334035811822
33.2907453314816 21.5323966876573 -48.1061916046754 -39.6836328871855 28.2629870495689 47.3993411417961
33.3072121025746 21.5535055976509 -48.106225600234 -39.7097041660956 28.2595887270688 47.3651887249343
33.3236352727657 21.574631504264 -48.1062617681599 -39.7357407032203 28.2561901305987 47.3309464400662
33.3400148093546 21.5957743666055 -48.1063001418419 -39.7617424435234 28.2527912648071 47.2966143974988
33.3563506799395 21.6169341434388 -48.1063407541041 -39.7877093327837 28.2493921344001 47.2621927084094
33.3726428524175 21.6381107931595 -48.1063836371703 -39.8136413175982 28.2459927441343 47.2276814848782
33.3888912949849 21.6593042737736 -48.1064288226285 -39.8395383453849 28.2425930988101 47.1930808399222
33.4050959761373 21.6805145428748 -48.1064763413941 -39.8654003643864 28.2391932032635 47.1583908875284
33.4212568646701 21.7017415576219 -48.1065262236731 -39.8912273236722 28.2357930623585 47.1236117426891
33.4373739296784 21.7229852747154 -48.1065784989245 -39.9170191731424 28.2323926809794 47.0887435214359
33.4534471405574 21.7442456503743 -48.106633195823 -39.9427758635298 28.2289920640218 47.0537863408757
33.4694764670027 21.7655226403125 -48.1066903422198 -39.9684973464033 28.2255912163841 47.0187403192261
33.4854618790098 21.7868161997146 -48.1067499651043 -39.9941835741707 28.2221901429589 46.9836055758519
33.5014033468752 21.8081262832121 -48.106812090565 -40.0198345000808 28.2187888486234 46.9483822313013
33.5173008411957 21.8294528448584 -48.1068767437493 -40.0454500782271 28.2153873382301 46.9130704073434
33.5331543328688 21.8507958381045 -48.1069439488238 -40.0710302635498 28.2119856165966 46.8776702270054
33.5489637930929 21.8721552157741 -48.1070137289337 -40.0965750118387 28.2085836884961 46.8421818146103
33.5647291933671 21.8935309300379 -48.107086106162 -40.1220842797361 28.2051815586465 46.806605295815
33.5804505054915 21.9149229323892 -48.1071611014883 -40.1475580247392 28.2017792317001 46.7709407976491
33.596127701567 21.9363311736174 -48.107238734747 -40.1729962052031 28.198376712232 46.7351884485532
33.6117607539953 21.9577556037827 -48.1073190245858 -40.1983987803432 28.1949740047298 46.6993483784183
33.6273496354791 21.9791961721905 -48.1074019884232 -40.2237657102381 28.191571113581 46.663420718625
33.6428943190219 22.0006528273647 -48.1074876424062 -40.2490969558322 28.1881680430618 46.6274056020832
33.6583947779279 22.0221255170218 -48.1075760013674 -40.2743924789384 28.1847647973249 46.5913031632717
33.6738509858022 22.0436141880447 -48.1076670787821 -40.2996522422411 28.1813613803865 46.5551135382788
33.6892629165503 22.0651187864561 -48.1077608867251 -40.3248762092982 28.1779577961142 46.5188368648418
33.7046305443785 22.086639257392 -48.107857435827 -40.3500643445447 28.1745540482138 46.4824732823881
33.7199538437934 22.108175545075 -48.107956735231 -40.3752166132948 28.1711501402157 46.4460229320753
33.7352327896017 22.1297275927877 -48.1080587925488 -40.4003329817449 28.1677460754615 46.4094859568324
33.7504673569105 22.1512953428456 -48.1081636138169 -40.4254134169763 28.1643418570899 46.3728625014002
33.7656575211265 22.172878736571 -48.1082712034522 -40.4504578869578 28.1609374880229 46.3361527123721
33.7808032579564 22.1944777142653 -48.1083815642084 -40.4754663605484 28.1575329709508 46.2993567382358
33.7959045434062 22.2160922151828 -48.1084946971314 -40.5004388075005 28.1541283083176 46.2624747294133
33.810961353781 22.2377221775038 -48.1086106015152 -40.5253751984617 28.1507235023064 46.2255068383028
33.825973665685 22.2593675383072 -48.1087292748579 -40.5502755049782 28.1473185548233 46.1884532193188
33.8409414560212 22.2810282335446 -48.1088507128172 -40.5751396994972 28.1439134674822 46.1513140289339
33.8558647019904 22.302704198013 -48.1089749091665 -40.5999677553696 28.1405082415891 46.1140894257191
33.8707433810916 22.3243953653283 -48.1091018557507 -40.6247596468523 28.1371028781256 46.0767795703848
33.8855774711214 22.3461016678988 -48.1092315424423 -40.649515349111 28.1336973777324 46.0393846258212
33.9003669501733 22.3678230368989 -48.1093639570973 -40.6742348382226 28.1302917406931 46.0019047571392
33.9151117966374 22.3895594022426 -48.1094990855122 -40.6989180911775 28.1268859669169 45.96434013171
33.9298119892 22.4113106925574 -48.10963691138 -40.723565085882 28.1234800559214 45.9266909192062
33.9444675068429 22.4330768351587 -48.1097774162471 -40.7481758011608 28.1200740068152 45.8889572916406
33.9590783288431 22.4548577560234 -48.1099205794705 -40.7727502167586 28.1166678182803 45.8511394234064
33.9736444347716 22.476653379765 -48.1100663781753 -40.7972883133425 28.1132614885541 45.8132374913161
33.9881658044934 22.4984636296079 -48.110214787212 -40.8217900725042 28.1098550154112 45.7752516746406
34.0026424181665 22.5202884273622 -48.1103657791149 -40.8462554767612 28.106448396145 45.7371821551479
34.0170742562409 22.5421276933996 -48.1105193240606 -40.8706845095589 28.1030416275491 45.6990291171407
34.0314612994584 22.563981346628 -48.1106753898268 -40.8950771552721 28.0996347058986 45.6607927474948
34.0458035288511 22.5858493044683 -48.1108339417519 -40.9194333992062 28.0962276269308 45.6224732356955
34.0601009257409 22.6077314828295 -48.1109949426948 -40.9437532275984 28.0928203858261 45.5840707738752
34.0743534717384 22.6296277960864 -48.1111583529957 -40.9680366276187 28.0894129771887 45.5455855568487
34.088561148742 22.6515381570555 -48.1113241304368 -40.9922835873708 28.0860053950266 45.5070177821495
34.1027239389365 22.6734624769731 -48.1114922302046 -41.0164940958925 28.0825976327322 45.4683676500645
34.1168418247922 22.6954006654727 -48.1116626048519 -41.0406681431561 28.0791896830622 45.4296353636681
34.1309147890638 22.7173526305633 -48.1118352042612 -41.0648057200682 28.0757815381174 45.3908211288562
34.1449428147888 22.7393182786082 -48.1120099756086 -41.0889068184701 28.0723731893222 45.3519251543791
34.1589258852863 22.761297514304 -48.1121868633287 -41.1129714311364 28.0689646274048 45.3129476518735
34.1728639841557 22.7832902406607 -48.1123658090799 -41.1369995517749 28.065555842376 45.2738888358938
34.186757095275 22.8052963589819 -48.1125467517113 -41.1609911750252 28.062146823509 45.2347489239431
34.2006052027992 22.8273157688455 -48.1127296272299 -41.184946296457 28.0587375593181 45.1955281365021
34.2144082911588 22.8493483680854 -48.112914368769 -41.2088649125685 28.0553280375383 45.1562266970586
34.228166345058 22.8713940527736 -48.113100906558 -41.232747020784 28.0519182451041 45.116844832135
34.2418793494726 22.8934527172028 -48.1132891678924 -41.2565926194513 28.0485081681283 45.0773827713148
34.2555472896486 22.9155242538703 -48.1134790771061 -41.2804017078384 28.0450977918813 45.0378407472687
34.2691701510996 22.9376085534618 -48.1136705555437 -41.3041742861302 28.0416871007693 44.9982189957793
34.282747919605 22.9597055048364 -48.1138635215348 -41.3279103554244 28.0382760783137 44.9585177557647
34.2962805812078 22.9818149950123 -48.1140578903695 -41.3516099177269 28.0348647071294 44.9187372693006
34.3097681222118 23.0039369091535 -48.1142535742745 -41.3752729759467 28.0314529689036 44.8788777816417
34.32321052918 23.0260711305565 -48.1144504823917 -41.3988995338904 28.0280408443749 44.8389395412421
34.3366077889312 23.0482175406392 -48.114648520757 -41.4224895962563 28.0246283133115 44.7989227997732
34.3499598885378 23.0703760189293 -48.1148475922816 -41.4460431686269 28.0212153544903 44.7588278121419
34.3632668153229 23.0925464430543 -48.1150475967345 -41.4695602574625 28.0178019456759 44.7186548365061
34.3765285568575 23.1147286887324 -48.1152484307257 -41.4930408700925 28.0143880635988 44.6784041342895
34.3897451009573 23.1369226297644 -48.1154499876923 -41.5164850147068 28.010973683935 44.638075970195
34.4029164356794 23.159128138026 -48.1156521578858 -41.5398927003469 28.0075587812847 44.597670612216
34.4160425493197 23.1813450834619 -48.1158548283603 -41.5632639368954 28.0041433291517 44.5571883316469
34.4291234304084 23.2035733340805 -48.1160578829638 -41.5865987350652 28.0007272999221 44.5166294030916
34.4421590677077 23.2258127559498 -48.1162612023304 -41.6098971063886 27.9973106648444 44.47599410447
34.4551494502074 23.2480632131948 -48.1164646638745 -41.6331590632091 27.9938933940082 44.4352827170229
34.4680945671231 23.2703245679979 -48.116668141787 -41.6563846186818 27.9904754563242 44.3944955253107
34.4809944078947 23.2925966806029 -48.1168715070339 -41.6795737867869 27.9870568195029 44.3536328172071
34.4938489621863 23.3148794093222 -48.1170746273559 -41.7027265823553 27.9836374500339 44.3126948838861
34.5066582198873 23.3371726105466 -48.1172773672709 -41.7258430210982 27.9802173131648 44.2716820198055
34.5194221711123 23.3594761387568 -48.1174795880784 -41.7489231196382 27.9767963728802 44.2305945226869
34.532140806202 23.3817898465359 -48.1176811478659 -41.7719668955398 27.9733745918815 44.1894326934952
34.5448141157238 23.4041135845833 -48.1178819015178 -41.7949743673383 27.9699519315666 44.1481968364142
34.5574420904713 23.4264472017304 -48.1180817007258 -41.8179455545679 27.9665283520098 44.106887258822
34.5700247214651 23.4487905449568 -48.1182803940032 -41.8408804777892 27.9631038119422 44.0655042712634
34.5825619999518 23.4711434594082 -48.1184778266996 -41.8637791586144 27.9596782687325 44.0240481874203
34.5950539174044 23.4935057884158 -48.1186738410196 -41.8866416197333 27.9562516783682 43.9825193240803
34.6075004655212 23.5158773735173 -48.1188682760429 -41.909467884936 27.9528239954366 43.9409180011031
34.6199016362255 23.5382580544782 -48.1190609677478 -41.9322579791361 27.9493951731072 43.8992445413843
34.6322574216642 23.5606476693166 -48.1192517490363 -41.9550119283918 27.9459651631139 43.8574992708177
34.6445678142072 23.583046054327 -48.119440449763 -41.9777297599261 27.9425339157373 43.8156825182544
34.6568328064459 23.6054530441078 -48.1196268967652 -42.0004115021456 27.9391013797886 43.7737946154607
34.6690523911916 23.6278684715889 -48.119810913897 -42.023057184658 27.9356675025928 43.7318358970725
34.6812265614738 23.6502921680613 -48.1199923220655 -42.0456668382883 27.9322322299732 43.6898067005483
34.6933553105384 23.6727239632087 -48.12017093927 -42.0682404950938 27.9287955062358 43.6477073661192
34.7054386318457 23.6951636851397 -48.1203465806439 -42.0907781883772 27.9253572741555 43.6055382367368
34.7174765190676 23.7176111604229 -48.1205190584995 -42.1132799526988 27.9219174749608 43.5632996580183
34.7294689660857 23.740066214122 -48.1206881823759 -42.1357458238872 27.9184760483215 43.5209919781892
34.7414159669882 23.7625286698346 -48.12085375909 -42.158175839048 27.9150329323351 43.4786155480236
34.7533175160666 23.7849983497306 -48.1210155927898 -42.1805700365715 27.9115880635149 43.4361707207821
34.7651736078131 23.8074750745937 -48.1211734850118 -42.2029284561385 27.9081413767785 43.3936578521463
34.7769842369168 23.8299586638643 -48.1213272347405 -42.2252511387249 27.9046928054369 43.3510773001514
34.7887493982604 23.8524489356837 -48.1214766384721 -42.2475381266044 27.9012422811846 43.308429425116
34.8004690869155 23.8749457069403 -48.1216214902803 -42.2697894633494 27.8977897340904 43.265714589569
34.8121432981396 23.8974487933182 -48.121761581886 -42.2920051938303 27.8943350925883 43.222933158174
34.8237720273709 23.9199580093461 -48.1218967027301 -42.3141853642137 27.8908782834706 43.1800854976506
34.8353552702238 23.9424731684498 -48.1220266400497 -42.3363300219577 27.8874192318805 43.1371719766936
34.8468930224843 23.9649940830051 -48.1221511789573 -42.3584392158064 27.883957861306 43.0941929658885
34.858385280105 23.987520564393 -48.1222701025239 -42.3805129957821 27.8804940935752 43.0511488376249
34.8698320391994 24.0100524230573 -48.1223831918651 -42.4025514131759 27.8770278488517 43.0080399660069
34.8812332960364 24.0325894685629 -48.1224902262304 -42.4245545205361 27.8735590456313 42.9648667267604
34.8925890470348 24.0551315096569 -48.1225909830965 -42.4465223716549 27.8700876007398 42.921629497138
34.9038992887567 24.0776783543314 -48.1226852382641 -42.4684550215531 27.8666134293316 42.8783286558202
34.9151640179016 24.1002298098878 -48.1227727659575 -42.4903525264633 27.8631364448894 42.8349645828147
34.9263832312995 24.1227856830034 -48.1228533389286 -42.5122149438098 27.8596565592247 42.791537659352
34.9375569259043 24.1453457797996 -48.122926728564 -42.5340423321883 27.8561736824795 42.7480482677786
34.9486850987863 24.1679099059125 -48.1229927049954 -42.5558347513417 27.8526877231296 42.7044967914469
34.9597677471254 24.1904778665644 -48.1230510372145 -42.5775922621352 27.8491985879878 42.6608836146022
34.9708048682027 24.2130494666386 -48.1231014931908 -42.5993149265286 27.8457061822099 42.6172091222672
34.9817964593935 24.2356245107548 -48.123143839993 -42.6210028075464 27.8422104093 42.5734737001228
34.9927425181583 24.2582028033474 -48.1231778439144 -42.6426559692461 27.8387111711185 42.5296777343866
35.0036430420347 24.2807841487449 -48.123203270602 -42.6642744766842 27.8352083678906 42.4858216116879
35.0144980286289 24.3033683512521 -48.1232198851888 -42.6858583958795 27.8317018982163 42.4419057189407
35.0253074756064 24.3259552152332 -48.1232274524303 -42.7074077937747 27.8281916590813 42.3979304432123
35.036071380683 24.3485445451978 -48.1232257368446 -42.7289227381955 27.8246775458697 42.3538961715901
35.0467897416151 24.371136145888 -48.1232145028556 -42.7504032978072 27.8211594523775 42.3098032910453
35.05746255619 24.3937298223679 -48.1231935149408 -42.7718495420695 27.8176372708281 42.2656521882932
35.068089822216 24.416325380115 -48.1231625377823 -42.7932615411879 27.814110891888 42.2214432496512
35.078671537512 24.4389226251128 -48.1231213364214 -42.8146393660641 27.8105802046857 42.177176860893
35.0892076998968 24.4615213639462 -48.1230696764171 -42.8359830882426 27.8070450968301 42.1328534071013
35.0996983071783 24.4841214038982 -48.1230073240082 -42.8572927798557 27.8035054544316 42.0884732725165
35.1101433571425 24.5067225530484 -48.1229340462789 -42.8785685135661 27.7999611621239 42.0440368403827
35.1205428475421 24.5293246203738 -48.1228496113287 -42.899810362506 27.7964121030882 41.9995444927916
35.1308967760847 24.5519274158507 -48.1227537884449 -42.9210184002152 27.7928581590777 41.9549966105227
35.141205140421 24.5745307505589 -48.1226463482795 -42.9421927005751 27.7892992104447 41.9103935728817
35.1514679381327 24.5971344367877 -48.1225270630296 -42.9633333377415 27.7857351361688 41.865735757535
35.1616851667198 24.6197382881433 -48.1223957066211 -42.984440386074 27.7821658138862 41.8210235403429
35.1718568235881 24.6423421196581 -48.1222520548959 -43.0055139200628 27.7785911199217 41.7762572951891
35.1819829060362 24.6649457479017 -48.122095885803 -43.0265540142533 27.7750109293212 41.7314373938079
35.1920634112423 24.6875489910935 -48.121926979593 -43.047560743168 27.7714251158867 41.6865642056091
35.2020983362506 24.7101516692169 -48.1217451190155 -43.0685341812252 27.7678335522121 41.6416380975002
35.2120876779577 24.7327536041355 -48.1215500895205 -43.0894744026559 27.7642361097214 41.5966594337058
35.2220314330985 24.75535461971 -48.1213416794633 -43.1103814814171 27.7606326587084 41.5516285755854
35.2319295982321 24.7779545419175 -48.1211196803117 -43.1312554911033 27.7570230683779 41.5065458814481
35.2417821697271 24.8005531989721 -48.1208838868577 -43.1520965048552 27.7534072068885 41.4614117063651
35.2515891437476 24.8231504214472 -48.1206340974318 -43.1729045952693 27.7497849413977 41.4162264019792
35.2613505162387 24.8457460424013 -48.1203701141201 -43.1936798343141 27.7461561381077 41.3709903163079
35.2710662829138 24.8683398975075 -48.1200917429852 -43.2144222932575 27.7425206623132 41.3257037935406
35.280736439242 24.8909318251861 -48.11979879429 -43.2351320426024 27.7388783784501 41.2803671738286
35.2903609804359 24.913521666741 -48.1194910827239 -43.2558091520257 27.7352291501461 41.2349807930708
35.2999399014398 24.9361092664959 -48.1191684276325 -43.2764536903163 27.7315728402732 41.1895449826968
35.309473196917 24.9586944719333 -48.1188306532499 -43.2970657253097 27.7279093110015 41.1440600694482
35.3189608612374 24.9812771338336 -48.1184775889337 -43.3176453238208 27.7242384238553 41.0985263751581
35.3284028884646 25.0038571064158 -48.1181090694028 -43.3381925515733 27.7205600397709 41.0529442165293
35.337799272343 25.026434247479 -48.1177249349774 -43.3587074731264 27.7168740191562 41.0073139049105
35.3471500062847 25.0490084185447 -48.1173250318222 -43.3791901517988 27.713180221952 40.9616357460716
35.3564550833557 25.0715794850002 -48.116909212191 -43.3996406495899 27.7094785076957 40.915910039977
35.3657144962628 25.0941473162429 -48.1164773346748 -43.4200590270987 27.7057687355863 40.8701370805586
35.3749282373399 25.1167117858257 -48.1160292644507 -43.4404453434435 27.7020507645515 40.8243171554853
35.384096298535 25.1392727716048 -48.1155648735343 -43.460799656188 27.6983244533161 40.778450545929
35.3932186713978 25.1618301558905 -48.1150840410329 -43.481122021278 27.6945896604724 40.7325375263243
35.4022953470688 25.1843838256013 -48.1145866534014 -43.5014124929871 27.6908462445515 40.6865783641235
35.4113263162675 25.2069336724187 -48.1140726046994 -43.5216711238651 27.6870940640971 40.6405733195476
35.4203115692818 25.2294795929434 -48.1135417968503 -43.5418979646854 27.6833329777401 40.5945226453365
35.4292510959565 25.2520214888519 -48.1129941399015 -43.5620930643894 27.6795628442758 40.548426586499
35.4381448856819 25.2745592670528 -48.1124295522865 -43.5822564700286 27.6757835227429 40.502285380062
35.4469929273824 25.2970928398436 -48.1118479610876 -43.6023882267041 27.6719948725043 40.4560992548202
35.4557952095049 25.3196221250672 -48.1112493023006 -43.6224883775027 27.6681967533295 40.4098684310849
35.4645517200068 25.3421470462686 -48.110633521099 -43.6425569634308 27.6643890254797 40.3635931204343
35.4732624463442 25.3646675328514 -48.1100005721007 -43.662594023346 27.6605715497933 40.317273525463
35.4819273754602 25.3871835202337 -48.1093504196343 -43.682599593885 27.656744187775 40.2709098395326
35.4905464937726 25.409694950004 -48.1086830380059 -43.7025737093899 27.6529068016855 40.2245022465227
35.4991197871616 25.4322017700764 -48.107998411767 -43.7225164018313 27.6490592546334 40.1780509205824
35.507647240958 25.4547039348456 -48.1072965359815 -43.742427700729 27.6452014106689 40.1315560258839
35.5161288399306 25.4772014053403 -48.1065774164937 -43.7623076330704 27.6413331348797 40.0850177163756
35.524564568274 25.499694149377 -48.1058410701954 -43.7821562232257 27.6374542934878 40.0384361355381
35.5329544095962 25.522182141712 -48.1050875252934 -43.8019734928611 27.6335647539489 39.9918114161405
35.5412983469064 25.5446653641926 -48.1043168215755 -43.8217594608497 27.6296643850533 39.9451436799988
35.549596362602 25.5671438059077 -48.1035290106768 -43.8415141431795 27.625753057028 39.8984330377366
35.5578484384571 25.5896174633361 -48.1027241563443 -43.861237552859 27.6218306416418 39.8516795885471
35.566054555609 25.612086340494 -48.1019023347009 -43.880929699821 27.6178970123102 39.8048834199575
35.5742146945467 25.6345504490816 -48.1010636345079 -43.9005905908232 27.6139520442041 39.7580446075965
35.5823288350978 25.6570098086267 -48.1002081574262 -43.9202202293474 27.6099956143579 39.7111632149633
35.5903969564165 25.6794644466278 -48.0993360182753 -43.9398186154959 27.6060276017813 39.6642392932007
35.5984190369714 25.7019143986944 -48.098447345291 -43.9593857458856 27.6020478875712 39.61727288087
35.6063950545328 25.7243597086858 -48.0975422803806 -43.9789216135405 27.5980563550256 39.57026400373
35.6143249861607 25.7468004288479 -48.0966209793758 -43.998426207782 27.594052889759 39.5232126745189
35.622208808193 25.7692366199475 -48.0956836122832 -44.0178995141208 27.5900373798194 39.476118892739
35.6300464962344 25.791668351407 -48.0947303635315 -44.0373415141563 27.586009715806 39.4289826444414
35.6378380251458 25.8140957014377 -48.0937614322166 -44.0567521854865 27.581969790988 39.3818039020103
35.645583369035 25.8365187571737 -48.0927770323423 -44.0761315016278 27.5779175014248 39.3345826239461
35.653282501248 25.8589376148034 -48.0917773930583 -44.0954794319385 27.5738527460864 39.2873187546519
35.6609353943602 25.8813523796985 -48.0907627588941 -44.1147959415416 27.5697754269761 39.2400122242227
35.6685420201683 25.9037631665403 -48.0897333899888 -44.1340809912465 27.5656854492533 39.1926629482405
35.6761023496815 25.9261700994421 -48.0886895623172 -44.1533345374684 27.5615827213583 39.1452708275743
35.6836163531141 25.948573312068 -48.0876315679106 -44.1725565321466 27.5574671551376 39.0978357481858
35.6910839998774 25.970972947749 -48.0865597150733 -44.1917469226608 27.5533386659708 39.0503575809408
35.6985052585717 25.9933691595942 -48.0854743285942 -44.2109056517461 27.5491971728981 39.0028361814271
35.7058800969796 26.0157621105988 -48.0843757499523 -44.2300326574068 27.5450425987485 38.9552713897776
35.7132084820582 26.0381519737474 -48.0832643375179 -44.2491278728283 27.5408748702697 38.9076630305014
35.7204903799326 26.0605389321134 -48.0821404667467 -44.2681912262879 27.5366939182579 38.8600109123207
35.7277257558892 26.082923178954 -48.0810045303685 -44.2872226410648 27.5324996776888 38.8123148280153
35.7349145743691 26.1053049178001 -48.0798569385692 -44.3062220353483 27.5282920878496 38.764574554274
35.7420567989626 26.1276843625418 -48.0786981191665 -44.3251893221449 27.5240710924705 38.7167898515541
35.7491523924029 26.1500617375089 -48.0775285177777 -44.3441244091852 27.5198366398582 38.6689604639486
35.7562013165612 26.1724372775463 -48.0763485979815 -44.3630271988291 27.5155886830287 38.6210861190615
35.7632035324414 26.1948112280835 -48.0751588414713 -44.3818975879703 27.5113271798409 38.5731665278917
35.7701590001757 26.2171838451998 -48.0739597482007 -44.4007354679401 27.5070520931309 38.5252013847254
35.7770676790198 26.2395553956823 -48.0727518365218 -44.4195407244106 27.5027633908455 38.4771903670377
35.78392952735 26.2619261570798 -48.0715356433134 -44.4383132372973 27.4984610461772 38.4291331354035
35.7907445026585 26.2842964177488 -48.070311724102 -44.4570528806608 27.4941450376982 38.3810293334177
35.7975125615516 26.3066664768952 -48.069080653173 -44.4757595226086 27.4898153494948 38.3328785876257
35.8042336597461 26.3290366446078 -48.0678430236724 -44.4944330251963 27.4854719713017 38.2846805074633
35.8109077520678 26.351407241887 -48.0665994476995 -44.5130732443283 27.4811148986362 38.2364346852081
35.8175347924498 26.373778600665 -48.0653505563885 -44.5316800296591 27.4767441329316 38.1881406959404
35.8241147339311 26.3961510638206 -48.0640969999813 -44.5502532244936 27.472359681671 38.1397980975159
35.8306475286562 26.4185249851862 -48.0628394478882 -44.5687926656881 27.46796155852 38.0914064305499
35.8371331278748 26.4409007295471 -48.0615785887386 -44.5872981835509 27.463549783459 38.0429652184119
35.8435714819426 26.4632786726342 -48.0603151304203 -44.605769601744 27.4591243829152 37.9944739672335
35.8499625403218 26.4856592011087 -48.0590498001067 -44.6242067371839 27.4546853898928 37.9459321659274
35.8563062515831 26.5080427125384 -48.0577833442731 -44.6426093999439 27.4502328441041 37.8973392862196
35.8626025634078 26.5304296153671 -48.0565165286999 -44.660977393156 27.4457667920972 37.8486947826936
35.8688514225904 26.5528203288746 -48.0552501384636 -44.6793105129147 27.4412872873851 37.7999980928485
35.8750527750421 26.5752152831292 -48.0539849779151 -44.6976085481797 27.4367943905717 37.7512486371697
35.881206565795 26.5976149189315 -48.0527218706449 -44.7158712806816 27.4322881694773 37.7024458192133
35.8873127390066 26.6200196877486 -48.0514616594343 -44.7340984848264 27.4277686992628 37.6535890257054
35.8933712379653 26.6424300516405 -48.0502052061934 -44.7522899276027 27.423236062552 37.604677626654
35.8993820050965 26.6648464831769 -48.0489533918848 -44.7704453684893 27.4186903495519 37.5557109754765
35.9053449819694 26.6872694653445 -48.0477071164324 -44.788564559364 27.4141316581723 37.506688409142
35.9112601093044 26.7096994914451 -48.0464672986166 -44.8066472444141 27.4095600941425 37.4576092483281
35.9171273269815 26.7321370649841 -48.0452348759529 -44.8246931600484 27.404975771126 37.4084727975934
35.9229465740489 26.7545826995488 -48.0440108045565 -44.8427020348106 27.4003788108339 37.3592783455652
35.9287177887338 26.7770369186781 -48.0427960589904 -44.8606735892992 27.3957693431348 37.3100251651426
35.9344409084526 26.7995002557227 -48.0415916320978 -44.8786075360966 27.3911475061626 37.2607125137107
35.940115869824 26.821973253698 -48.0403985348181 -44.8965035797143 27.3865134464213 37.2113396333681
35.9457426086826 26.8444564651287 -48.039217795986 -44.9143614165503 27.3818673188865 37.1619057511642
35.9513210600943 26.8669504518835 -48.0380504621147 -44.9321807348545 27.3772092871042 37.1124100793527
35.9568511583717 26.8894557849994 -48.0368975971605 -44.9499612146972 27.372539523286 37.0628518156608
35.9623328370913 26.9119730444954 -48.0357602822709 -44.9677025279402 27.367858208402 37.0132301435759
35.967766029111 26.9345028191744 -48.0346396155141 -44.9854043382115 27.3631655322696 36.9635442326501
35.973150666589 26.9570457064145 -48.0335367115914 -45.0030663008807 27.3584616936396 36.913793238823
35.9784866810025 26.979602311948 -48.0324527015304 -45.0206880630388 27.3537469002785 36.863976304763
35.983774003169 27.0021732496294 -48.0313887323594 -45.0382692634801 27.3490213690471 36.8140925602261
35.9890125632669 27.0247591411915 -48.0303459667638 -45.0558095326872 27.3442853259752 36.7641411224346
35.9942022908583 27.0473606159892 -48.0293255827222 -45.0733084928191 27.3395390063327 36.7141210964746
35.9993431149115 27.0699783107315 -48.0283287731238 -45.0907657577023 27.3347826546963 36.6640315757121
36.0044349638259 27.0926128692016 -48.0273567453655 -45.1081809328257 27.330016525012 36.6138716422296
36.0094777654565 27.1152649419639 -48.0264107209292 -45.1255536153386 27.3252408806531 36.5636403672814
36.0144714471404 27.1379351860592 -48.0254919349393 -45.1428833940526 27.320455994474 36.5133368117693
36.0194159357241 27.1606242646881 -48.0246016356987 -45.160169849452 27.3156621488585 36.4629600267366
36.024311157592 27.1833328468836 -48.0237410842046 -45.1774125537228 27.3108596357636 36.4125090538765
36.0291570386978 27.2060616071772 -48.0229115536437 -45.1946110708166 27.3060487567565 36.3619829260488
36.0339535045981 27.2288112252597 -48.0221143288656 -45.2117649565607 27.3012298230456 36.3113806677999
36.0387004804891 27.2515823856366 -48.0213507058349 -45.2288737588084 27.2964031555041 36.2607012958856
36.0433978912448 27.2743757772764 -48.0206219910619 -45.2459370176158 27.291569084688 36.2099438198041
36.0480456614577 27.2971920932469 -48.019929501011 -45.2629542654324 27.2867279508472 36.1591072423436
36.05264371548 27.3200320303404 -48.019274561488 -45.2799250272987 27.2818801039313 36.1081905601506
36.0571919774661 27.3428962886843 -48.0186585070039 -45.2968488210475 27.2770259035888 36.057192764319
36.0616903714166 27.3657855713388 -48.0180826801176 -45.3137251575111 27.2721657191612 36.0061128410009
36.0661388212222 27.3887005838808 -48.0175484307548 -45.3305535407322 27.2672999296694 35.9549497720393
36.0705372507102 27.4116420339743 -48.0170571155055 -45.3473334681806 27.2624289237953 35.9037025356224
36.0748855836911 27.4346106309269 -48.0166100968977 -45.3640644309738 27.2575530998555 35.8523701069605
36.0791837440063 27.4576070852324 -48.0162087426481 -45.3807459141036 27.252672865769 35.8009514589842
36.0834316555773 27.4806321081002 -48.0158544248909 -45.397377396667 27.247788639018 35.7494455630652
36.087629242456 27.5036864109702 -48.0155485193813 -45.4139583521033 27.2429008466011 35.6978513897594
36.0917764288757 27.5267707050137 -48.0152924046779 -45.4304882484353 27.23800992498 35.646167909572
36.0958731393032 27.5498857006214 -48.0150874612999 -45.4469665485171 27.2331163200185 35.5943940937455
36.0999192984929 27.5730321068759 -48.0149350708623 -45.4633927102865 27.2282204869142 35.5425289150691
36.1039148315406 27.5962106310119 -48.0148366151861 -45.4797661870236 27.2233228901219 35.4905713487117
36.1078596639396 27.6194219778612 -48.0147934753859 -45.4960864276143 27.2184240032706 35.4385203730765
36.111753721637 27.6426668492842 -48.0148070309337 -45.5123528768206 27.2135243090706 35.3863749706785
36.115596931092 27.6659459435878 -48.0148786586986 -45.5285649755556 27.2086242992147 35.334134129044
36.1193892193343 27.6892599549286 -48.0150097319636 -45.5447221611651 27.203724474269 35.2817968416328
36.1231305140245 27.7126095727031 -48.0152016194177 -45.5608238677148 27.1988253435571 35.2293621087829
36.1268207435149 27.7359954809236 -48.015455684125 -45.5768695262836 27.1939274250345 35.1768289386771
36.1304598369116 27.7594183575801 -48.0157732824705 -45.592858565263 27.1890312451551 35.1241963483321
36.134047724138 27.7828788739891 -48.0161557630813 -45.6087904106628 27.1841373387285 35.0714633646098
36.1375843359988 27.8063776941282 -48.0166044657252 -45.6246644864223 27.1792462487686 35.0186290252503
36.1410696042455 27.8299154739573 -48.0171207201856 -45.6404802147286 27.1743585263327 34.9656923799276
36.1445034616426 27.8534928607266 -48.0177058451127 -45.6562370163406 27.1694747303518 34.9126524913263
36.1478858420351 27.8771104922706 -48.0183611468521 -45.6719343109194 27.1645954274516 34.8595084362403
36.1512166804171 27.9007689962897 -48.0190879182497 -45.6875715173656 27.1597211917631 34.8062593066931
36.154495913001 27.9244689896184 -48.0198874374342 -45.7031480541665 27.1548526047251 34.7529042110777
36.1577234772886 27.9482110774826 -48.0207609665765 -45.7186633397581 27.149990254875 34.6994422753144
36.160899312143 27.9719958527465 -48.0217097506264 -45.7341167929062 27.1451347376301 34.6458726440237
36.1640233578617 27.9958238951482 -48.0227350160273 -45.7495078331048 27.140286655059 34.5921944817157
36.1670955562519 28.0196957705248 -48.0238379694086 -45.764835880985 27.1354466156413 34.538406973997
36.170115850705 28.0436120300245 -48.0250197962555 -45.7801003587324 27.1306152340189 34.4845093287973
36.1730841862737 28.0675732093072 -48.0262816595585 -45.7953006905112 27.125793130735 34.4305007776158
36.1760005097488 28.0915798277327 -48.02762469844 -45.810436302894 27.1209809319646 34.3763805767874
36.1788647697377 28.1156323875376 -48.0290500267609 -45.8255066252989 27.1161792692329 34.3221480087676
36.1816769167431 28.1397313729997 -48.0305587317057 -45.8405110904323 27.1113887791244 34.2678023834375
36.1844369032433 28.1638772495923 -48.0321518723479 -45.8554491347385 27.1066101029804 34.2133430394263
36.1871446837722 28.1880704631263 -48.0338304781944 -45.8703201988557 27.1018438865859 34.1587693454529
36.1898002150012 28.2123114388823 -48.035595547711 -45.8851237280781 27.0970907798465 34.1040807016846
36.1924034558212 28.2366005807316 -48.0374480468283 -45.8998591728246 27.0923514364532 34.049276541114
36.1949543674256 28.260938270247 -48.0393889074283 -45.9145259891135 27.0876265135367 33.9943563309526
36.1974529133938 28.2853248658043 -48.0414190258134 -45.9291236390434 27.0829166713112 33.9393195740407
36.1998990597753 28.3097607016729 -48.0435392611569 -45.9436515912803 27.078222572706 33.8841658102737
36.2022927751752 28.3342460870984 -48.0457504339359 -45.9581093215519 27.0735448829868 33.8288946180439
36.204634030839 28.358781305376 -48.0480533243476 -45.9724963131497 27.0688842693651 33.7735056156959
36.2069228007398 28.3833666129172 -48.050448670709 -45.9868120574474 27.0642414005969 33.7179984629925
36.2091590616645 28.4080022383104 -48.052937167841 -46.0010560544366 27.0596169465684 33.66237286259
36.2113427933024 28.4326883813755 -48.0555194654362 -46.0152278132781 27.0550115778707 33.6066285615216
36.2134739783334 28.4574252122127 -48.0581961664136 -46.029326852865 27.0504259653633 33.5507653526912
36.2155526025168 28.4822128702439 -48.0609678252579 -46.0433527023915 27.0458607797254 33.4947830763787
36.2175786547807 28.5070514632474 -48.0638349463462 -46.0573049019279 27.041316690996 33.4386816217567
36.2195521273114 28.5319410663869 -48.0667979822612 -46.0711830030001 27.0367943681034 33.3824609284185
36.221473015644 28.5568817212344 -48.0698573320933 -46.084986569175 27.0322944783821 33.3261209879157
36.2233413187518 28.5818734347874 -48.0730133397302 -46.0987151766508 27.0278176870792 33.269661845306
36.2251570391373 28.6069161784817 -48.0762662921376 -46.1123684148513 27.0233646568493 33.2130836007089
36.2269201829225 28.6320098871997 -48.0796164176281 -46.1259458870265 27.0189360472381 33.1563864108704
36.2286307599398 28.6571544582746 -48.0830638841228 -46.1394472108559 27.0145325141543 33.0995704907339
36.2302887838227 28.6823497504917 -48.0866087974036 -46.1528720190574 27.0101547093311 33.042636115019
36.2318942720967 28.7075955830859 -48.090251199359 -46.1662199600003 27.0058032797755 32.9855836198042
36.2334472462699 28.7328917347385 -48.0939910662225 -46.1794906983212 27.0014788672074 32.9284134041159
36.2349477319243 28.7582379425703 -48.0978283068064 -46.1926839155451 26.9971821074873 32.8711259315204
36.2363957588055 28.7836339011352 -48.1017627607303 -46.205799310709 26.9929136300326 32.8137217317196
36.237791360914 28.8090792614124 -48.105794196646 -46.2188366009897 26.9886740572237 32.7562014021483
36.2391345765949 28.8345736297984 -48.1099223104597 -46.2317955223335 26.984464003799 32.6985656095733
36.2404254486278 28.8601165671006 -48.1141467235528 -46.2446758300903 26.980284076239 32.6408150916922
36.2416640243167 28.8857075875311 -48.118466981001 -46.257477299649 26.9761348721404 32.5829506587322
36.2428503555786 28.9113461577028 -48.1228825497949 -46.2701997270763 26.9720169795788 32.5249731950463
36.2439844990326 28.9370316956286 -48.127392817061 -46.2828429297571 26.9679309764622 32.4668836607081
36.245066516088 28.9627635697236 -48.1319970882857 -46.2954067470413 26.9638774298733 32.4086830930995
36.2460964730317 28.988541097813 -48.1366945855428 -46.3078910408993 26.9598568954017 32.3503726084922
36.2470744411156 29.0143635461476 -48.1414844457252 -46.3202956965924 26.9558699164662 32.2919534036159
36.2480004966431 29.0402301284254 -48.1463657187833 -46.3326206233526 26.9519170236263 32.2334267572165
36.2488747210549 29.0661400048213 -48.1513373659697 -46.3448657550696 26.9479987338845 32.1747940316024
36.2496972010139 29.0920922810236 -48.1563982580924 -46.3570310509778 26.9441155499789 32.1160566741823
36.2504680284895 29.1180860072772 -48.1615471737781 -46.3691164963444 26.9402679596665 32.057216218991
36.2511873008402 29.1441201774365 -48.166782797745 -46.3811221031567 26.9364564349988 31.9982742882053
36.2518551208963 29.1701937280262 -48.1721037190885 -46.3930479108089 26.9326814315868 31.939232593646
36.2524715970399 29.196305537312 -48.1775084295804 -46.404893986788 26.9289433878593 31.8800929382668
36.2530368432855 29.2224544243829 -48.1829953219816 -46.4166604273574 26.9252427243119 31.8208572176271
36.2535509793577 29.2486391482433 -48.1885626883721 -46.4283473582405 26.921579842749 31.7615274213496
36.2540141307684 29.2748584069187 -48.1942087184975 -46.4399549353002 26.9179551255169 31.7021056345592
36.2544264288925 29.3011108365739 -48.1999314981345 -46.451483345217 26.9143689347312 31.6425940393038
36.2547880110421 29.3273950106448 -48.2057290074762 -46.462932806164 26.9108216114954 31.5829949159538
36.2550990205385 29.3537094389855 -48.2115991195398 -46.4743035684783 26.9073134751141 31.5233106445812
36.2553596067838 29.3800525670304 -48.2175395985958 -46.4855959153284 26.9038448222989 31.463543706315
36.2555699253294 29.4064227749733 -48.2235480986235 -46.4968101633782 26.9004159263687 31.4036966846727
36.2557301379436 29.4328183769635 -48.2296221617905 -46.5079466634451 26.8970270364438 31.343772266866
36.2558404126772 29.4592376203203 -48.2357592169614 -46.5190058011542 26.8936783766353 31.2837732450797
36.2559009239265 29.4856786847662 -48.241956578234 -46.5299879975864 26.8903701452283 31.2237025177219
36.255911852495 29.5121396816806 -48.2482114435069 -46.5408937099201 26.8871025138617 31.163563090645
36.2558733856525 29.5386186533743 -48.2545208930784 -46.551723432067 26.8838756267031 31.1033580783349
36.2557857171924 29.5651135723854 -48.26088188828 -46.5624776953005 26.8806895996192 31.0430907050676
36.2556490474861 29.5916223407987 -48.2672912701436 -46.573157068877 26.8775445193446 30.9827643060323
36.2554635835355 29.6181427895883 -48.2737457581067 -46.5837621606486 26.8744404426452 30.9223823284186
36.2552295390229 29.6446726779845 -48.2802419487556 -46.5942936176682 26.8713773954812 30.8619483324661
36.2549471343586 29.6712096928673 -48.2867763146078 -46.6047521267844 26.8683553721666 30.801465992477
36.254616596725 29.6977514481853 -48.2933452029372 -46.615138415228 26.8653743345275 30.7409390977874
36.2542381601192 29.7242954844029 -48.2999448346418 -46.6254532511879 26.8624342110593 30.6803715536979
36.2538120653919 29.750839267975 -48.3065713031561 -46.6356974443763 26.8595348960832 30.6197673823614
36.253338560284 29.7773801908523 -48.3132205734106 -46.6458718465827 26.8566762489023 30.5591307236256
36.2528178994593 29.8039155700158 -48.3198884808392 -46.6559773522173 26.8538580929583 30.4984658358308
36.2522503445356 29.8304426470438 -48.3265707304362 -46.666014898845 26.8510802149891 30.4377770965578
36.2516361641115 29.856958587713 -48.3332628958652 -46.6759854677149 26.8483423641869 30.3770690033232
36.2509756337902 29.8834604816348 -48.3399604186213 -46.6858900842937 26.845644251358 30.3163461742176
36.2502690361999 29.9099453419315 -48.3466586072475 -46.6957298188037 26.8429855480845 30.2556133484811
36.2495166610116 29.9364101049502 -48.3533526366086 -46.7055057867674 26.8403658858875 30.1948753870159
36.2487188049521 29.9628516300174 -48.3600375472227 -46.7152191495504 26.8377848553942 30.1341372728352
36.2478757718139 29.9892666992317 -48.3667082446529 -46.7248711148955 26.8352420055077 30.0734041114521
36.2469878724624 30.0156520172953 -48.3733594989606 -46.7344629374431 26.8327368425832 30.0126811312094
36.2460554248377 30.0420042113848 -48.3799859442223 -46.7439959192371 26.8302688296081 29.9519736835484
36.2450787539541 30.068319831064 -48.3865820781108 -46.7534714102228 26.8278373853895 29.8912872432127
36.2440581918944 30.0945953482387 -48.3931422615441 -46.7628908087382 26.8254418837466 29.8306274083844
36.2429940778014 30.1208271571577 -48.3996607184014 -46.7722555619993 26.8230816527111 29.7699999007506
36.2418867578642 30.1470115744566 -48.4061315353104 -46.7815671665796 26.8207559737353 29.7094105654984
36.2407365853009 30.1731448392501 -48.4125486615051 -46.7908271688815 26.8184640809076 29.648865371237
36.2395439203372 30.1992231132687 -48.4189059087581 -46.8000371655977 26.8162051601782 29.5883704098469
36.23830913018 30.2252424810435 -48.4251969513863 -46.8091988041555 26.8139783485947 29.5279318962573
36.2370325889874 30.2511989501374 -48.4314153263346 -46.8183137831441 26.8117827335477 29.4675561681503
36.2357146778338 30.2770884514248 -48.4375544333372 -46.8273838527276 26.8096173520296 29.4072496855889
36.2343557846705 30.3029068394222 -48.4436075351584 -46.8364108150461 26.8074811899034 29.3470190305663
36.2329563042816 30.3286498926696 -48.4495677579149 -46.8453965246032 26.8053731811859 29.2868709064748
36.2315166382356 30.3543133141618 -48.4554280914811 -46.8543428886334 26.8032922073442 29.2268121374969
36.2300371948316 30.3798927318317 -48.4611813899786 -46.863251867445 26.8012370966067 29.1668496679176
36.2285183890417 30.405383699084 -48.4668203723515 -46.8721254747381 26.7992066232904 29.1069905613575
36.2269606424476 30.430781695382 -48.4723376230294 -46.8809657778956 26.7971995071439 29.047241999926
36.2253643831732 30.4560821268864 -48.4777255926786 -46.8897748982474 26.7952144127083 28.9876112832936
36.2237300458116 30.4812803271487 -48.4829765990443 -46.8985550113074 26.7932499486955 28.9281058276807
36.2220580713475 30.5063715578582 -48.4880828278836 -46.9073083469816 26.791304667386 28.8687331647634
36.2203489070744 30.5313510096446 -48.4930363339922 -46.9160371897478 26.7893770640459 28.8095009404945
36.2186030065068 30.5562138029367 -48.4978290423249 -46.9247438788056 26.7874655763648 28.7504169138377
36.216820829287 30.5809549888766 -48.5024527492114 -46.9334308081965 26.7855685839146 28.6914889554165
36.2150028410873 30.605569550292 -48.5068991236703 -46.9421004268933 26.7836844076311 28.6327250460736
36.2131495135063 30.6300524027256 -48.5111597088192 -46.9507552388577 26.7818113093184 28.5741332753421
36.2112613239601 30.654398395523 -48.5152259233854 -46.9593978030668 26.7799474911772 28.5157218398273
36.2093387555687 30.6786023129794 -48.5190890633165 -46.9680307335068 26.7780910953579 28.4574990414967
36.2073822970363 30.7026588755457 -48.5227403034921 -46.9766566991331 26.7762402035399 28.3994732858799
36.2053924425266 30.7265627410943 -48.5261706995386 -46.985278423798 26.7743928365364 28.3416530801751
36.2033696915331 30.7503085062452 -48.5293711897462 -46.9938986861428 26.7725469539283 28.2840470312631
36.2013145487428 30.773890707753 -48.5323325970918 -47.0025203194563 26.7707004537244 28.2266638436279
36.1992275238959 30.7973038239548 -48.5350456313655 -47.0111462114972 26.7688511720529 28.1695123171822
36.197109131639 30.8205422762792 -48.5375008914039 -47.0197793042813 26.7669968828816 28.1126013449994
36.1949598913729 30.8436004308179 -48.5396888674303 -47.0284225938319 26.7651352977698 28.0559399109488
36.1927803270958 30.8664725999586 -48.5415999435016 -47.0370791298941 26.7632640656519 27.9995370872364
36.1905709672397 30.88915304408 -48.5432244000636 -47.0457520156103 26.7613807726542 27.9434020318489
36.1883323445023 30.9116359733099 -48.5445524166148 -47.0544444071596 26.7594829419447 27.8875439859012
36.186064995673 30.9339155493453 -48.5455740744796 -47.0631595133583 26.7575680336186 27.8319722708877
36.1837694614535 30.9559858873358 -48.5462793596899 -47.0719005952255 26.7556334446183 27.7766962858349
36.1814462862724 30.9778410578316 -48.5466581659779 -47.0806709655169 26.7536765086899 27.7217255043535
36.1790960180948 30.9994750887957 -48.5467002978778 -47.0894739882315 26.7516944963764 27.6670694715886
36.1767192082255 31.0208819676807 -48.5463954739379 -47.098313078087 26.7496846150491 27.6127378010687
36.1743164111074 31.0420556435694 -48.5457333300439 -47.1071916999593 26.7476440089772 27.5587401714547
36.171888184114 31.0629900293775 -48.5447034228511 -47.1161133682826 26.7455697594381 27.5050863231935
36.1694350873368 31.083679004119 -48.5432952333282 -47.1250816464078 26.7434588848681 27.4517860550741
36.1669576833672 31.1041164152328 -48.5414981704099 -47.1341001459206 26.7413083410554 27.3988492206886
36.1644565370737 31.1242960809714 -48.5393015747602 -47.1431725259168 26.7391150213753 27.3462857247981
36.1619322153729 31.1442117928507 -48.536694722645 -47.1523024922368 26.7368757570692 27.2941055196039
36.1593852869968 31.1638573181599 -48.5336668299133 -47.1614937966568 26.7345873175682 27.2423186009244
36.1568163222533 31.183226402533 -48.5302070560874 -47.1707502360383 26.7322464108617 27.1909350042796
36.1542258927835 31.2023127725779 -48.5263045085601 -47.1800756514354 26.729849683912 27.1399648008826
36.1516145713128 31.2211101385668 -48.5219482468997 -47.1894739271579 26.7273937231167 27.0894180935408
36.1489829313975 31.2396121971827 -48.5171272872607 -47.1989489897933 26.7248750548176 27.0393050124655
36.1463315471671 31.2578126343253 -48.5118306068997 -47.2085048071842 26.7222901458593 26.9896357109943
36.1436609930615 31.2757051279722 -48.5060471487954 -47.218145387364 26.7196354041966 26.9404203612242
36.1409718435638 31.2932833510969 -48.4997658263714 -47.2278747774482 26.7169071795526 26.8916691495594
36.1382646729288 31.3105409746406 -48.4929755283205 -47.2376970624833 26.714101764127 26.8433922721742
36.1355400549069 31.3274716705388 -48.4856651235292 -47.2476163642529 26.7112153933572 26.7955999303926
36.1327985624643 31.3440691147997 -48.4778234661002 -47.2576368400395 26.7082442467305 26.7483023259872
36.1300407674989 31.3603269906342 -48.4694394004721 -47.2677626813444 26.7051844486513 26.7015096563975
36.1272672405522 31.3762389916362 -48.4605017666338 -47.2779981125644 26.7020320693603 26.6552321098724
36.1244785505175 31.3917988250115 -48.4509994054318 -47.2883473896255 26.69878312591 26.6094798605361
36.1216752643449 31.4070002148537 -48.4409211639679 -47.2988147985745 26.695433583194 26.5642630633819
36.1188579467426 31.4218369054661 -48.4302559010867 -47.3094046541282 26.6919793550338 26.5195918491952
36.1160271598746 31.4363026647279 -48.4189924929475 -47.32012129818 26.6884163053207 26.475476319408
36.113183463056 31.4503912875024 -48.407119838681 -47.3309690982661 26.6847402492159 26.4319265408889
36.1103274124451 31.4640965990857 -48.3946268661268 -47.341952445989 26.6809469544078 26.3889525406701
36.1074595607327 31.4774124586948 -48.3815025376481 -47.3530757554014 26.6770321424282 26.3465643006147
36.1045804568295 31.4903327629923 -48.367735856023 -47.3643434613526 26.6729914900262 26.3047717520261
36.1016906455497 31.5028514496476 -48.3533158704059 -47.375760017803 26.6688206306026 26.263584770201
36.0987906672938 31.5149625009321 -48.3382316823589 -47.3873298961099 26.6645151557022 26.2230131689266
36.0958810577282 31.5266599473474 -48.3224724519477 -47.3990575832842 26.6600706165664 26.1830666949282
36.0929623474638 31.5379378712805 -48.3060274038994 -47.4109475802129 26.655482525747 26.1437550222707
36.0900350617327 31.5487904106866 -48.2888858338172 -47.4230043998444 26.6507463587801 26.1050877467227
36.087099720064 31.5592117627931 -48.2710371144499 -47.4352325653378 26.645857555922 26.0670743800841
36.0841568359598 31.5691961878243 -48.25247070201 -47.447636608176 26.6408115239467 26.0297243444846
36.0812069165692 31.5787380127441 -48.2331761425375 -47.4602210662437 26.6356036380058 25.9930469666557
36.0782504623631 31.5878316350118 -48.2131430783047 -47.4729904818711 26.6302292435503 25.9570514721808
36.0752879668092 31.596471526351 -48.1923612542564 -47.4859493998443 26.6246836583155 25.9217469797294
36.0723199160471 31.6046522365253 -48.1708205244815 -47.4991023653842 26.6189621743684 25.8871424952783
36.0693467885641 31.612368397121 -48.1485108587116 -47.5124539220928 26.613060060218 25.8532469063265
36.0663690548725 31.61961472533 -48.1254223488388 -47.5260086098714 26.6069725629885 25.8200689761085
36.0633871771881 31.6263860277322 -48.1015452154506 -47.5397709628082 26.6006949106559 25.7876173378103
36.0604016091106 31.6326772040727 -48.0768698143739 -47.5537455070393 26.5942223143478 25.755900488796
36.0574127953061 31.6384832510299 -48.0513866432227 -47.5679367585837 26.5875499707052 25.7249267848485
36.0544211711923 31.6437992659719 -48.0250863479448 -47.5823492211528 26.5806730643091 25.6947044344313
36.0514271626264 31.6486204506955 -47.997959729359 -47.5969873839369 26.5735867701683 25.6652414929778
36.0484311855968 31.6529421151455 -47.9699977496786 -47.6118557193699 26.5662862562707 25.6365458572131
36.0454336459181 31.6567596811098 -47.9411915390134 -47.6269586808734 26.5587666861975 25.6086252595168
36.0424349389301 31.660068685885 -47.9115324018435 -47.6423007005832 26.5510232217987 25.5814872623315
36.0394354492025 31.6628647859103 -47.8810118234574 -47.6578861870619 26.543051025931 25.5551392526233
36.0364355502426 31.6651437603644 -47.849621476349 -47.6737195230038 26.5348452652568 25.5295884363997
36.0334356042094 31.6669015147229 -47.8173532265631 -47.6898050629385 26.526401113104 25.5048418332901
36.030435961633 31.6681340842702 -47.7841991399844 -47.7061471309318 26.5177137523851 25.480906271197
36.0274369611394 31.6688376375608 -47.7501514885604 -47.722750018285 26.5087783785775 25.4577883810266
36.0244389291834 31.6690084798257 -47.7152027564512 -47.7396179812353 26.4995902027619 25.4354945915066
36.0214421797869 31.6686430563188 -47.6793456460962 -47.7567552386631 26.4901444547189 25.4140311240977
36.0184470142858 31.6677379555975 -47.6425730841917 -47.774165969804 26.4804363860847 25.3934039880082
36.015453721085 31.6662899127321 -47.6048782275675 -47.7918543119662 26.4704612735622 25.3736189753221
36.0124625754223 31.6642958124367 -47.5662544689563 -47.8098243582488 26.4602144221906 25.3546816562518
36.009473839142 31.6617526921168 -47.5266954426447 -47.8280801552668 26.449691168669 25.3365973745239
36.0064877604785 31.6586577448277 -47.4861950299971 -47.8466257008812 26.4388868847361 25.3193712429079
36.003504573851 31.6550083221365 -47.4447473648425 -47.8654649419403 26.4277969806033 25.3030081388973
36.0005244996695 31.6508019368839 -47.4023468387147 -47.884601772033 26.4164169084399 25.2875127005513
35.9975477441519 31.6460362658372 -47.3589881059349 -47.9040400292573 26.4047421659112 25.2728893225097
35.9945744991555 31.6407091522305 -47.3146660885271 -47.9237834940074 26.3927682997655 25.2591421521875
35.9916049420194 31.6348186081834 -47.2693759809547 -47.9438358867818 26.3804909094711 25.2462750861624
35.9886392354227 31.6283628169937 -47.2231132546684 -47.9642008660162 26.3679056509008 25.2342917667645
35.9856775272564 31.6213401352955 -47.1758736624532 -47.9848820259431 26.3550082400624 25.2231955788778
35.9827199505098 31.6137490950773 -47.1276532425639 -48.0058828944829 26.3417944568743 25.212989646967
35.9797666231743 31.6055884055527 -47.0784483226371 -48.0272069311693 26.3282601489839 25.2036768323379
35.9768176481623 31.5968569548755 -47.0282555233674 -48.0488575251116 26.314401235628 25.195259730645
35.9738731132441 31.5875538116935 -46.9770717619365 -48.0708379929987 26.3002137115326 25.1877406696564
35.9709330910028 31.5776782265331 -46.9248942551824 -48.0931515771483 26.2856936508508 25.1811217072885
35.967997638807 31.5672296330066 -46.8717205224952 -48.1158014436035 26.2708372111365 25.1754046299201
35.9650667988038 31.5562076488378 -46.817548388429 -48.1387906802842 26.2556406373509 25.1705909509945
35.96214059793 31.5446120766976 -46.7623759850158 -48.1621222951963 26.2401002658987 25.1666819099113
35.9592190479445 31.532442904845 -46.7062017537709 -48.1857992147052 26.2242125286857 25.1636784712072
35.95630214548 31.519700307568 -46.6490244473822 -48.2098242818819 26.2079739571825 25.161581324024
35.9533898721168 31.5063846454203 -46.5908431310734 -48.2342002549274 26.1913811864715 25.1603908818573
35.9504821944753 31.4924964652526 -46.5316571836384 -48.2589298056847 26.1744309592431 25.1601072825825
35.9475790643282 31.4780365000403 -46.4714662981371 -48.2840155182444 26.1571201297107 25.1607303887536
35.9446804187285 31.4630056685043 -46.4102704822507 -48.3094598876518 26.1394456674064 25.1622597881706
35.941786180154 31.4474050745278 -46.3480700582869 -48.3352653187198 26.1214046608256 25.1646947947165
35.9388962566641 31.4312360063683 -46.2848656628331 -48.361434124952 26.1029943208854 25.1680344494621
35.9360105420692 31.414499935664 -46.2206582460537 -48.3879685275753 26.0842119841658 25.1722775220429
35.9331289161098 31.3971985162402 -46.1554490706322 -48.4148706546803 26.0650551159105 25.1774225123072
35.9302512446447 31.3793335827176 -46.0892397103684 -48.4421425404642 26.0455213127785 25.1834676522285
35.9273773798471 31.360907148934 -46.0220320484412 -48.4697861245719 26.0256083053433 25.1904109080753
35.9245071604086 31.3419214061843 -45.9538282753499 -48.4978032515315 26.0053139603467 25.1982499828241
35.9216404117498 31.3223787212896 -45.8846308865502 -48.5261956702844 25.9846362827121 25.2069823188106
35.9187769462381 31.3022816345023 -45.8144426797948 -48.5549650338086 25.9635734173255 25.2166051006061
35.9159165634117 31.2816328572566 -45.7432667521941 -48.5841128988359 25.9421236505898 25.2271152581143
35.9130590502098 31.2604352697713 -45.6711064970094 -48.6136407256614 25.9202854117609 25.2385094698762
35.9102041812092 31.2386919185133 -45.5979656001903 -48.6435498780464 25.8980572740711 25.2507841665774
35.9073517188656 31.2164060135289 -45.5238480366689 -48.6738416232105 25.8754379556464 25.2639355347462
35.9045014137612 31.1935809256511 -45.4487580664241 -48.7045171319143 25.8524263202244 25.2779595206347
35.9016530048565 31.1702201835888 -45.3727002303256 -48.7355774786288 25.8290213776787 25.292851834274
35.8988062197473 31.1463274709069 -45.2956793457709 -48.7670236417908 25.8052222843554 25.3086079536925
35.895960774926 31.1219066229015 -45.2177005021268 -48.7988565041436 25.7810283432271 25.325223129292
35.893116376047 31.0969616233799 -45.1387690559841 -48.8310768531602 25.7564390038698 25.3426923883712
35.8902727181955 31.0714966013495 -45.0588906262399 -48.8636853815495 25.7314538622675 25.3610105397886
35.8874294861605 31.0455158276236 -44.9780710890147 -48.8966826878398 25.7060726604505 25.3801721787576
35.88458635471 31.0190237113492 -44.8963165724168 -48.9300692770398 25.6802952859721 25.4001716917636
35.8817429888697 30.9920247964639 -44.8136334511636 -48.9638455613725 25.6541217712307 25.4210032615966
35.8788990442037 30.9645237580862 -44.7300283410694 -48.9980118610807 25.6275522926446 25.4426608724893
35.8760541670982 30.9365253988469 -44.6455080934091 -49.0325684053009 25.6005871696856 25.4651383153534
35.8732079950464 30.9080346451656 -44.5600797891685 -49.067515333003 25.5732268637785 25.4884291931062
35.8703601569361 30.8790565434783 -44.4737507331884 -49.1028526939946 25.5454719770728 25.5125269260793
35.8675102733387 30.8495962564212 -44.3865284482133 -49.1385804499861 25.5173232510923 25.5374247575028
35.8646579567996 30.8196590589766 -44.2984206688524 -49.1746984757161 25.4887815652685 25.5631157590587
35.8618028121298 30.7892503345842 -44.2094353354618 -49.2112065601348 25.459847935362 25.5895928364958
35.8589444366984 30.7583755712252 -44.1195805879554 -49.2481044076435 25.4305235117768 25.6168487352997
35.8560824207257 30.7270403574808 -44.0288647595539 -49.2853916393866 25.4008095777708 25.6448760464113
35.8532163475774 30.6952503785722 -43.9372963704787 -49.3230677945963 25.3707075475696 25.6736672119863
35.8503457940576 30.6630114123853 -43.8448841215981 -49.3611323319842 25.3402189643862 25.7032145311889
35.8474703307033 30.6303293254848 -43.7516368880343 -49.3995846311808 25.3093454983549 25.7335101660144
35.8445895220779 30.5972100691206 -43.6575637127374 -49.4384239942174 25.2780889443825 25.7645461471319
35.8417029270649 30.5636596752325 -43.5626738000336 -49.4776496470502 25.2464512199231 25.7963143797447
35.8388100991609 30.5296842524554 -43.4669765091548 -49.5172607411231 25.2144343626801 25.8288066494609
35.8359105867678 30.4952899821294 -43.370481347755 -49.5572563549679 25.1820405282395 25.8620146281707
35.8330039334849 30.4604831143184 -43.2731979654215 -49.5976354958362 25.1492719876384 25.8959298799233
35.8300896783983 30.4252699638398 -43.1751361471855 -49.6383971013618 25.1161311248719 25.930543866799
35.8271673563708 30.3896569063095 -43.0763058070388 -49.6795400412488 25.0826204343437 25.9658479547689
35.8242364983287 30.3536503742054 -42.9767169814623 -49.7210631189829 25.048742518264 26.0018334195365
35.8212966315482 30.317256852951 -42.8763798229712 -49.7629650735645 25.0145000840004 26.0384914523573
35.8183472799389 30.2804828770241 -42.7753045936838 -49.8052445812595 24.9798959413851 26.07581316583
35.8153879643263 30.2433350260927 -42.6735016589167 -49.8479002573662 24.9449329999843 26.1137895996546
35.8124182027321 30.2058199211798 -42.5709814808136 -49.8909306579962 24.9096142663328 26.152411726353
35.8094375106513 30.1679442208616 -42.467754612011 -49.9343342818641 24.873942841139 26.1916704569464
35.8064454013287 30.1297146175001 -42.3638316893464 -49.9781095720875 24.837921916464 26.2315566465862
35.8034413860315 30.0911378335137 -42.2592234276121 -50.0222549179913 24.801554772879 26.2720611001328
35.80042497432 30.0522206176868 -42.1539406133608 -50.0667686569175 24.7648447766048 26.3131745776797
35.7973956743161 30.0129697415219 -42.0479940987647 -50.1116490760352 24.7277953766372 26.3548878000175
35.7943529929685 29.9733919956354 -41.941394795534 -50.1568944141495 24.6904101018621 26.3971914540333
35.791296436315 29.9334941861995 -41.8341536688976 -50.2025028635064 24.6526925581635 26.4400761980423
35.7882255097428 29.8932831314308 -41.7262817316494 -50.2484725715899 24.6146464255284 26.4835326670463
35.7851397182443 29.8527656581295 -41.6177900382636 -50.2948016429101 24.5762754551512 26.5275514779168
35.7820385666712 29.8119485982688 -41.5086896790833 -50.3414881407789 24.5375834665399 26.5721232344981
35.7789215599841 29.7708387856371 -41.3989917745838 -50.3885300890706 24.498574344628 26.6172385326275
35.7757882034989 29.7294430525337 -41.2887074697145 -50.4359254739666 24.4592520368929 26.6628879650713
35.7726380031305 29.6877682265207 -41.1778479283221 -50.4836722456826 24.4196205504845 26.7090621263734
35.7694704656315 29.6458211272313 -41.0664243276578 -50.5317683201778 24.3796839493655 26.7557516176163
35.7662850988285 29.6036085632359 -40.9544478529699 -50.5802115808462 24.3394463514658 26.8029470510921
35.7630814118542 29.5611373289681 -40.8419296921856 -50.6289998801885 24.2989119258522 26.8506390548841
35.7598589153757 29.5184142017104 -40.7288810306835 -50.6781310414658 24.2580848899162 26.8988182773567
35.7566171218187 29.4754459386419 -40.6153130461584 -50.7276028603317 24.2169695065787 26.9474753915545
35.7533555455886 29.4322392739475 -40.5012369035807 -50.7774131064454 24.1755700815156 26.9966010995084
35.7500737032865 29.3888009159909 -40.3866637502527 -50.8275595250634 24.1338909604035 27.0461861364496
35.7467711139219 29.3451375445511 -40.2716047109624 -50.8780398386092 24.0919365261895 27.0962212749303
35.7434472991212 29.3012558081238 -40.1560708832366 -50.9288517482222 24.0497111963844 27.146697328849
35.7401017833319 29.2571623212876 -40.0400733326953 -50.979992935283 24.0072194203836 27.1976051573823
35.7367340940229 29.2128636621373 -39.9236230885082 -51.0314610629173 23.964465676815 27.2489356688198
35.7333437618805 29.1683663697821 -39.8067311389535 -51.0832537774759 23.9214544709166 27.3006798243036
35.729930321001 29.123676941912 -39.6894084270825 -51.1353687099934 23.8781903319435 27.3528286414711
35.7264933090777 29.0788018324307 -39.5716658464878 -51.1878034776228 23.8346778106063 27.4053731980014
35.7230322675855 29.0337474491559 -39.4535142371782 -51.2405556850492 23.7909214765417 27.4583046350639
35.7195467419601 28.9885201515885 -39.33496438156 -51.2936229258795 23.7469259158176 27.51161416067
35.716036281774 28.9431262487486 -39.2160270005256 -51.3470027840105 23.7026957284731 27.5652930529262
35.7125004409078 28.8975719970806 -39.0967127496496 -51.4006928349731 23.6582355260961 27.6193326631876
35.7089387777185 28.8518635984258 -38.9770322154924 -51.454690647254 23.6135499294389 27.6737244191136
35.7053508552029 28.8060071980645 -38.8569959120133 -51.5089937835937 23.5686435660734 27.7284598276228
35.7017362411572 28.7600088828248 -38.7366142770906 -51.5635998022602 23.5235210680878 27.7835304777484
35.6980945083335 28.713874679261 -38.6158976691513 -51.6185062582981 23.4781870698253 27.8389280433937
35.6944252345907 28.6676105518985 -38.4948563639086 -51.6737107047528 23.4326462056659 27.8946442859861
35.690728003043 28.6212224015479 -38.3735005512084 -51.7292106938671 23.3869031078531 27.9506710570309
35.6870024022036 28.5747160636852 -38.2518403319834 -51.7850037782513 23.3409624043663 28.007000300565
35.6832480261238 28.5280973068995 -38.1298857153158 -51.841087512026 23.2948287168387 28.063624055509
35.6794644745297 28.4813718314082 -38.0076466156073 -51.8974594519352 23.2485066585229 28.1205344579202
35.6756513529529 28.4345452676374 -37.885132849856 -51.9541171584325 23.2020008323047 28.1777237431458
35.6718082728586 28.387623174869 -37.7623541350412 -52.011058196737 23.1553158287646 28.2351842478759
35.6679348517694 28.3406110399532 -37.6393200856125 -52.0682801378602 23.1084562242901 28.2929084120989
35.6640307133844 28.2935142760866 -37.5160402110865 -52.1257805596031 23.0614265792367 28.3508887809575
35.6600954876954 28.2463382216535 -37.3925239137467 -52.1835570475241 23.0142314361406 28.4091180065064
35.6561288110985 28.1990881391328 -37.2687804864482 -52.241607195876 22.9668753179823 28.467588849374
35.6521303265024 28.1517692140674 -37.1448191105257 -52.2999286085141 22.9193627265024 28.5262941803245
35.6480996834322 28.1043865540966 -37.0206488538036 -52.3585188997731 22.8716981405693 28.5852269817254
35.6440365381303 28.056945188051 -36.8962786687076 -52.4173756953148 22.8238860146006 28.6443803489165
35.6399405536528 28.0094500651083 -36.7717173904767 -52.4764966329447 22.7759307770376 28.7037474914841
35.6358113999631 27.9619060540105 -36.646973735475 -52.5358793633988 22.7278368288731 28.7633217344377
35.6316487540208 27.9143179423409 -36.5220562996006 -52.5955215511004 22.6796085422343 28.8230965192921
35.6274522998681 27.8666904358601 -36.3969735567933 -52.6554208748856 22.6312502590191 28.8830654050532
35.6232217287122 27.819028157901 -36.2717338576367 -52.7155750287 22.5827662895882 28.9432220691087
35.6189567390037 27.7713356488212 -36.146345428056 -52.7759817222643 22.5341609115109 29.0035603080239
35.6146570365129 27.7236173655121 -36.0208163681086 -52.8366386817101 22.4854383683667 29.064074038243
35.6103223344007 27.6758776809644 -35.8951546508674 -52.8975436501862 22.4366028686021 29.1247572966956
35.6059523532883 27.6281208838889 -35.7693681213938 -52.9586943884342 22.3876585844417 29.1856042413092
35.6015468213214 27.5803511783904 -35.6434644958015 -53.0200886753348 22.3386096508557 29.2466091514284
35.5971054742326 27.5325726836968 -35.5174513604071 -53.0817243084236 22.2894601645812 29.3077664281396
35.5926280553996 27.484789433939 -35.3913361709671 -53.1435991043775 22.2402141831998 29.3690705945041
35.5881143159001 27.437005377983 -35.2651262520011 -53.2057108994703 22.1908757242672 29.4305162956992
35.5835640145639 27.3892243793126 -35.1388287961969 -53.26805755 22.1414487644966 29.4920982990713
35.5789769180201 27.341450215961 -35.0124508638986 -53.3306369326862 22.0919372389928 29.5538114941022
35.5743528007425 27.2936865804917 -34.8859993826746 -53.3934469450397 22.0423450405371 29.6156508922908
35.56969144509 27.2459370800255 -34.7594811469644 -53.4564855057032 21.99267601892 29.677611626954
35.5649926413441 27.1982052363156 -34.632902817803 -53.5197505547663 21.9429339803236 29.7396889529473
35.5602561877427 27.1504944858667 -34.5062709226199 -53.5832400540521 21.893122686749 29.8018782463096
35.5554818905101 27.1028081800989 -34.3795918551128 -53.6469519873787 21.8432458554907 29.8641750038325
35.5506695638834 27.0551495855551 -34.2528718751937 -53.7108843607946 21.7933071586556 29.9265748425575
35.5458190301352 27.0075218841503 -34.1261171090046 -53.7750352027892 21.7433102227247 29.9890734992041
35.5409301195923 26.9599281734623 -33.9993335490026 -53.8394025644789 21.6932586281587 30.0516668295293
35.5360026706515 26.9123714670621 -33.872527054113 -53.9039845197683 21.6431559090437 30.1143508076225
35.5310365297903 26.8648546948843 -33.7457033499462 -53.9687791654893 21.5930055527779 30.1771215251371
35.5260315515751 26.817380703635 -33.6188680290798 -54.0337846215165 21.5428109997978 30.2399751904622
35.520987598665 26.7699522572367 -33.4920265514025 -54.098999030861 21.492575643341 30.3029081278357
35.5159045418118 26.7225720373097 -33.3651842445175 -54.1644205597429 21.442302829248 30.3659167764015
35.5107822598561 26.6752426436878 -33.2383463042055 -54.2300473976429 21.3919958557977 30.4289976892136
35.5056206397201 26.627966594969 -33.1115177949443 -54.2958777573348 21.3416579735793 30.4921475321895
35.5004195763957 26.5807463290974 -32.9847036504835 -54.3619098748983 21.2912923853967 30.5553630830142
35.4951789729295 26.5335842039786 -32.8579086744725 -54.4281420097148 21.2409022462055 30.6186412299988
35.4898987404035 26.4864824981247 -32.7311375411404 -54.4945724444447 21.1904906630817 30.6819789708948
35.4845787979118 26.4394434113295 -32.6043947960262 -54.5611994849886 21.1400606952198 30.7453734116671
35.4792190725341 26.3924690653724 -32.4776848567568 -54.628021460434 21.0896153539607 30.8088217652282
35.4738194993047 26.3455615047495 -32.3510120138719 -54.6950367229861 21.0391576028456 30.8723213501359
35.4683800211776 26.2987226974323 -32.2243804316935 -54.762243647887 20.9886903576972 30.9358695892577
35.4629005889885 26.2519545356507 -32.0977941492394 -54.8296406333225 20.9382164867255 30.9994640084036
35.4573811614119 26.2052588367019 -31.9712570811769 -54.8972261003191 20.887738810657 31.0631022349309
35.4518217049154 26.158637343782 -31.8447730188178 -54.9649984926301 20.8372601028869 31.1267819963213
35.4462221937092 26.1120917268407 -31.7183456311503 -55.0329562766146 20.7867830896535 31.1905011187347
35.440582609693 26.0656235834575 -31.5919784659085 -55.1010979411065 20.7363104502332 31.2542575255396
35.4349029423974 26.019234439738 -31.4656749506764 -55.1694219972775 20.6858448171564 31.3180492358221
35.4291831889231 25.9729257512302 -31.3394383940245 -55.2379269784926 20.6353887764425 31.3818743628757
35.4234233538754 25.9266989038595 -31.2132719866797 -55.3066114401587 20.5849448678546 31.4457311126727
35.4176234492945 25.8805552148806 -31.0871788027236 -55.3754739595675 20.5345155851716 31.5096177823176
35.4117834945831 25.8344959338465 -30.9611618008205 -55.4445131357313 20.4841033764792 31.5735327584839
35.4059035164289 25.7885222435936 -30.8352238254717 -55.5137275892138 20.433710644477 31.6374745158346
35.3999835487239 25.7426352612404 -30.7093676082957 -55.5831159619534 20.3833397468028 31.7014416154276
35.3940236324792 25.6968360392015 -30.583595769332 -55.6526769170813 20.332992996372 31.7654327031064
35.3880238157363 25.6511255662133 -30.4579108183676 -55.722409138734 20.2826726617331 31.8294465078769
35.3819841534743 25.6055047683723 -30.332315156284 -55.7923113318599 20.2323809674367 31.8934818402717
35.3759047075126 25.5599745101849 -30.2068110764244 -55.8623822220203 20.1821200944187 31.9575375907025
35.3697855464103 25.5145355956262 -30.0814007659783 -55.9326205551868 20.1318921803968 32.0216127278016
35.3636267453605 25.4691887692099 -29.9560863073831 -56.0030250975324 20.0816993202789 32.0857062967541
35.3574283860815 25.4239347170652 -29.8308696797406 -56.0735946352201 20.0315435665835 32.1498174176211
35.3511905567031 25.3787740680224 -29.7057527602482 -56.1443279741872 19.981426929871 32.2139452836552
35.3449133516492 25.3337073947047 -29.580737325642 -56.2152239399266 19.9313513791847 32.2780891596111
35.3385968715157 25.2887352146268 -29.4558250536509 -56.2862813772654 19.8813188425018 32.3422483800492
35.3322412229444 25.2438579912977 -29.3310175244615 -56.3574991501423 19.8313312071929 32.406422347637
35.325846518493 25.1990761353294 -29.2063162221912 -56.4288761413822 19.7813903204893 32.4706105314463
35.3194128764998 25.1543900055481 -29.0817225363686 -56.5004112524712 19.7314979899581 32.5348124652496
35.3129404209453 25.1097999101088 -28.9572377634205 -56.5721034033298 19.6816559839831 32.5990277458145
35.3064292813085 25.0653061076128 -28.8328631081638 -56.6439515320865 19.6318660322524 32.663256031199
35.2998795924194 25.020908808226 -28.7085996853014 -56.715954594852 19.5821298262509 32.7274970390468
35.2932914943071 24.9766081747986 -28.5844485209207 -56.7881115654928 19.5324490197579 32.7917505448834
35.2866651320433 24.932404323985 -28.4604105539937 -56.8604214354051 19.4828252293487 32.8560163804133
35.2800006555822 24.8882973273627 -28.3364866378783 -56.9328832132887 19.4332600348998 32.9202944318188
35.2732982195954 24.8442872125509 -28.2126775418184 -57.0054959249194 19.3837549800974 32.9845846380581
35.2665579833025 24.800373964326 -28.0889839524427 -57.0782586129211 19.3343115729487 33.048886989166
35.2597801102985 24.7565575257358 -27.9654064752615 -57.1511703365361 19.2849312862945 33.1132015245544
35.2529647683753 24.7128377992098 -27.8419456361597 -57.2242301713939 19.235615558324 33.177528331315
35.2461121293404 24.6692146476655 -27.7186018828852 -57.2974372092793 19.1863657930905 33.2418675425221
35.2392223688301 24.6256878956111 -27.595375586533 -57.3707905578975 19.1371833610269 33.3062193355375
35.2322956661194 24.5822573302427 -27.4722670430218 -57.4442893406387 19.0880695994621 33.3705839303175
35.2253322039269 24.538922702536 -27.3492764745647 -57.5179326963396 19.0390258131356 33.4349615877202
35.2183321682157 24.4956837283324 -27.2264040311322 -57.5917197790444 18.9900532747115 33.4993526078161
35.2112957479898 24.4525400894179 -27.1036497919053 -57.6656497577625 18.9411532252906 33.5637573282004
35.2042231350862 24.4094914345962 -26.9810137667212 -57.7397218162253 18.8923268749197 33.6281761223083
35.1971145239631 24.3665373807529 -26.8584958975072 -57.8139351526409 18.8435754030993 33.692609397733
35.189970111483 24.323677513913 -26.7360960597051 -57.8882889794477 18.7948999592863 33.757057594548
35.1827900966923 24.2809113902895 -26.6138140636837 -57.9627825230656 18.7463016633949 33.8215211836334
35.1755746805965 24.2382385373235 -26.4916496561389 -58.0374150236467 18.6977816062912 33.8860006650066
35.1683240659306 24.1956584547148 -26.369602521482 -58.1121857348244 18.6493408502853 33.950496566159
35.1610384569263 24.1531706154435 -26.2476722832143 -58.1870939234617 18.6009804296162 34.0150094403981
35.1537180590739 24.110774466781 -26.1258585052876 -58.262138869398 18.5527013509329 34.079539865196
35.1463630788812 24.0684694312914 -26.0041606934514 -58.3373198651963 18.504504593768 34.1440884405457
35.1389737236273 24.0262549078219 -25.8825782965841 -58.4126362158889 18.4563911110061 34.2086557873246
35.1315502011129 23.9841302724818 -25.7611107080102 -58.4880872387234 18.4083618293447 34.2732425456666
35.1240927194067 23.9420948796111 -25.6397572668007 -58.5636722629081 18.3604176497479 34.3378493733427
35.1166014865868 23.9001480627366 -25.5185172590587 -58.6393906293582 18.3125594478927 34.4024769441522
35.1090767104798 23.858289135517 -25.3973899191873 -58.7152416904419 18.2647880746073 34.4671259463234
35.1015185983941 23.8165173926745 -25.2763744311416 -58.7912248097269 18.2171043563007 34.5317970809252
35.0939273568509 23.7748321109153 -25.1554699296634 -58.8673393617285 18.1695090953843 34.5964910602906
35.0863031913107 23.7332325498362 -25.0346755014984 -58.9435847316581 18.1220030706835 34.6612086064525
35.0786463058955 23.6917179528189 -24.9139901865961 -59.019960315174 18.0745870378405 34.7259504495924
35.0709569031088 23.6502875479109 -24.7934129792914 -59.096465518133 18.0272617297074 34.7907173265019
35.0632351835503 23.6089405486926 -24.6729428294684 -59.1730997563451 17.980027856729 34.8555099790602
35.0554813456278 23.5676761551311 -24.5525786437063 -59.24986245533 17.9328861073151 34.9203291527249
35.0476955852659 23.52649355442 -24.4323192864066 -59.3267530500765 17.8858371482026 34.9851755950393
35.0398780956104 23.485391921805 -24.3121635809015 -59.4037709848051 17.8388816248058 35.0500500541564
35.0320290667295 23.444370421395 -24.1921103105445 -59.480915712734 17.7920201615567 35.1149532773785
35.0241486853122 23.4034282069597 -24.0721582197816 -59.558186695848 17.7452533622324 35.1798860097159
35.0162371343624 23.3625644227113 -23.9523060152046 -59.6355834046716 17.6985818102711 35.2448489924618
35.0082945928905 23.3217782040721 -23.8325523665848 -59.7131053180441 17.6520060690767 35.3098429617851
35.0003212356012 23.2810686784275 -23.712895907889 -59.7907519228978 17.6055266823098 35.3748686473402
34.9923172325779 23.2404349658631 -23.593335238276 -59.8685227140375 17.559144174166 35.4399267708934
34.9842827489647 23.1998761798877 -23.4738689230751 -59.9464171939227 17.5128590496417 35.5050180449668
34.9762179446441 23.1593914281401 -23.3544954947455 -60.0244348724522 17.4666717947853 35.5701431715004
34.9681229739127 23.1189798130815 -23.2352134538185 -60.1025752667528 17.4205828769359 35.6353028405332
34.9599979851531 23.0786404326726 -23.1160212698199 -60.1808379009709 17.3745927449474 35.7004977289037
34.9518431205038 23.0383723810349 -22.9969173821754 -60.2592223060691 17.3287018293985 35.7657284989709
34.9436585155253 22.9981747490974 -22.8779002010977 -60.3377280196272 17.2829105427895 35.8309957973552
34.9354442988646 22.9580466252274 -22.7589681084561 -60.4163545856468 17.2372192797237 35.8963002537005
34.9272005919161 22.9179870958465 -22.6401194586282 -60.4951015543622 17.1916284170753 35.9616424794567
34.9189275084811 22.8779952460305 -22.521352579335 -60.5739684820557 17.1461383141424 36.027023066684
34.910625154424 22.8380701600954 -22.4026657724583 -60.6529549308783 17.1007493127858 36.0924425868785
34.9022936273267 22.7982109221666 -22.2840573148421 -60.7320604686772 17.0554617375525 36.1579015898197
34.8939330161412 22.7584166167346 -22.1655254590771 -60.8112846688297 17.0102758957839 36.2234006024409
34.8855434008392 22.7186863291941 -22.0470684342698 -60.890627110085 16.9651920777096 36.288940127722
34.8771248520609 22.67901914637 -21.928684446795 -60.9700873764135 16.9202105565237 36.3545206436061
34.8686774307608 22.6394141570268 -21.8103716810338 -61.0496650568662 16.8753315884465 36.4201426019407
34.8602011878526 22.5998704523646 -21.6921283000964 -61.1293597454426 16.8305554127692 36.485806427443
34.851696163852 22.5603871265002 -21.5739524465304 -61.2091710409698 16.7858822518822 36.5515125166916
34.8431623885181 22.5209632769334 -21.4558422430146 -61.2890985469918 16.7413123112868 36.6172612371436
34.8345998804934 22.4815980049997 -21.3377957930401 -61.3691418716703 16.6968457795898 36.683052926177
34.8260086469428 22.4422904163085 -21.2198111815773 -61.449300627697 16.6524828284811 36.7488878901599
34.8173886831904 22.4030396211669 -21.1018864757306 -61.5295744322168 16.6082236126941 36.8147664035444
34.8087399723568 22.3638447349903 -20.9840197253806 -61.6099629067639 16.5640682699493 36.8806887079863
34.800062484995 22.324704878699 -20.8662089638152 -61.6904656772077 16.5200169208809 36.9466550114917
34.791356178725 22.2856191791008 -20.7484522083488 -61.7710823737128 16.4760696689465 37.0126654875878
34.7826209978691 22.2465867692607 -20.630747460931 -61.8518126307088 16.4322266003209 37.0787202745219
34.7738568730865 22.207606788857 -20.5130927087457 -61.9326560868742 16.3884877837729 37.1448194744854
34.7650637210071 22.1686783845246 -20.3954859248003 -62.0136123851315 16.3448532705256 37.2109631528656
34.7562414438672 22.1298007101854 -20.2779250685053 -62.0946811726565 16.3013230941012 37.2771513375256
34.7473899291431 22.0909729273661 -20.1604080862471 -62.1758621009005 16.2578972701488 37.3433840181121
34.7385090491875 22.0521942055039 -20.0429329119514 -62.2571548256283 16.2145757962567 37.409661145392
34.7295986608646 22.0134637222398 -19.9254974676405 -62.3385590069691 16.1713586517479 37.4759826306193
34.7206586051877 21.9747806637005 -19.8080996639836 -62.4200743094848 16.1282457974605 37.5423483449317
34.7116887069563 21.9361442247677 -19.6907374008413 -62.5017004022522 16.0852371755118 37.6087581187774
34.7026887743955 21.8975536093378 -19.5734085678052 -62.5834369589621 16.0423327090471 37.6752117413732
34.6936585987962 21.8590080305681 -19.456111044732 -62.6652836580341 15.9995323019726 37.7417089601943
34.6845979541572 21.8205067111143 -19.3388427022751 -62.7472401827478 15.9568358386742 37.8082494804941
34.6755065968287 21.7820488833553 -19.2216014024113 -62.8293062213903 15.9142431837206 37.8748329648582
34.6663842651584 21.7436337896091 -19.1043849989665 -62.91148146742 15.8717541815526 37.941459032788
34.657230679139 21.7052606823376 -18.9871913381381 -62.9937656196467 15.8293686561575 38.0081272603186
34.6480455400587 21.6669288243412 -18.8700182590177 -63.0761583824279 15.7870864107308 38.0748371796678
34.6388285301539 21.6286374889444 -18.7528635941117 -63.1586594658804 15.7449072273238 38.1415882789177
34.629579312265 21.590385960171 -18.6357251698635 -63.2412685861087 15.7028308664783 38.2083800017291
34.620297529495 21.5521735329108 -18.5186008071758 -63.3239854654467 15.6608570668497 38.2752117470881
34.6109828048713 21.5139995130764 -18.401488321935 -63.4068098327155 15.6189855448176 38.3420828690842
34.6016347410114 21.4758632177517 -18.2843855255376 -63.4897414234942 15.5772159940848 38.4089926767215
34.5922529197914 21.4377639753315 -18.1672902254202 -63.5727799804047 15.5355480852666 38.4759404337611
34.5828369020193 21.3997011256531 -18.0502002255926 -63.6559252534082 15.4939814654689 38.5429253585951
34.5733862271118 21.3616740201192 -17.9331133271764 -63.7391770001138 15.4525157578571 38.6099466241515
34.563900412776 21.3236820218135 -17.8160273289477 -63.8225349860977 15.4111505612167 38.6770033578306
34.5543789546955 21.2857245056079 -17.6989400278873 -63.9059989852315 15.3698854495044 38.7440946414708
34.544821326221 21.2478008582629 -17.581849219736 -63.9895687800198 15.3287199713927 38.8112195113454
34.5352269780665 21.2099104785204 -17.4647526995589 -64.0732441619441 15.2876536498074 38.8783769581876
34.525595338011 21.17205277719 -17.3476482623168 -64.157024931814 15.2466859814586 38.9455659272452
34.515925810605 21.1342271772276 -17.2305337034474 -64.2409109001218 15.2058164363663 39.0127853183636
34.5062177768839 21.0964331138083 -17.1134068194552 -64.324901887402 15.1650444573818 39.0800339860956
34.4964705940872 21.0586700343932 -16.9962654085132 -64.4089977245916 15.1243694597047 39.1473107398398
34.4866835953835 21.0209373987891 -16.8791072710741 -64.4931982533922 15.0837908303964 39.2146143440042
34.4768560896034 20.9832346792035 -16.761930210495 -64.5775033266308 15.0433079278922 39.2819435181963
34.466987360978 20.945561360293 -16.6447320336733 -64.6619128086188 15.0029200815108 39.3492969374386
34.4570766688862 20.9079169392078 -16.527510551697 -64.7464265755072 14.9626265909633 39.4166732324086
34.4471232476082 20.8703009256294 -16.4102635805079 -64.8310445156366 14.9224267258627 39.4840709897026
34.4371263060875 20.8327128418047 -16.2929889415809 -64.9157665298816 14.8823197252338 39.5514887521231
34.4270850277013 20.795152222575 -16.1756844626173 -65.0005925319858 14.8423047970251 39.6189250189886
34.4169985700388 20.7576186154007 -16.0583479782554 -65.0855224488882 14.8023811176234 39.6863782464641
34.4068660646889 20.7201115803821 -15.9409773307968 -65.1705562210373 14.7625478313727 39.7538468479136
34.3966866170368 20.6826306902758 -15.8235703709514 -65.2556938026931 14.7228040500963 39.8213291942707
34.3864593060704 20.6451755305083 -15.7061249585996 -65.340935162214 14.6831488526266 39.8888236144284
34.3761831841962 20.6077456991856 -15.5886389635733 -65.4262802823273 14.6435812843395 39.9563283956471
34.3658572770656 20.5703408070997 -15.4711102664574 -65.5117291603828 14.6041003566981 40.023841783979
34.3554805834124 20.532960477733 -15.3535367594101 -65.5972818085861 14.5647050468039 40.0913619847085
34.3450520748996 20.4956043472597 -15.2359163470047 -65.682938254212 14.5253942969583 40.1588871628083
34.3345706959797 20.458272064545 -15.1182469470929 -65.7686985397949 14.4861670142344 40.2264154434101
34.3240353637645 20.4209632911422 -15.0005264916895 -65.8545627232955 14.4470220700614 40.2939449122881
34.3134449679081 20.3836777012894 -14.8827529278798 -65.9405308782432 14.4079582998204 40.3614736163572
34.3027983705022 20.3464149819031 -14.7649242187508 -66.0266030938505 14.3689745024556 40.4289995641814
34.2920944059834 20.3091748325727 -14.6470383443454 -66.1127794751003 14.3300694400994 40.4965207264957
34.2813318810539 20.2719569655528 -14.5290933026411 -66.1990601428034 14.2912418377141 40.5640350367371
34.2705095746156 20.2347611057564 -14.4110871105537 -66.2854452336252 14.2524903827503 40.6315403915866
34.2596262377175 20.1975869907472 -14.2930178049665 -66.3719349000804 14.2138137248238 40.6990346515193
34.2486805935178 20.1604343707328 -14.1748834437847 -66.4585293104935 14.1752104754117 40.7665156413633
34.237671337259 20.1233030085579 -14.0566821070172 -66.5452286489253 14.1366792075685 40.8339811508645
34.2265971362587 20.0861926796989 -13.9384118978846 -66.6320331150621 14.0982184556638 40.9014289352591
34.2154566299151 20.0491031722597 -13.8200709439545 -66.7189429240693 14.0598267151422 40.96885671585
34.2042484297272 20.0120342869687 -13.7016573983053 -66.8059583064044 14.0215024423071 41.0362621805891
34.1929711193314 19.9749858371784 -13.5831694407173 -66.8930795075912 13.983244054129 41.1036429846611
34.1816232545532 19.9379576488665 -13.4646052788933 -66.980306787951 13.94504992808 41.1709967510706
34.1702033634766 19.9009495606395 -13.3459631497076 -67.0676404222905 13.9069184019954 41.238321071228
34.1587099465283 19.8639614237396 -13.2272413204853 -67.1550806995434 13.8688477739633 41.3056135055359
34.1471414765807 19.8269931020538 -13.1084380903102 -67.2426279223656 13.8308363022446 41.3728715839716
34.1354963990709 19.7900444721272 -12.9895517913638 -67.3302824066804 13.7928822052233 41.4400928066657
34.1237731321383 19.7531154231789 -12.8705807902947 -67.4180444811722 13.7549836613884 41.5072746444752
34.1119700667794 19.7162058571227 -12.7515234896181 -67.5059144867275 13.7171388093501 41.5744145395484
34.1000855670215 19.6793156885908 -12.632378329147 -67.5938927758202 13.6793457478895 41.641509905881
34.0881179701148 19.6424448449635 -12.5131437874546 -67.6819797118407 13.6416025360448 41.708558129861
34.0760655867431 19.6055932664019 -12.393818383368 -67.7701756683646 13.6039071932336 41.7755565708015
34.0639267012543 19.5687609058868 -12.2744006774939 -67.8584810283616 13.5662576994143 41.8425025614584
34.05169957191 19.5319477292619 -12.1548892737762 -67.9468961833411 13.5286519952866 41.9093934085338
34.0393824311552 19.495153715284 -12.0352828210854 -68.0354215324336 13.4910879825324 41.9762263931609
34.0269734859074 19.4583788556769 -11.915580014841 -68.1240574814062 13.4535635240995 42.0429987713717
34.0144709178676 19.4216231551939 -11.7957795986654 -68.2128044416101 13.4160764445277 42.1097077745445
34.0018728838498 19.3848866316843 -11.6758803660712 -68.3016628288602 13.3786245303198 42.1763506098315
33.9891775161334 19.3481693161691 -11.5558811621802 -68.3906330622438 13.3412055303584 42.2429244605644
33.9763829228356 19.3114712529214 -11.4357808854757 -68.4797155628567 13.3038171563697 42.3094264866374
33.9634871883054 19.2747924995559 -11.3155784895872 -68.5689107524678 13.266457083435 42.3758538248665
33.9504883735394 19.2381331271256 -11.1952729851073 -68.6582190521076 13.2291229505527 42.4422035893234
33.9373845166194 19.2014932202259 -11.0748634414423 -68.7476408805822 13.1918123612494 42.508472871645
33.924173633172 19.1648728771077 -10.9543489886941 -68.8371766529114 13.1545228842443 42.5746587413156
33.91085371685 19.1282722097996 -10.8337288195754 -68.9268267786914 13.1172520541645 42.6407582459249
33.897422739837 19.0916913442377 -10.7130021913574 -69.0165916603823 13.0799973723134 42.7067684114002
33.8838786533737 19.055130420407 -10.5921684278487 -69.1064716915211 13.0427563074924 42.7726862422135
33.870219388307 19.0185895924903 -10.4712269214074 -69.1964672548622 13.0055262968741 42.8385087215649
33.8564428556613 18.9820690290277 -10.3501771349805 -69.2865787204493 12.9683047469267 42.904232811544
33.8425469472309 18.9455689130823 -10.2290186041665 -69.3768064436325 12.9310890343852 42.9698554532715
33.8285295361933 18.9090894424115 -10.1077509392897 -69.467150763046 12.8938765072678 43.0353735670276
33.8143884777413 18.8726308296404 -9.98637382748116 -69.557611998559 12.8566644859327 43.1007840523703
33.8001216097356 18.8361933024378 -9.86488703476218 -69.6481904492054 12.8194502641746 43.1660837882441
33.7857267533752 18.799777103694 -9.74329040813008 -69.7388863910914 12.7822311103587 43.2312696330805
33.7712017138879 18.7633824917016 -9.62158387764562 -69.8297000752825 12.7450042685928 43.2963384248907
33.7565442812397 18.7270097403386 -9.49976745852198 -69.920631725668 12.7077669599339 43.3612869813484
33.741752230863 18.6906591392544 -9.37784125321419 -70.0116815368061 12.6705163836306 43.4261120998657
33.726823324404 18.6543309940569 -9.25580545350614 -70.1028496717519 12.6332497183983 43.4908105576618
33.711755310487 18.6180256265011 -9.13366034258777 -70.1941362598826 12.595964123724 43.5553791118284
33.6965459254966 18.581743374674 -9.01140629711332 -70.2855413947355 12.5586567411985 43.6198144993982
33.6811928943747 18.5454845931752 -8.88904378923321 -70.3770651318717 12.5213246958714 43.6841134374179
33.6656939314334 18.5092496532929 -8.76657338859641 -70.4687074867694 12.4839650976293 43.7482726230291
33.6500467411829 18.4730389431742 -8.64399576432238 -70.560468432749 12.4465750425944 43.8122887335571
33.6342490191755 18.43685286799 -8.5213116869418 -70.6523478989283 12.4091516145429 43.876158426607
33.6182984528635 18.4006918500958 -8.39852203030563 -70.7443457682087 12.3716918863436 43.9398783401685
33.6021927224732 18.3645563291865 -8.27562777346177 -70.8364618752916 12.3341929214132 44.003445092729
33.5859295018935 18.328446762447 -8.15263000249869 -70.9286960047256 12.296651775191 44.0668552833945
33.5695064595797 18.2923636246978 -8.02952991235524 -71.0210478889843 12.2590654966277 44.1301054920207
33.5529212594715 18.2563074085355 -7.90632880859603 -71.1135172065737 12.2214311296923 44.1931922793522
33.5361715619267 18.2202786244689 -7.78302810915155 -71.206103580171 12.1837457148915 44.2561121871714
33.5192550246684 18.1842778010501 -7.65962934602219 -71.2988065747934 12.1460062908048 44.3188617384569
33.5021693037477 18.1483054850015 -7.53613416694559 -71.3916256959968 12.1082098956317 44.3814374375523
33.4849120545199 18.1123622413372 -7.41254433702611 -71.4845603881059 12.070353568751 44.4438357703449
33.4674809326358 18.0764486534802 -7.28886174032599 -71.5776100324747 12.0324343522926 44.506053204455
33.4498735950457 18.0405653233751 -7.16508838141695 -71.6707739457769 11.9944492927189 44.5680861894361
33.4320877010191 18.0047128715957 -7.04122638689155 -71.7640513783284 11.9563954424166 44.629931156987
33.4141209131764 17.9688919374478 -6.91727800683332 -71.8574415124398 11.9182698612969 44.691584521174
33.3959708985353 17.9331031790679 -6.79324561624467 -71.9509434608002 11.8800696184051 44.7530426786667
33.3776353295701 17.8973472735163 -6.66913171643167 -72.0445562648931 11.8417917935365 44.8143020089849
33.359111885284 17.8616249168656 -6.54493893634465 -72.1382788934425 11.8034334788598 44.8753588747587
33.3403982522948 17.8259368242847 -6.42067003387367 -72.2321102408921 11.7649917805457 44.9362096220013
33.3214921259328 17.790283730117 -6.29632789709772 -72.3260491259158 11.7264638204019 44.996850580395
33.3023912113516 17.7546663879546 -6.17191554548674 -72.4200942899607 11.6878467375112 45.0572780635915
33.2830932246508 17.7190855707064 -6.04743613105517 -72.5142443958226 11.649137689874 45.1174883695256
33.2635958940109 17.6835420706613 -5.92289293946626 -72.6084980262548 11.6103338560536 45.1774777807437
33.2438969608397 17.6480366995467 -5.79828939108561 -72.7028536826095 11.5714324368238 45.2372425647469
33.2239941809302 17.6125702885807 -5.67362904198325 -72.7973097835136 11.5324306568177 45.2967789743493
33.2038853256295 17.5771436885192 -5.54891558488271 -72.8918646635779 11.4933257661774 45.3560832480521
33.1835681830186 17.5417577696976 -5.42415285005629 -72.9865165721408 11.4541150422034 45.4151516104328
33.1630405591026 17.5064134220663 -5.299344806165 -73.0812636720473 11.4147957910038 45.4739802725517
33.1423002790106 17.4711115552206 -5.17449556104232 -73.176104038462 11.3753653491412 45.5325654323743
33.1213451882065 17.4358530984248 -5.04960936242032 -73.2710356577196 11.3358210852779 45.5909032752107
33.1001731537074 17.4006390006297 -4.92469059859704 -73.3660564262096 11.2961604018184 45.6489899741723
33.0787820653127 17.3654702304842 -4.79974379904397 -73.4611641492993 11.2563807365469 45.7068216906464
33.0571698368409 17.3303477763404 -4.6747736349522 -73.5563565402927 11.2164795642619 45.7643945747888
33.035334407374 17.2952726462519 -4.54978491971622 -73.6516312194276 11.1764543984049 45.8217047660343
33.0132737425114 17.2602458679659 -4.42478260935405 -73.746985712911 11.1363027926826 45.8787483936259
32.9909858356289 17.2252684889076 -4.29977180286232 -73.8424174519926 11.0960223426837 45.9355215771637
32.9684687091462 17.1903415761588 -4.17475774250524 -73.9379237720783 11.0556106874869 45.992020427172
32.9457204157996 17.1554662164276 -4.04974581403611 -74.033501911883 11.0150655112618 46.0482410456865
32.9227390399215 17.1206435160124 -3.92474154685005 -74.1291490126242 10.9743845448605 46.1041795268614
32.8995226987239 17.0858746007571 -3.79975061406681 -74.2248621172563 10.9335655673991 46.1598319575967
32.8760695435881 17.0511606159992 -3.67477883254229 -74.3206381697468 10.8926064078293 46.2151944181851
32.8523777613574 17.0165027265098 -3.54983216280757 -74.4164740143946 10.8515049464989 46.2702629829809
32.8284455756343 16.9819021164252 -3.42491670893418 -74.5123663951914 10.8102591166995 46.3250337210886
32.8042712480799 16.9473599891708 -3.30003871832435 -74.6083119552264 10.7688669062025 46.3795026970729
32.7798530797168 16.9128775673759 -3.17520458142499 -74.7043072361353 10.7273263587809 46.4336659716907
32.7551894122328 16.8784560927802 -3.05042083136418 -74.8003486775943 10.6856355757169 46.4875196026437
32.7302786292863 16.844096826131 -2.92569414350894 -74.8964326168592 10.6437927172946 46.541059645353
32.7051191578125 16.8098010470721 -2.80103133494301 -74.9925552883512 10.6017960042768 46.5942821537564
32.6797094693287 16.7755700540223 -2.67643936386353 -75.0887128232892 10.5596437193648 46.6471831811262
32.6540480812392 16.7414051640456 -2.55192532889537 -75.1849012493699 10.5173342086411 46.6997587809103
32.628133558139 16.7073077127107 -2.42749646832191 -75.2811164904959 10.474865882994 46.7520050075956
32.6019645131146 16.6732790539413 -2.3031601592312 -75.377354366553 10.4322372195221 46.8039179175929
32.575539609042 16.6393205598562 -2.17892391657624 -75.4736105932371 10.3894467629202 46.8554935701452
32.5488575598813 16.6054336205989 -2.05479539214844 -75.5698807819312 10.3464931268434 46.9067280282578
32.521917131966 16.5716196441568 -1.93078237346293 -75.6661604396334 10.3033749952502 46.9576173596515
32.4947171452879 16.53788005617 -1.80689278255495 -75.7624449689375 10.260091123723 47.0081576377382
32.4672564747748 16.5042162997288 -1.68313467468595 -75.8587296680645 10.2166403407655 47.0583449426185
32.4395340515624 16.4706298351608 -1.55951623695868 -75.9550097309486 10.1730215490754 47.1081753621027
32.4115488642572 16.437122139806 -1.43604578684015 -76.0512802473761 10.1292337267931 47.157644992754
32.3832999601912 16.4036947077807 -1.31273177059146 -76.1475362031797 10.0852759287238 47.2067499409534
32.3547864466677 16.3703490497303 -1.18958276160376 -76.2437724804864 10.0411472875329 47.2554863239879
32.3260074921952 16.3370866925697 -1.06660745863931 -76.3399838580233 9.99684701491461 47.3038502711606
32.2969623277113 16.3039091792119 -0.94381468397688 -76.4361650114781 9.95237440273125 47.3518379249222
32.2676502477933 16.2708180682843 -0.821213381460698 -76.5323105139177 9.90772882412359 47.399445442025
32.2380706118561 16.2378149338332 -0.698812614452158 -76.6284148362641 9.86290973459099 47.4466689946987
32.208222845336 16.204901365015 -0.576621563683629 -76.7244723478295 9.81791667304037 47.4935047718467
32.1781064408587 16.1720789657753 -0.454649525013694 -76.8204773169092 9.77274926280316 47.5399489802646
32.1477209593914 16.1393493545153 -0.332905907083198 -76.9164239114352 9.7274072126194 47.5859978458789
32.1170660313784 16.1067141637446 -0.211400228871591 -77.0123061996894 9.68189031758792 47.6316476150066
32.0861413578574 16.0741750397213 -0.0901421171530326 -77.1081181510781 9.63619846008195 47.6768945556348
32.0549467115573 16.0417336420791 0.0308586961481494 -77.2038536369671 9.59033161062892 47.72173495872
32.0234819379754 16.0093916434403 0.151592376703043 -77.2995064315793 9.54428982875387 47.7661651395078
31.9917469564341 15.977150729016 0.272048990625084 -77.3950702129544 9.49807326378529 47.81018143887
31.9597417611136 15.9450125961922 0.392218507418595 -77.4905385639715 9.45168215562262 47.853780224662
31.9274664220629 15.9129789541023 0.512090803029102 -77.5859049734349 9.4051168354644 47.8969578930966
31.8949210861852 15.8810515231857 0.631655662995558 -77.6811628372236 9.3583777264963 47.9397108701367
31.862105978198 15.849232034733 0.750902785704496 -77.7763054595055 9.31146534453787 47.9820356129042
31.8290214015666 15.8175222304159 0.869821785746096 -77.871326054015 9.26438029864734 48.0239286111054
31.795667739409 15.7859238618046 0.98840219737204 -77.9662177453967 9.21712329168337 48.0653863884723
31.7620454553732 15.7544386898696 1.10663347805497 -78.0609735706135 9.16969512082292 48.1064055042189
31.7281550944829 15.7230684844704 1.22450501214927 -78.1555864804201 9.12209667803435 48.1469825545119
31.693997283953 15.691815023829 1.34200611465283 -78.250049340903 9.07432895050468 48.1871141739553
31.6595727339721 15.6606800939903 1.45912603506929 -78.3443549350854 9.02639302102039 48.2267970370876
31.6248822384518 15.6296654882665 1.57585396137034 -78.4384959645988 8.97829006830053 48.2660278598912
31.5899266757415 15.5987730066688 1.69217902405727 -78.5324650514208 8.93002136728148 48.3048034013134
31.5547070093065 15.5680044553239 1.80809030032122 -78.6262547396787 8.8815882893524 48.3431204647976
31.5192242883699 15.5373616458763 1.92357681830118 -78.7198574975203 8.83299230254044 48.3809758998243
31.4834796485162 15.5068463948767 2.03862756143888 -78.8132657190497 8.78423497164492 48.41836660346
31.4474743122555 15.4764605231553 2.15323147292952 -78.9064717263311 8.73531795831951 48.455289521915
31.411209589547 15.4462058551824 2.26737746026714 -78.9994677714572 8.6862430211017 48.4917416521067
31.3746868782811 15.4160842184128 2.38105439988346 -79.0922460386846 8.63701201538859 48.5277200432294
31.3379076647188 15.3860974426186 2.49425114187887 -79.1847986466348 8.58762689335821 48.5632217983279
31.300873523887 15.3562473592058 2.6069565148439 -79.2771176505603 8.5380897038356 48.5982440758752
31.2635861199287 15.3265358005189 2.71915933076975 -79.3691950446769 8.4884025921028 48.6327840913524
31.2260472064072 15.2969645991305 2.83084839004617 -79.4610227645599 8.43856779965198 48.6668391188292
31.1882586265624 15.2675355871181 2.94201248654468 -79.5525926896056 8.38858766388093 48.7004064925454
31.1502223135196 15.2382505953276 3.05264041278535 -79.6438966455562 8.33846461773022 48.7334836084897
31.111940290448 15.2091114526231 3.1627209651849 -79.7349264070882 8.28820118926122 48.7660679259774
31.0734146706683 15.180119985124 3.27224294938404 -79.8256737004642 8.23780000117434 48.7981569692229
31.0346476577097 15.1512780154296 3.38119518565149 -79.9161302062456 8.18726377026675 48.829748328908
30.9956415453128 15.1225873618307 3.48956651436237 -80.0062875620679 8.13659530682905 48.8608396637429
30.9563987173792 15.0940498375092 3.59734580154819 -80.0961373654757 8.08579751398006 48.8914287020194
30.9169216478666 15.0656672497258 3.70452194451572 -80.185671176818 8.03487338693926 48.9215132431546
30.8772129006273 15.0374413989959 3.81108387753173 -80.2748805222014 7.98382601223637 48.9510911592238
30.8372751291901 15.0093740782537 3.91702057757065 -80.3637568965013 7.93265856685731 48.9801603964807
30.7971110764843 14.9814670720063 4.02232107012175 -80.4522917664297 7.88137431732624 49.0087189768636
30.7567235745052 14.9537221554759 4.12697443505259 -80.5404765736581 7.82997661872311 49.0367649994861
30.7161155439191 14.9261410937328 4.23096981252511 -80.6283027379942 7.77846891363629 49.0642966421106
30.6752899936089 14.8987256408174 4.33429640896065 -80.7157616606115 7.72685473104989 49.0913121626031
30.6342500201569 14.8714775388538 4.43694350305014 -80.8028447273299 7.67513768516537 49.1178099003668
30.5929988072664 14.8443985171536 4.53890045180526 -80.8895433119456 7.62332147415724 49.1437882777547
30.5515396251196 14.8174902913114 4.64015669664644 -80.9758487796096 7.57140987886245 49.1692458014574
30.5098758296719 14.7907545622921 4.74070176952343 -81.0617524902519 7.51940676140322 49.1941810638653
30.4680108618821 14.7641930155109 4.84052529906364 -81.1472458020498 7.46731606374336 49.2185927444038
30.4259482468762 14.7378073199062 4.93961701674381 -81.2323200749396 7.41514180617766 49.2424796108388
30.3836915930473 14.7115991270057 5.03796676307985 -81.3169666741677 7.36288808575445 49.2658405205515
30.3412445910871 14.6855700699867 5.13556449382994 -81.401176973881 7.3105590746313 49.2886744217801
30.2986110129518 14.6597217627318 5.23240028620555 -81.4849423607523 7.25815901836381 49.3109803548267
30.2557947107607 14.6340557988791 5.32846434508487 -81.5682542376407 7.20569223412774 49.3327574532277
30.2127996156257 14.608573750869 5.4237470092231 -81.6511040272823 7.15316310887445 49.3540049448856
30.1696297364146 14.5832771689873 5.51823875745371 -81.7334831760101 7.10057609742007 49.37472215316
30.1262891584439 14.5581675804062 5.61193021487463 -81.8153831575005 7.04793572046851 49.3949084979169
30.0827820421047 14.533246488223 5.70481215901309 -81.8967954765428 6.99524656256887 49.4145634965325
30.0391126214187 14.5085153704984 5.79687552596279 -81.9777116728289 6.94251327000755 49.4336867648519
29.9952852025251 14.4839756792934 5.88811141648718 -82.0581233247621 6.88974054863532 49.4522780180986
29.9513041620978 14.4596288397074 5.97851110208473 -82.1380220532864 6.83693316162892 49.4703370717349
29.9071739456898 14.4354762489139 6.06806603101623 -82.2173995257443 6.7840959271842 49.4878638422719
29.8628990660009 14.411519275195 6.15676783429612 -82.2962474597791 6.73123371613764 49.5048583480301
29.8184841010681 14.3877592569724 6.24460833164741 -82.3745576272879 6.67835144951362 49.5213207098484
29.7739336923759 14.3641975018359 6.33157953741518 -82.4523218584277 6.62545409599712 49.5372511517427
29.729252542888 14.3408352855698 6.41767366643144 -82.5295320456701 6.57254666933276 49.5526500015097
29.6844454150006 14.3176738511787 6.50288313982305 -82.6061801479018 6.51963422565115 49.5675176912751
29.6395171284179 14.2947144079134 6.58720059075446 -82.6822581945633 6.46672186072394 49.5818547579841
29.59447255795 14.2719581302981 6.67061887009673 -82.7577582898249 6.41381470714884 49.5956618438324
29.5493166312346 14.2494061571596 6.753131052014 -82.8326726167919 6.360917931466 49.6089396966349
29.5040543263828 14.2270595906604 6.83473043945852 -82.9069934417353 6.30803673120739 49.6216891701308
29.4586906695506 14.2049194953358 6.91541056956481 -82.9807131183438 6.2551763318808 49.6339112242232
29.4132307324366 14.1829868971374 6.99516521893382 -83.0538240919898 6.20234198389025 49.645606925151
29.3676796297074 14.1612627824827 7.07398840879704 -83.126318904006 6.14953895939476 49.6567774455904
29.3220425163522 14.139748097314 7.15187441005095 -83.1981901959658 6.09677254910743 49.6674240646863
29.2763245849677 14.1184437461656 7.22881774815151 -83.269430713962 6.04404805903717 49.677548168009
29.2305310629748 14.0973505912422 7.30481320785874 -83.3400333128803 5.99137080717507 49.687151247437
29.184667209768 14.0764694515089 7.37985583782372 -83.4099909606637 5.93874612012755 49.6962349009661
29.1387383137958 14.0558011017916 7.45394095501388 -83.4792967425782 5.88617932969727 49.7048008324515
29.09274968957 14.0353462718887 7.52706414897495 -83.5479438654861 5.83367576941282 49.7128508512919
29.0467066746033 14.0151056456928 7.59922128592503 -83.6159256621358 5.78124077100833 49.7203868720605
29.0006146262763 13.9950798603235 7.67040851267201 -83.6832355954635 5.72887966085537 49.7274109140843
28.9544789186359 13.9752695052732 7.7406222603431 -83.749867262902 5.67659775634998 49.7339251009696
28.9083049391279 13.9556751215667 7.80985924791424 -83.8158144006869 5.62440036225786 49.7399316600714
28.8620980852667 13.9362972009367 7.87811648552717 -83.8810708881546 5.57229276702099 49.7454329219042
28.8158637612459 13.9171361850162 7.94539127758164 -83.9456307520214 5.5202802390293 49.7504313194913
28.7696073744915 13.8981924645501 8.01168122558991 -84.0094881706389 5.46836802286079 49.754929387652
28.7233343321625 13.8794663786272 8.07698423078046 -84.0726374782144 5.41656133549421 49.7589297622226
28.6770500376025 13.8609582139339 8.14129849643772 -84.135073168989 5.36486536249813 49.7624351792107
28.6307598867453 13.8426682040326 8.20462252996421 -84.1967899013664 5.31328525420093 49.7654484738802
28.5844692644793 13.8245965286646 8.2669551446513 -84.2577825019807 5.26182612184595 49.7679725797654
28.5381835409758 13.8067433130814 8.32829546114456 -84.3180459696972 5.21049303373676 49.7700105276125
28.4919080679835 13.7891086274041 8.38864290858946 -84.3775754795356 5.15929101137739 49.7715654442467
28.4456481750978 13.7716924860143 8.44799722544278 -84.4363663865069 5.10822502561283 49.7726405513639
28.3994091660059 13.7544948469777 8.50635845993533 -84.4944142293553 5.05729999277531 49.7732391642462
28.3531963147166 13.7375156115021 8.56372697017305 -84.5517147341951 5.00652077084211 49.7733646903984
28.3070148617787 13.7207546234318 8.62010342386876 -84.6082638180337 4.95589215561099 49.7730206281074
28.2608700104953 13.7042116687811 8.67548879770517 -84.6640575921703 4.90541887689971 49.7722105649209
28.2147669231392 13.6878864753069 8.72988437633738 -84.7190923654613 4.85510559477623 49.7709381760473
28.1687107171775 13.6717787121253 8.78329175104748 -84.7733646474432 4.80495689582681 49.7692072226756
28.1227064615119 13.6558879893709 8.83571281806511 -84.8268711513009 4.75497728946933 49.7670215502152
28.0767591727432 13.6402138579033 8.88714977656757 -84.8796087966739 4.70517120431972 49.7643850864568
28.0308738114669 13.6247558090618 8.9376051263731 -84.9315747122882 4.65554298461977 49.7613018396542
27.9850552786097 13.6095132744705 8.98708166534031 -84.9827662384055 4.60609688673499 49.7577758965289
27.9393084118161 13.5944856258961 9.03558248648704 -85.0331809290776 4.55683707573169 49.7538114201985
27.8936379818934 13.5796721751591 9.08311097484108 -85.0828165541969 4.50776762204315 49.7494126480312
27.8480486893278 13.5650721741036 9.1296708040354 -85.1316711013323 4.45889249823509 49.7445838894283
27.8025451608808 13.5506848146238 9.17526593266006 -85.1797427773408 4.41021557588105 49.7393295235386
27.7571319462761 13.5365092287519 9.21990060038276 -85.2270300097485 4.3617406225571 49.7336539969068
27.7118135149838 13.5225444888066 9.26357932384985 -85.2735314479036 4.31347129896242 49.7275618210595
27.6665942531086 13.5087896076026 9.30630689237917 -85.319245963904 4.26541115617118 49.7210575700326
27.6214784603909 13.4952435387223 9.34808836345612 -85.3641726532977 4.21756363302451 49.7141458778439
27.5764703473349 13.4819051768513 9.38892905804382 -85.4083108355454 4.16993205367574 49.706831435919
27.5315740324816 13.4687733581777 9.42883455571831 -85.4516600542299 4.12251962530483 49.6991189904797
27.4867935398411 13.4558468608594 9.46781068963909 -85.4942200770045 4.0753294360166 49.6910133399041
27.4421327964964 13.4431244055551 9.50586354136558 -85.5359908952721 4.028364452932 49.682519332067
27.3975956303814 13.4306046560213 9.54299943552926 -85.5769727236016 3.9816275204746 49.6736418616676
27.3531857682317 13.4182862197695 9.57922493437161 -85.6171659988881 3.93512135884908 49.6643858675481
27.3089068337041 13.4061676487829 9.6145468321572 -85.6565713792662 3.88884856270653 49.6547563300063
27.2647623456594 13.394247440289 9.64897214947148 -85.6951897427873 3.84281159999091 49.6447582681054
27.2207557166064 13.3825240375842 9.68250812741222 -85.7330221858705 3.79701281096129 49.6343967369838
27.1768902513011 13.37099583091 9.7151622216837 -85.7700700215354 3.75145440738444 49.6236768251673
27.1331691454966 13.3596611583753 9.74694209660221 -85.8063347774281 3.7061384718923 49.6126036518868
27.0895954848414 13.3485183069249 9.7778556190213 -85.8418181936474 3.66106695749937 49.6011823644036
27.0461722439202 13.3375655133493 9.80791085218515 -85.876522220382 3.61624168727441 49.5894181353454
27.0029022854337 13.3268009653345 9.83711604951785 -85.9104490153669 3.57166435416171 49.5773161600542
26.9597883595138 13.3162228025494 9.86547964835662 -85.9436009411666 3.52733652094659 49.5648816539496
26.9168331031692 13.305829117768 9.89301026363645 -85.9759805622956 3.48325962036034 49.5521198499092
26.8740390398581 13.2956179580233 9.91971668153339 -86.0075906421828 3.43943495531956 49.5390359956676
26.8314085791848 13.2855873257931 9.94560785307395 -86.0384341399884 3.39586369929515 49.5256353512373
26.7889440167142 13.2757351802118 9.97069288771718 -86.0685142072819 3.35254689680614 49.5119231863518
26.7466475339029 13.26605943831 9.99498104691656 -86.0978341845878 3.30948546403365 49.4979047779346
26.7045211981409 13.2565579762759 10.0184817376678 -86.1263975978079 3.26668018955048 49.4835854075941
26.6625669629021 13.2472286307401 10.0412045060494 -86.154208154527 3.2241317351615 49.468970359147
26.6207866679974 13.2380692000784 10.0631590307614 -86.1812697402121 3.18184063685009 49.4540649161713
26.5791820399272 13.2290774457334 10.084355116669 -86.2075864143171 3.13980730582511 49.4388743595895
26.5377546923292 13.220251093551 10.1048026883563 -86.2331624063009 3.09803202966377 49.4234039652829
26.4965061265169 13.2115878351309 10.1245117836956 -86.2580021115647 3.05651497354653 49.4076590017394
26.4554377321085 13.2030853291889 10.1434925474383 -86.2821100873104 3.01525618158083 49.3916447277363
26.4145507877414 13.1947412029302 10.1617552248317 -86.305491048323 2.97425557821001 49.3753663900592
26.3738464618711 13.186553053431 10.1793101552669 -86.3281498626858 2.93351296970356 49.3588292212601
26.3333258136482 13.1785184490265 10.1961677659636 -86.3500915474305 2.89302804572471 49.3420384374536
26.2929897938739 13.1706349307058 10.2123385656943 -86.3713212641318 2.85280038097149 49.3249992361535
26.2528392460266 13.1629000135087 10.2278331385545 -86.3918443144538 2.81282943688681 49.30771679415
26.2128749073583 13.155311187927 10.2426621377821 -86.4116661356575 2.773114563433 49.2901962654278
26.1730974100549 13.1478659213045 10.2568362796297 -86.4307922960771 2.73365500092674 49.272442779125
26.1335072824597 13.1405616592376 10.2703663372949 -86.44922849057 2.69444988193119 49.254461437535
26.0941049503568 13.1333958269742 10.2832631349109 -86.4669805359387 2.65549823320279 49.2362573141516
26.054890738313 13.1263658308086 10.2955375416025 -86.4840543663296 2.61679897768983 49.2178354517594
26.0158648710742 13.1194690594725 10.3072004656097 -86.5004560286121 2.57835093657957 49.1992008605699
25.977027475015 13.1127028855212 10.3182628484825 -86.5161916777421 2.54015283139054 49.1803585164027
25.9383785796368 13.1060646667114 10.3287356593504 -86.5312675721165 2.50220328610692 49.1613133589151
25.8999181191143 13.099551747373 10.338629889269 -86.5456900689211 2.46450082935187 49.1420702898765
25.8616459338843 13.0931614597706 10.3479565456469 -86.5594656194774 2.42704389659665 49.1226341714923
25.8235617722775 13.0868911254555 10.3567266467553 -86.5726007645916 2.38983083240267 49.1030098247742
25.7856652921885 13.080738056607 10.3649512163226 -86.5851021299118 2.35285989269352 49.0832020279587
25.7479560627825 13.0746995573617 10.3726412782173 -86.5969764212938 2.3161292470541 49.0632155149746
25.7104335662357 13.0687729251293 10.3798078512197 -86.6082304201833 2.27963698105418 49.0430549739583
25.6730971995076 13.0629554518961 10.3864619438866 -86.618870979015 2.24338109859353 49.0227250458178
25.6359462761419 13.0572444255123 10.3926145495092 -86.6289050166337 2.20735952426622 49.0022303228452
25.5989800280952 13.0516371309656 10.3982766411666 -86.6383395137405 2.1715701057413 48.981575347379
25.5621976075891 13.0461308516373 10.4034591668769 -86.6471815083667 2.13601061615757 48.9607646105135
25.5255980889857 13.0407228705429 10.4081730448472 -86.6554380913795 2.10067875652988 48.9398025508588
25.4891804706827 13.0354104715544 10.4124291588238 -86.6631164020223 2.06557215816457 48.9186935533475
25.4529436770262 13.0301909406045 10.4162383535439 -86.6702236234951 2.03068838508125 48.8974419480915
25.4168865602376 13.0250615668721 10.4196114302906 -86.676766978582 1.9960249364376 48.8760520092843
25.381007902352 13.0200196439483 10.4225591425508 -86.6827537253332 1.96157924895407 48.8545279541505
25.3453064171648 13.015062470982 10.4250921917795 -86.6881911528068 1.92734869933582 48.8328739419408
25.3097807521853 13.0101873538045 10.4272212232681 -86.6930865768726 1.89333060668973 48.8110940729716
25.2744294905956 13.0053916060334 10.4289568221203 -86.6974473360795 1.85952223493475 48.7891923877105
25.239251153212 13.0006725501549 10.4303095093348 -86.7012807875877 1.82592079520409 48.7671728659068
25.2042442004509 12.9960275185836 10.4312897379956 -86.7045943031613 1.79252344823853 48.7450394257673
25.1694070342961 12.9914538547009 10.4319078895699 -86.7073952652204 1.75932730677016 48.7227959231785
25.1347380002682 12.9869489138705 10.4321742703156 -86.7096910629511 1.72632943789529 48.7004461509752
25.1002353893939 12.9825100644314 10.432099107796 -86.7114890884747 1.69352686543508 48.6779938382541
25.065897440173 12.9781346886679 10.4316925475045 -86.712796733079 1.66091657228226 48.6554426497342
25.0317223405436 12.9738201837562 10.4309646495974 -86.7136213835115 1.62849550273238 48.6327961851603
24.9977082298411 12.9695639626874 10.4299253857363 -86.7139704183371 1.5962605647982 48.6100579787527
24.9638532007529 12.9653634551668 10.4285846360384 -86.7138512043614 1.56420863250574 48.5872314986997
24.9301553012647 12.9612161084896 10.4269521861361 -86.713271093121 1.53233654817066 48.564320146694
24.8966125365983 12.957119388392 10.4250377243446 -86.712237417441 1.50064112465369 48.5413272575117
24.8632228711403 12.9530707798781 10.4228508389378 -86.7107574880626 1.46911914759384 48.5182560986339
24.8299842303585 12.9490677880232 10.4204010155312 -86.7088385903398 1.43776737761821 48.49510986991
24.7968945027069 12.9451079387514 10.4176976345723 -86.7064879810078 1.4065825525273 48.4718917032619
24.7639515415171 12.94118877959 10.4147499689379 -86.7037128850227 1.3755613894546 48.4486046624291
24.7311531668748 12.9373078803983 10.4115671816363 -86.7005204924736 1.34470058699968 48.4252517427532
24.6984971674814 12.9334628340726 10.408158323616 -86.6969179555689 1.31399682733355 48.4018358710026
24.6659813024986 12.9296512572259 10.404532331678 -86.6929123856945 1.28344677827546 48.3783599052343
24.6336033033751 12.9258707908437 10.4006980264921 -86.6885108505482 1.25304709534031 48.3548266346952
24.6013608756563 12.9221191009147 10.3966641107163 -86.6837203713476 1.2227944237558 48.3312387797599
24.5692517007727 12.9183938790375 10.3924391672177 -86.6785479201131 1.19268540044839 48.3075989919049
24.5372734378098 12.9146928430025 10.3880316573947 -86.6730004170271 1.16271665599767 48.2839098537192
24.5054237252562 12.9110137373498 10.3834499195991 -86.6670847278677 1.13288481655806 48.2601738789495
24.4737001827301 12.9073543339024 10.3787021676569 -86.6608076615187 1.10318650574748 48.2363935125807
24.4421004126835 12.903712432276 10.3737964894874 -86.6541759675554 1.07361834650222 48.212571130949
24.4106220020833 12.9000858603641 10.3687408458183 -86.6471963339064 1.04417696289744 48.188709041889
24.3792625240671 12.8964724747999 10.3635430689965 -86.6398753845941 1.01485898193216 48.1648094849116
24.3480195395742 12.8928701613933 10.3582108618935 -86.6322196775575 0.985661035277331 48.1408746314129
24.316890598948 12.8892768355458 10.3527517969029 -86.6242357025596 0.956579760986018 48.1169065849121
24.2858732435123 12.8856904426395 10.3471733150305 -86.6159298791769 0.927611805165736 48.0929073813176
24.2549650071198 12.8821089584055 10.3414827250737 -86.6073085548663 0.898753823613709 48.0688789892229
24.2241634176751 12.8785303892672 10.3356872028907 -86.5983780031079 0.87000248341518 48.0448233102298
24.1934659986296 12.874952772663 10.3297937907565 -86.5891444216212 0.84135446450462 48.0207421793002
24.1628702704504 12.8713741773446 10.3238093968055 -86.5796139306566 0.8128064611896 47.9966373651346
24.1323737520597 12.8677927036553 10.3177407945583 -86.569792571359 0.7843551836371 47.9725105705763
24.1019739622482 12.8642064837845 10.3115946225317 -86.5596863042058 0.755997359322079 47.9483634330423
24.0716684210583 12.8606136820024 10.3053773839307 -86.5493010075161 0.727729734438165 47.9241975249773
24.0414546511397 12.8570124948719 10.2990954464202 -86.5386424760329 0.699549075270346 47.9000143543332
24.0113301790756 12.853401151441 10.2927550419752 -86.527716419576 0.671452169529591 47.8758153650706
23.9812925366798 12.8497779134128 10.2863622668083 -86.5165284617653 0.643435827649335 47.8516019376833
23.9513392622648 12.8461410752971 10.2799230813722 -86.5050841388146 0.615496884043822 47.8273753897443
23.9214679018797 12.84248896454 10.2734433104364 -86.4933888983938 0.587632198328313 47.8031369764726
23.8916760105192 12.8388199416356 10.2669286432358 -86.4814480985601 0.559838656501185 47.7788878913206
23.8619611533019 12.8351324002167 10.2603846336899 -86.4692670067566 0.532113172088006 47.7546292665801
23.8323209066195 12.8314247671278 10.2538167006912 -86.4568507988773 0.50445268724765 47.7303621740079
23.8027528592556 12.8276955024782 10.2472301284601 -86.4442045583983 0.476854173840603 47.7060876254684
23.7732546134746 12.8239430996778 10.2406300669669 -86.4313332755737 0.449314634459569 47.6818065735945
23.7438237860804 12.8201660854544 10.2340215324158 -86.418241846696 0.421831103422567 47.6575199124636
23.7144580094456 12.8163630198529 10.2274094077935 -86.4049350734187 0.394400647728692 47.6332284782908
23.6851549325097 12.8125324962184 10.2207984434761 -86.3914176621419 0.367020367976772 47.6089330501357
23.6559122217485 12.8086731411613 10.214193257897 -86.3776942234585 0.339687399247126 47.5846343506249
23.6267275621123 12.804783614506 10.2075983382711 -86.3637692716606 0.312398911946712 47.5603330466869
23.5975986579356 12.8008626092246 10.2010180413746 -86.349647224305 0.285152112617917 47.5360297503009
23.5685232338159 12.7969088513528 10.1944565943793 -86.3353324018365 0.25794424471129 47.5117250192571
23.5394990354639 12.7929210998923 10.1879180957389 -86.3208290272683 0.230772589322538 47.4874193579291
23.510523830523 12.7888981466973 10.1814065161263 -86.3061412259186 0.203634465894115 47.4631132180567
23.481595409361 12.7848388163458 10.1749256994195 -86.2912730252008 0.176527232881744 47.4388069995395
23.4527115858314 12.7807419659982 10.1684793637349 -86.2762283544684 0.149448288386255 47.4145010512394
23.4238701980064 12.7766064852402 10.1620711025072 -86.2610110449124 0.122395070750992 47.3901956717924
23.3950691088795 12.7724312959136 10.1557043856118 -86.2456248295135 0.0953650591244096 47.3658911104279
23.3663062070374 12.7682153519323 10.1493825605315 -86.2300733430563 0.0683557739859537 47.3415875677933
23.3375794072955 12.7639576390846 10.1431088535627 -86.2143601222162 0.0413647776323591 47.3172851967801
23.3088866512981 12.759657174822 10.1368863710613 -86.1984886057231 0.0143896746229196 47.2929841033508
23.2802259080822 12.7553130080337 10.1307181007267 -86.1824621345945 -0.0125718878143731 47.2686843473663
23.2515951746113 12.75092421881 10.124606912921 -86.1662839524238 -0.0395222194120394 47.244385943415
23.2229924762803 12.7464899181932 10.1185555620237 -86.1499572057173 -0.0664635865246604 47.2200888616463
23.1944158673932 12.7420092479184 10.1125666878186 -86.1334849442731 -0.093398211821333 47.1957930286085
23.165863431615 12.737481380144 10.1066428169123 -86.1168701216035 -0.120328274008397 47.1714983280892
23.1373332823962 12.7329055171713 10.1007863641832 -86.1001155953963 -0.147255907581927 47.1472046019592
23.1088235633727 12.7282808911552 10.0949996342577 -86.0832241280175 -0.174183202609477 47.1229116510194
23.0803324487393 12.7236067638059 10.0892848230148 -86.0661983870507 -0.201112204540563 47.0986192358483
23.051858143598 12.7188824260807 10.0836440191146 -86.0490409458744 -0.228044914045341 47.0743270776523
23.0233988842818 12.7141071978681 10.0780792055519 -86.0317542842751 -0.254983286880966 47.0500348591156
22.994952938654 12.7092804276638 10.0725922612318 -86.0143407890949 -0.281929233785068 47.0257422252517
22.9665186063836 12.7044014922378 10.0671849625664 -85.996802754913 -0.308884620395814 47.0014487842539
22.9380942191962 12.6994697962958 10.0618589850916 -85.9791423847588 -0.335851267198 46.9771541083454
22.9096781411025 12.6944847721323 10.0566159051015 -85.9613617908574 -0.362830949494719 46.952857734629
22.8812687686026 12.6894458792768 10.0514572013006 -85.9434629954069 -0.389825397404636 46.9285591659335
22.8528645308662 12.6843526041343 10.0463842564707 -85.925447931391 -0.416836295885329 46.904257871658
22.8244638898887 12.6792044596181 10.0413983591533 -85.9073184434276 -0.443865284782702 46.8799532886119
22.796065340623 12.6740009847775 10.0365007053435 -85.8890762886505 -0.470913958905333 46.8556448218497
22.7676674110907 12.6687417444193 10.0316924001966 -85.8707231376182 -0.497983868122133 46.8313318455038
22.739268662471 12.6634263287253 10.0269744597454 -85.8522605752478 -0.525076517482174 46.8070137036124
22.7108676891703 12.6580543528635 10.0223478126256 -85.8336901017715 -0.552193367355986 46.7826897109438
22.6824631188713 12.6526254565972 10.0178133018101 -85.8150131337155 -0.579335833597756 46.7583591538165
22.6540536125632 12.6471393038879 10.01337168635 -85.796231004899 -0.606505287727828 46.7340212909146
22.6256378645519 12.6415955824963 10.009023643121 -85.7773449674533 -0.633703057134954 46.709675354098
22.5972146024529 12.6359940035789 10.0047697685743 -85.7583561928591 -0.660930425297684 46.6853205492074
22.5687825871649 12.6303343012819 10.0006105804914 -85.7392657730014 -0.688188632024351 46.6609560568635
22.5403406128264 12.6246162323324 9.99654651974024 -85.7200747212415 -0.715478873711156 46.6365810332604
22.5118875067539 12.6188395756267 9.99257795203375 -85.7007839735059 -0.742802303618379 46.6121946109513
22.4834221293618 12.6130041318168 9.98870516968748 -85.6813943893966 -0.770160032165195 46.5877958996275
22.4549433740637 12.6071097228935 9.98492839337709 -85.6619067533226 -0.797553127243076 46.5633839868871
22.4264501671553 12.6011561917682 9.98124777389366 -85.6423217756492 -0.824982614546656 46.538957938997
22.3979414676823 12.5951434018531 9.97766339389628 -85.622640093862 -0.852449477920433 46.5145168016449
22.3694162672925 12.5890712366404 9.97417526966085 -85.6028622737405 -0.879954659720153 46.4900596006856
22.3408735900734 12.5829395992806 9.97078335282412 -85.5829888105418 -0.907499061188212 46.4655853428772
22.312312492376 12.5767484121607 9.9674875321222 -85.5630201301916 -0.93508354284251 46.4410930166112
22.2837320626248 12.5704976164815 9.9642876351225 -85.5429565904834 -0.962708924878211 46.4165815926327
22.2551314211152 12.5641871718358 9.96118342994835 -85.5227984822835 -0.990375987581844 46.3920500247529
22.226509719797 12.5578170557862 9.95817462699546 -85.5025460307414 -1.01808547175722 46.3674972505523
22.1978661420472 12.5513872634436 9.9552608806394 -85.4821993965051 -1.04583807916262 46.3429221920752
22.1691999024294 12.5448978070469 9.95244179093324 -85.4617586769402 -1.0736344729588 46.3183237565146
22.1405102464425 12.5383487155426 9.94971690529475 -85.4412239073541 -1.10147527816796 46.2937008368881
22.1117964502552 12.531740034166 9.94708572018233 -85.4205950622286 -1.12936108214407 46.2690523127014
22.0830578204292 12.5250718240231 9.9445476827589 -85.3998720564609 -1.15729243505479 46.2443770506017
22.0542936936291 12.518344161673 9.94210219254318 -85.3790547466118 -1.18526985037375 46.2196739050191
22.025503436323 12.5115571387134 9.93974860304769 -85.3581429321553 -1.21329380538166 46.1949417187973
21.9966864444733 12.5047108613662 9.93748622340267 -85.3371363567274 -1.24136474167522 46.1701793238154
21.9678421432188 12.4978054500676 9.93531431996556 -85.3160347093725 -1.26948306568308 46.145385541598
21.9389699865485 12.4908410390585 9.93323211791519 -85.2948376257872 -1.2976491491886 46.1205591839157
21.9100694569677 12.4838177759791 9.93123880283031 -85.2735446895607 -1.32586332985861 46.0956990533758
21.8811400651557 12.4767358214651 9.92933352225176 -85.2521554334103 -1.354125911778 46.0708039440015
21.852181349618 12.4695953487484 9.92751538722792 -85.2306693404122 -1.38243716598946 46.0458726418009
21.8231928763297 12.4623965432591 9.92578347384272 -85.2090858452268 -1.410797331038 46.0209039253262
21.7941742383747 12.4551396022322 9.92413682472596 -85.187404335317 -1.43920661351982 45.995896566221
21.7651250555772 12.4478247343173 9.92257445054529 -85.1656241521597 -1.46766518863502 45.9708493297574
21.7360449741292 12.4404521591919 9.92109533147958 -85.1437445924504 -1.49617320074372 45.9457609753629
21.7069336662113 12.4330221071783 9.9196984186731 -85.1217649092983 -1.52473076392523 45.9206302571352
21.6777908296104 12.4255348188648 9.91838263567022 -85.099684313413 -1.55333796253975 45.8954559243472
21.6486161873312 12.4179905447307 9.91714687983027 -85.0775019742828 -1.58199485179238 45.8702367219408
21.6194094872044 12.4103895447752 9.91599002372215 -85.055217021344 -1.61070145829956 45.8449713910089
21.5901705014886 12.40273208815 9.91491091649834 -85.032828545147 -1.63945778065872 45.8196586692651
21.5608990264667 12.3950184527964 9.91390838524812 -85.0103355985178 -1.66826379002116 45.7942972915009
21.5315948820375 12.3872489250855 9.91298123632951 -84.9877371977149 -1.69711943066744 45.7688859900297
21.5022579113039 12.3794237994634 9.91212825667993 -84.9650323235761 -1.72602462058352 45.7434234951202
21.4728879801591 12.3715433781009 9.91134821510499 -84.9422199226524 -1.75497925203703 45.7179085354179
21.4434849768704 12.3636079705482 9.91063986354551 -84.9192989083303 -1.78398319215286 45.6923398383569
21.4140488116613 12.3556178933946 9.91000193832232 -84.8962681619392 -1.81303628348799 45.6667161305593
21.3845794162931 12.3475734699328 9.90943316135874 -84.8731265338462 -1.84213834460506 45.6410361382253
21.3550767436446 12.3394750298286 9.90893224138055 -84.8498728445352 -1.87128917064441 45.6152985875117
21.3255407672914 12.331322908796 9.90849787509328 -84.826505885673 -1.90048853389431 45.5895022048995
21.2959714810842 12.3231174482764 9.9081287483367 -84.8030244211618 -1.92973618435982 45.5636457175506
21.2663688987251 12.3148589951244 9.90782353721631 -84.7794271881825 -1.95903185033082 45.5377278536523
21.2367330533419 12.3065479012959 9.90758090921186 -84.7557128982298 -1.98837523894974 45.5117473427488
21.2070639970605 12.2981845235436 9.90739952426264 -84.7318802381368 -2.01776603677793 45.4857029160613
21.177361800578 12.2897692231159 9.90727803582959 -84.7079278710861 -2.0472039103595 45.4595933067962
21.1476265527354 12.2813023654622 9.90721509193411 -84.6838544376074 -2.07668850678236 45.4334172504428
21.1178583600902 12.2727843199431 9.90720933617354 -84.6596585565624 -2.10621945423712 45.407173485059
21.0880573464882 12.2642154595448 9.90725940871324 -84.635338826122 -2.1357963625742 45.3808607515446
21.0582236526344 12.2555961606001 9.90736394725538 -84.6108938247302 -2.16541882385833 45.354477793903
21.0283574356669 12.2469268025136 9.90752158798425 -84.5863221120535 -2.1950864129191 45.3280233594926
20.9984588687311 12.2382077674931 9.90773096648822 -84.561622229912 -2.22479868789666 45.3014961992677
20.968528140558 12.2294394402871 9.90799071865845 -84.5367927031933 -2.25455519078236 45.2748950680095
20.9385654550445 12.2206222079277 9.90829948156413 -84.5118320407475 -2.28435544795397 45.2482187245484
20.9085710308364 12.2117564594792 9.90865589430463 -84.4867387362633 -2.31419897070535 45.2214659319753
20.8785451009156 12.2028425857931 9.90905859883837 -84.4615112691268 -2.34408525577049 45.1946354578444
20.8484879121884 12.1938809792679 9.90950624078859 -84.436148105263 -2.37401378584228 45.1677260743655
20.8183997250769 12.184872033615 9.90999747022614 -84.4106476979645 -2.40398403008693 45.1407365585858
20.78828081311 12.1758161436288 9.91053094242931 -84.385008488712 -2.43399544465462 45.113665692563
20.7581314625134 12.1667137049616 9.91110531862089 -84.3592289079914 -2.4640474731863 45.0865122635348
20.7279519717963 12.1575651139021 9.91171926668251 -84.3333073761127 -2.49413954731681 45.0592750640903
20.6977426513341 12.1483707671569 9.91237146184648 -84.3072423040351 -2.52427108717493 45.0319528923432
20.6675038229487 12.1391310616364 9.91306058736516 -84.2810320941904 -2.55444150188036 45.0045445521029
20.6372358194881 12.1298463942446 9.91378533515815 -84.2546751413009 -2.58465019003703 44.9770488530382
20.6069389844084 12.1205171616739 9.91454440643736 -84.2281698331858 -2.61489654022223 44.9494646108297
20.5766136713567 12.1111437602051 9.91533651231018 -84.2015145515504 -2.64517993147012 44.921790647309
20.5462602437575 12.1017265855115 9.91616037436092 -84.1747076727481 -2.67549973374884 44.8940257905792
20.5158790743991 12.0922660324686 9.91701472521068 -84.1477475685083 -2.70585530843062 44.8661688751122
20.4854705450235 12.0827624949678 9.91789830905597 -84.120632606632 -2.73624600875503 44.8382187418253
20.4550350459188 12.073216365735 9.91880988218607 -84.0933611516607 -2.76667118028492 44.8101742381426
20.424572975517 12.0636280361557 9.91974821347962 -84.0659315655241 -2.79713016135477 44.7820342180477
20.3940847399973 12.0539978961046 9.92071208488038 -84.0383422081686 -2.82762228351093 44.7537975421291
20.3635707528957 12.0443263337811 9.92170029185265 -84.0105914381651 -2.8581468719439 44.7254630776174
20.3330314347198 12.0346137355508 9.92271164381634 -83.9826776132984 -2.8887032459123 44.6970296984173
20.3024672125704 12.0248604857918 9.92374496456219 -83.9545990911367 -2.91929071915871 44.6684962851315
20.2718785197681 12.0150669667467 9.92479909264713 -83.9263542295814 -2.94990860031709 44.6398617250784
20.2412657954877 12.0052335583801 9.92587288177023 -83.8979413873989 -2.98055619331194 44.6111249123041
20.2106294843973 11.9953606382415 9.92696520112942 -83.8693589247319 -3.01123279774904 44.5822847475861
20.179970036305 11.9854485813331 9.92807493575927 -83.8406052035933 -3.04193770929767 44.5533401384329
20.1492879058114 11.9754977599838 9.92920098685003 -83.81167858834 -3.07267022006456 44.5242899990754
20.1185835519676 11.965508543727 9.93034227204829 -83.7825774461315 -3.10342961895999 44.4951332504532
20.087857437939 11.955481299184 9.93149772573956 -83.7533001473745 -3.13421519205715 44.4658688201922
20.057110030672 11.9454163899512 9.93266629931296 -83.723845066157 -3.16502622294556 44.4364956425751
20.0263418005655 11.9353141764916 9.9338469614083 -83.6942105806708 -3.19586199307833 44.4070126585031
19.9955532211467 11.9251750160305 9.93503869814599 -83.6643950736244 -3.22672178211344 44.3774188154502
19.9647447687507 11.9149992624558 9.93624051333994 -83.6343969326444 -3.25760486824899 44.3477130674101
19.9339169222053 11.9047872662218 9.93745142869374 -83.6042145506649 -3.28851052855157 44.3178943748357
19.9030701625219 11.8945393742581 9.93867048398053 -83.5738463263013 -3.31943803927683 44.2879617045738
19.8722049725936 11.8842559298833 9.93989673720677 -83.5432906642064 -3.35038667618154 44.257914029794
19.8413218368993 11.8739372727231 9.94112926476026 -83.5125459754106 -3.38135571482703 44.2277503299145
19.8104212412155 11.8635837386332 9.94236716154264 -83.4816106776431 -3.41234443087411 44.1974695905219
19.779503672335 11.8531956596267 9.94360954108683 -83.450483195638 -3.44335210036941 44.1670708032881
19.7485696177919 11.842773363806 9.94485553565956 -83.4191619614225 -3.47437800002329 44.1365529658823
19.7176195655937 11.832317175299 9.94610429634939 -83.3876454145922 -3.50542140748001 44.1059150818788
19.6866540039576 11.8218274141988 9.94735499314056 -83.3559320025738 -3.53648160158123 44.0751561606588
19.655673421052 11.811304396507 9.94860681497281 -83.3240201808797 -3.56755786262354 44.0442752173068
19.6246783047431 11.800748434081 9.94985896978781 -83.2919084133517 -3.59864947260939 44.0132712725007
19.5936691423477 11.7901598345845 9.95111068456212 -83.2595951723909 -3.6297557154904 43.9821433523989
19.5626464203924 11.7795389014426 9.95236120532733 -83.2270789391727 -3.66087587740249 43.9508904885241
19.5316106243805 11.7688859338009 9.9536097971775 -83.1943582038471 -3.69200924689282 43.9195117176431
19.5005622385653 11.7582012264881 9.95485574426429 -83.1614314657231 -3.72315511513838 43.8880060816453
19.4695017457306 11.7474850699831 9.95609834978007 -83.1282972334397 -3.75431277615661 43.8563726274171
19.438429626978 11.7367377503851 9.95733693592934 -83.0949540251214 -3.78548152700776 43.8246104067154
19.4073463615211 11.7259595493885 9.95857084388878 -83.0614003685204 -3.81666066798929 43.7927184760374
19.3762524264866 11.7151507442603 9.95979943375622 -83.027634801145 -3.84784950282226 43.7606958964892
19.3451482967221 11.7043116078219 9.96102208448884 -82.9936558703735 -3.87904733882982 43.7285417336521
19.3140344446108 11.6934424084342 9.96223819383095 -82.9594621335558 -3.91025348710788 43.6962550574469
19.282911339893 11.6825434099857 9.96344717823163 -82.925052158101 -3.94146726268805 43.6638349419971
19.2517794494944 11.671614871885 9.96464847275251 -82.8904245215529 -3.97268798469291 43.631280465489
19.2206392373603 11.6606570490551 9.96584153096609 -82.8555778116524 -4.00391497648367 43.5985907100324
19.1894911642979 11.6496701919325 9.96702582484478 -82.820510626388 -4.03514756580034 43.5657647615185
19.1583356878227 11.6386545464679 9.96820084464108 -82.7852215740366 -4.06638508489456 43.5328017094794
19.1271732620107 11.6276103541299 9.96936609875909 -82.7497092731967 -4.09762687065524 43.4997006469521
19.0960043373543 11.6165378519108 9.97052111361778 -82.7139723528176 -4.12887226472717 43.4664606703477
19.0648293606232 11.6054372723348 9.97166543350613 -82.6780094522216 -4.16012061362263 43.4330808793254
19.0336487747301 11.5943088434687 9.9727986204307 -82.641819221118 -4.19137126882601 43.3995603766677
19.0024630186036 11.5831527889351 9.9739202539556 -82.6054003196059 -4.22262358689143 43.3658982681557
18.9712725270668 11.5719693279289 9.97502993103543 -82.5687514181674 -4.25387692953347 43.3320936624437
18.940077730722 11.5607586752356 9.97612726584136 -82.5318711976502 -4.28513066371108 43.2981456709341
18.9088790558425 11.5495210412533 9.97721188958052 -82.4947583492408 -4.31638416170479 43.2640534076517
18.8776769242687 11.5382566320159 9.97828345030924 -82.457411574428 -4.34763680118746 43.2298159891182
18.8464717533114 11.5269656492196 9.97934161274016 -82.4198295849593 -4.37888796528914 43.195432534226
18.8152639556579 11.5156482902505 9.98038605804366 -82.3820111027938 -4.41013704265748 43.1609021641105
18.7840539392821 11.5043047482134 9.98141648364375 -82.3439548600515 -4.44138342751413 43.1262240020194
18.7528421073586 11.4929352119634 9.98243260300881 -82.3056595989604 -4.47262651970681 43.0913971731813
18.7216288581817 11.4815398661375 9.98343414543736 -82.2671240717964 -4.50386572475595 43.0564208046738
18.69041458509 11.4701188911903 9.98442085583911 -82.2283470408165 -4.53510045389547 43.0212940252925
18.659199676397 11.4586724634302 9.98539249451164 -82.1893272781839 -4.56633012410764 42.9860159654203
18.6279845153266 11.4472007550583 9.98634883691287 -82.1500635658861 -4.59755415815209 42.9505857568986
18.5967694799548 11.4357039342091 9.98728967342955 -82.110554695646 -4.62877198458918 42.9150025328994
18.565554943156 11.4241821649929 9.98821480914217 -82.0707994688264 -4.65998303779771 42.8792654277981
18.5343412725559 11.4126356075404 9.98912406358635 -82.0307966963278 -4.69118675798714 42.8433735770486
18.5031288304882 11.4010644180483 9.99001727051102 -81.9905451984805 -4.72238259120444 42.8073261170591
18.4719179739576 11.3894687488273 9.99089427763367 -81.9500438049309 -4.7535699893356 42.7711221850706
18.4407090546074 11.3778487483514 9.99175494639282 -81.9092913545215 -4.78474841010203 42.7347609190358
18.4095024186925 11.3662045613087 9.992599151698 -81.8682866951666 -4.81591731705181 42.698241457501
18.378298407057 11.3545363286537 9.9934267816774 -81.8270286837225 -4.84707617954598 42.6615629394891
18.3470973551169 11.3428441876611 9.99423773742344 -81.7855161858529 -4.87822447273995 42.6247245043856
18.3158995928479 11.3311282719812 9.99503193273653 -81.7437480758901 -4.90936167756022 42.5877252918257
18.2847054447772 11.3193887116962 9.99580929386707 -81.7017232366922 -4.9404872806763 42.5505644415848
18.2535152299811 11.307625633378 9.99656975925605 -81.6594405594958 -4.97160077446817 42.5132410934702
18.2223292620857 11.2958391601474 9.99731327927444 -81.6168989437655 -5.0027016569893 42.4757543872164
18.191147849274 11.2840294117339 9.99803981596143 -81.5740972970402 -5.03378943192522 42.4381034623825
18.1599712942955 11.2721965045374 9.99874934276185 -81.5310345347758 -5.06486360854794 42.4002874582516
18.1287998944817 11.2603405516904 9.99944184426291 -81.4877095801857 -5.09592370166615 42.3623055137348
18.097633941765 11.2484616631214 10.0001173159304 -81.4441213640782 -5.12696923157145 42.3241567672756
18.0664737227023 11.2365599456192 10.0007757638448 -81.4002688246918 -5.15799972398058 42.2858403567598
18.0353195185024 11.2246355028985 10.0014172044366 -81.3561509075291 -5.18901470997395 42.2473554194262
18.0041716050566 11.2126884356652 10.0020416642227 -81.3117665651899 -5.22001372593114 42.2087010917811
17.973030252972 11.2007188416829 10.0026491795418 -81.267114757208 -5.25099631346462 42.1698765095126
17.9418957276055 11.1887268158385 10.0032397962914 -81.2221944498922 -5.28196201935227 42.130880807406
17.9107682891006 11.1767124502083 10.003813569664 -81.1770046161713 -5.31291039546843 42.0917131192595
17.8796481924256 11.1646758341238 10.0043705638851 -81.1315442354414 -5.34384099871303 42.0523725778023
17.8485356874145 11.1526170542379 10.0049108519511 -81.0858122934177 -5.37475339093943 42.012858314613
17.817431018808 11.1405361945903 10.0054345153692 -81.0398077819915 -5.40564713888147 41.9731694600391
17.7863344262975 11.1284333366734 10.0059416438973 -80.9935296990924 -5.43652181407931 41.9333051431179
17.7552461445705 11.1163085594981 10.0064323352856 -80.9469770485508 -5.467376992803 41.8932644914996
17.7241664033604 11.1041619396596 10.00690669502 -80.9001488399632 -5.49821225597329 41.8530466313755
17.6930954274989 11.0919935514049 10.0073648360663 -80.8530440885556 -5.52902718907975 41.812650687409
17.6620334369711 11.0798034666991 10.0078068786163 -80.8056618150445 -5.5598213820963 41.7720757826736
17.630980646971 11.067591755292 10.0082329498358 -80.7580010454868 -5.59059442939479 41.7313210385997
17.5999372679561 11.0553584847832 10.0086431836142 -80.7100608111108 -5.6213459296576 41.6903855749327
17.5689035057003 11.0431037206854 10.009037720316 -80.6618401481306 -5.65207548578969 41.6492685097011
17.5378795613471 11.0308275264873 10.0094167065349 -80.61333809755 -5.68278270482999 41.6079689591918
17.5068656314635 11.0185299637159 10.0097802948496 -80.5645537049648 -5.7134671978614 41.5664860379298
17.4758619080972 11.0062110919995 10.0101286435817 -80.5154860203652 -5.74412857991884 41.5248188586626
17.4448685788364 10.99387096913 10.0104619165565 -80.4661340979418 -5.77476646989532 41.4829665323492
17.4138858268718 10.9815096511261 10.0107802828662 -80.4164969958934 -5.80538049044593 41.4409281681535
17.3829138310619 10.9691271922968 10.0110839166352 -80.3665737762383 -5.83597026789012 41.3987028734423
17.3519527659992 10.9567236453039 10.0113729967881 -80.3163635046305 -5.86653543211302 41.3562897537867
17.3210028020763 10.944299061224 10.0116477068213 -80.2658652501871 -5.89707561646834 41.3136879129637
17.2900641055476 10.9318534896079 10.011908234576 -80.2150780853323 -5.92759045768572 41.270896452954
17.259136838586 10.9193869785369 10.0121547720154 -80.164001085663 -5.95807959578431 41.2279144739335
17.2282211593344 10.9068995746762 10.0123875150036 -80.1126333298323 -5.9885426739916 41.1847410742607
17.1973172219556 10.8943913233271 10.0126066630887 -80.0609738994468 -6.01897933866552 41.1413753504617
17.1664251766811 10.8818622684773 10.0128124192878 -80.0090218789729 -6.04938923921766 41.0978163972173
17.1355451698616 10.8693124528518 10.0130049898763 -79.9567763556498 -6.07977202803603 41.0540633073538
17.1046773440194 10.8567419179629 10.0131845841793 -79.9042364194066 -6.11012736040677 41.0101151718388
17.0738218379027 10.8441507041609 10.0133514143667 -79.8514011627845 -6.14045489443459 40.965971079782
17.0429787865424 10.8315388506843 10.013505695252 -79.7982696808642 -6.17075429096225 40.9216301184414
17.01214832131 10.8189063957103 10.0136476440937 -79.7448410711974 -6.2010252134889 40.8770913732352
16.9813305699781 10.8062533764046 10.0137774804001 -79.6911144337448 -6.2312673280876 40.8323539277578
16.9505256567818 10.7935798289719 10.0138954257383 -79.6370888708206 -6.26148030332263 40.7874168638014
16.9197337024798 10.7808857887045 10.0140017035458 -79.5827634870458 -6.2916638101678 40.7422792613792
16.8889548244153 10.7681712900303 10.0140965389459 -79.5281373893133 -6.32181752192624 40.6969401987516
16.858189136576 10.7554363665601 10.0141801585665 -79.473209686762 -6.35194111415131 40.6513987524542
16.8274367496564 10.7426810511343 10.0142527903627 -79.4179794907592 -6.38203426456752 40.6056539973311
16.79669777112 10.7299053758692 10.0143146634425 -79.3624459148879 -6.41209665299099 40.5597050065733
16.7659723052642 10.7171093722036 10.0143660078966 -79.3066080749424 -6.44212796124933 40.5135508517623
16.7352604532865 10.7042930709452 10.0144070546314 -79.2504650889279 -6.47212787310106 40.4671906029199
16.7045623133514 10.6914565023167 10.0144380352054 -79.1940160770688 -6.50209607415457 40.4206233285638
16.6738779806602 10.6785996960016 10.0144591816701 -79.1372601618221 -6.53203225178667 40.3738480957677
16.6432075475206 10.6657226811903 10.0144707264136 -79.0801964678983 -6.56193609506084 40.3268639702286
16.6125511034189 10.6528254866257 10.0144729020085 -79.0228241222889 -6.5918072946452 40.2796700163389
16.5819087350927 10.6399081406488 10.0144659410626 -78.9651422543006 -6.62164554273016 40.2322652972644
16.5512805266051 10.6269706712443 10.0144500760744 -78.9071499955973 -6.65145053294599 40.1846488750284
16.5206665594208 10.6140131060852 10.0144255392914 -78.8488464802485 -6.68122196028017 40.1368198106012
16.490066912482 10.6010354725785 10.0143925625723 -78.7902308447855 -6.71095952099463 40.0887771639959
16.4594816622868 10.5880377979099 10.0143513772527 -78.731302228265 -6.740662912543 40.0405199943692
16.4289108829681 10.5750201090882 10.0143022140149 -78.6720597723397 -6.77033183348776 39.9920473601289
16.3983546463735 10.5619824329906 10.0142453027606 -78.6125026213372 -6.79996598341748 39.9433583190468
16.3678130221466 10.5489247964061 10.014180872488 -78.5526299223457 -6.82956506286414 39.8944519283779
16.3372860778092 10.5358472260805 10.0141091511716 -78.4924408253084 -6.85912877322044 39.8453272449845
16.3067738788442 10.5227497487601 10.0140303656468 -78.4319344831251 -6.8886568166574 39.7959833254673
16.27627648878 10.5096323912356 10.0139447414968 -78.3711100517616 -6.91814889604205 39.746419226302
16.2457939692754 10.496495180386 10.0138525029438 -78.3099666903675 -6.94760471485536 39.6966340039811
16.2153263802057 10.4833381432217 10.0137538727436 -78.2485035614021 -6.97702397711039 39.6466267151631
16.1848737797492 10.4701613069285 10.0136490720839 -78.1867198307677 -7.0064063872708 39.5963964168258
16.1544362244752 10.4569646989102 10.0135383204854 -78.124614667952 -7.03575165016955 39.545942166427
16.1240137694325 10.4437483468322 10.0134218357072 -78.0621872461779 -7.06505947092809 39.4952630220701
16.0936064682384 10.430512278664 10.0132998336552 -77.9994367425616 -7.09432955487584 39.4443580426767
16.0632143731678 10.4172565227218 10.013172528294 -77.9363623382736 -7.12356160747028 39.3932262881653
16.0328375352406 10.4039811077093 10.0130401315621 -77.8729632186942 -7.15275533421835 39.3418668196423
16.0024760043046 10.3906860627568 10.0129028532906 -77.809238573554 -7.18191044060006 39.2902786996022
15.9721298291143 10.3773714174572 10.012760901125 -77.7451875970574 -7.21102663199551 39.2384609921385
15.9417990574044 10.3640372019002 10.0126144804508 -77.6808094879967 -7.24010361361517 39.1864127631612
15.9114837359624 10.350683446705 10.0124637943215 -77.616103449866 -7.26914109043249 39.134133080618
15.8811839107009 10.3373101830523 10.0123090433909 -77.5510686909802 -7.2981387671179 39.0816210147221
15.8508996267293 10.3239174427167 10.0121504258471 -77.4857044246021 -7.32709634797346 39.028875638184
15.8206309284272 10.3105052580985 10.0119881373516 -77.4200098690785 -7.3560135368682 38.9758960264499
15.7903778595179 10.2970736622551 10.0118223709795 -77.3539842479844 -7.38489003717408 38.922681257946
15.7601404631421 10.2836226889335 10.0116533171641 -77.2876267902754 -7.41372555170255 38.8692304143277
15.7299187819327 10.2701523726011 10.0114811636443 -77.2209367304497 -7.44251978264183 38.815542580735
15.6997128580903 10.2566627484777 10.0113060954144 -77.1539133087179 -7.4712724314948 38.7616168460534
15.6695227334582 10.2431538525671 10.0111282946773 -77.0865557711817 -7.49998319901762 38.7074523031804
15.639348449599 10.2296257216881 10.0109479408008 -77.0188633700208 -7.52865178515907 38.6530480492976
15.6091900478708 10.2160783935062 10.0107652102762 -76.9508353636886 -7.55727788900061 38.598403186148
15.5790475695046 10.2025119065646 10.01058027668 -76.8824710171169 -7.58586120869714 38.5435168203192
15.5489210556819 10.1889263003157 10.0103933106384 -76.813769601928 -7.61440144141856 38.4883880635318
15.5188105476123 10.1753216151523 10.0102044797944 -76.7447303966563 -7.6428982832921 38.4330160329331
15.4887160866117 10.1616978924387 10.0100139487779 -76.6753526869776 -7.67135142934538 38.3773998513965
15.458637714182 10.1480551745418 10.0098218791775 -76.6056357659476 -7.69976057345031 38.3215386478256
15.428575472089 10.1343935048625 10.0096284295162 -76.5355789342479 -7.72812540826776 38.2654315574641
15.3985294024431 10.1207129278665 10.0094337552284 -76.465181500441 -7.75644562519306 38.2090777222102
15.3684995477781 10.1070134891158 10.0092380086402 -76.3944427812336 -7.78472091430241 38.1524762909369
15.3384859511314 10.0932952352991 10.009041338952 -76.3233621017487 -7.81295096430081 38.095626419815
15.3084886561217 10.079558214262 10.0088438922227 -76.25193879581 -7.84113546247246 38.0385272726381
15.2785077070249 10.0658024750358 10.0086458113573 -76.1801722062372 -7.86927409463429 37.9811780211485
15.2485431488489 10.0520280678657 10.0084472360965 -76.1080616851526 -7.89736654509192 37.9235778453638
15.2185950274073 10.0382350442386 10.0082483030077 -76.0356065942972 -7.92541249659721 37.8657259339078
15.1886633893943 10.0244234569109 10.0080491454795 -75.9628063053545 -7.95341163030677 37.8076214843455
15.158748282459 10.0105933599365 10.0078498937173 -75.8896602002822 -7.98136362574132 37.7492637035225
15.1288497552804 9.99674480869458 10.0076506747414 -75.8161676716513 -8.00926816074593 37.6906518079091
15.0989678576425 9.98287785991769 10.007451612387 -75.742328122994 -8.0371249114511 37.6317850239493
15.0691026405098 9.96899257171974 10.0072528273063 -75.6681409691576 -8.0649335522348 37.5726625884136
15.0392541561032 9.95508900362418 10.0070544369727 -75.5936056366669 -8.09269375568531 37.5132837487563
15.0094224579755 9.94116721659221 10.0068565556863 -75.5187215640937 -8.12040519256495 37.4536477634771
14.9796076010882 9.92722727305102 10.0066592945817 -75.4434882024335 -8.14806753177475 37.3937539024868
14.9498096418875 9.91326923692226 10.0064627616376 -75.3679050154894 -8.17568044031991 37.3336014474767
14.9200286383811 9.89929317365044 10.0062670616879 -75.2919714802629 -8.20324358327624 37.2731896922925
14.8902646502152 9.88529915023156 10.0060722964344 -75.215687087352 -8.23075662375744 37.2125179433116
14.8605177387512 9.87128723524178 10.0058785644615 -75.1390513413553 -8.25821922288324 37.1515855198243
14.8307879671437 9.85725749886622 10.0056859612523 -75.062063761284 -8.28563103974846 37.0903917544181
14.8010754004172 9.8432100129279 10.0054945792062 -74.9847238809788 -8.31299173139294 37.0289359933665
14.7713801055441 9.82914485091667 10.0053045076576 -74.9070312495354 -8.34030095277245 36.9672175970204
14.7417021515216 9.81506208801799 10.0051158328971 -74.8289854317352 -8.36755835673112 36.9052359402007
14.7120416094472 9.80096180114102 10.0049286381929 -74.7505860084863 -8.3947635939764 36.8429904125917
14.6823985525917 9.78684406894559 10.0047430038142 -74.6718325772728 -8.42191631305713 36.7804804191314
14.6527730564707 9.77270897186852 10.0045590070558 -74.5927247526131 -8.4490161603444 36.717705380402
14.6231651989136 9.75855659214989 10.0043767222638 -74.5132621665252 -8.47606278001567 36.654664733022
14.5935750601305 9.74438701385956 10.0041962208625 -74.4334444690011 -8.50305581404397 36.5913579300451
14.5640027227745 9.73020032292443 10.0040175713829 -74.3532713284881 -8.52999490219338 36.5277844413655
14.5344482720014 9.71599660715607 10.0038408394914 -74.2727424323788 -8.55687968201944 36.4639437541292
14.5049117955283 9.7017759562787 10.0036660880204 -74.1918574875067 -8.58370978887206 36.3998353731492
14.4753933836919 9.6875384619573 10.0034933769996 -74.1106162206466 -8.61048485589949 36.3354588213225
14.4458931295076 9.67328421782589 10.0033227636882 -74.0290183790199 -8.6372045140532 36.2708136400497
14.4164111287277 9.65901331951594 10.0031543026081 -73.9470637308042 -8.66386839209349 36.2058993896561
14.3869474799003 9.64472586468496 10.0029880455779 -73.8647520656476 -8.69047611659597 36.1407156498146
14.3575022844285 9.6304219530452 10.002824041748 -73.7820831951866 -8.71702731195881 36.0752620199702
14.3280756466289 9.61610168639255 10.0026623376363 -73.6990569535683 -8.7435216004108 36.009538119766
14.2986676737909 9.60176516863557 10.0025029771644 -73.6156731979765 -8.76995860202025 35.9435435894702
14.2692784762356 9.58741250582465 10.002346001695 -73.5319318091606 -8.79633793470457 35.8772780904046
14.239908167375 9.57304380618134 10.0021914500698 -73.4478326919687 -8.82265921424069 35.8107413053736
14.2105568637711 9.5586591801278 10.0020393586476 -73.3633757758832 -8.84892205427631 35.7439329390942
14.1812246851944 9.54425874031598 10.0018897613439 -73.2785610155613 -8.87512606634256 35.6768527186247
14.1519117546799 9.52984260165613 10.0017426896701 -73.1933883913788 -8.90127085986907 35.60950039379
14.1226181985818 9.51541088134405 10.0015981727741 -73.10785790998 -8.92735604220211 35.5418757376007
14.0933441466248 9.50096369888752 10.0014562374802 -73.0219696048316 -8.95338121862541 35.4739785466679
14.0640897319546 9.48650117613224 10.0013169083309 -72.9357235367779 -8.97934599238262 35.4058086416161
14.0348550911879 9.47202343728741 10.0011802076278 -72.8491197945934 -9.00524996470084 35.3373658674958
14.0056403644593 9.45753060895013 10.0010461554739 -72.7621584955188 -9.03109273481567 35.2686500941991
13.9764456954622 9.44302282012722 10.0009147698152 -72.6748397857702 -9.05687389999888 35.199661216877
13.9472712314842 9.42850020225375 10.0007860664838 -72.5871638410117 -9.08259305559053 35.1303991563543
13.918117123433 9.41396288920774 10.0006600592401 -72.4991308667962 -9.10824979503639 35.0608638595375
13.8889835258567 9.39941101732168 10.000536759816 -72.4107410989805 -9.13384370993102 34.9910552998117
13.8598705969583 9.38484472539165 10.0004161779579 -72.3219948041229 -9.15937439006536 34.920973477427
13.8307784986075 9.37026415468498 10.0002983214703 -72.2328922798712 -9.18484142347759 34.8506184198775
13.8017073963506 9.35566944894731 10.0001831962589 -72.1434338553456 -9.21024439650568 34.7799901822758
13.7726574594204 9.34106075440952 10.0000708063743 -72.0536198915203 -9.23558289384093 34.709088847724
13.7436288607451 9.32643821979474 9.99996115405579 -71.9634507816042 -9.26085649858216 34.637914527683
13.714621776958 9.31180199632543 9.99985423977485 -71.8729269514209 -9.28606479229038 34.5664673623402
13.6856363884066 9.29715223773057 9.99975006227885 -71.7820488597874 -9.31120735504397 34.4947475209735
13.6566728791619 9.28248910025292 9.99964861863482 -71.6908169988922 -9.33628376549436 34.422755202314
13.6277314370271 9.26781274265636 9.99954990427306 -71.5992318946717 -9.36129360092217 34.3504906349057
13.5988122535469 9.25312332623332 9.99945391303072 -71.5072941071842 -9.38623643729382 34.2779540774614
13.5699155240163 9.2384210148123 9.99936063719535 -71.4150042309833 -9.41111184931847 34.2051458192171
13.541041447489 9.22370597476536 9.99927006754824 -71.3223628954878 -9.43591941050551 34.1320661802816
13.5121902267864 9.20897837501579 9.9991821934077 -71.2293707653498 -9.46065869322235 34.058715511984
13.4833620685059 9.19423838704576 9.99909700267217 -71.1360285408202 -9.48532926875253 33.9850941972161
13.4545571830291 9.17948618490404 9.99901448186307 -71.0423369581108 -9.50993070735429 33.9112026507723
13.4257757845302 9.16472194521375 9.99893461616756 -70.9482967897533 -9.5344625783193 33.8370413196851
13.397018090984 9.14994584718015 9.998857389481 -70.8539088449556 -9.55892445003186 33.7626106835554
13.368284324174 9.13515807259849 9.99878278444916 -70.7591739699531 -9.58331589002817 33.6879112548802
13.3395747096999 9.12035880586184 9.9987107825102 -70.6640930483573 -9.607636465056 33.6129435793743
13.3108894769853 9.10554823396896 9.99864136393634 -70.5686670014995 -9.63188574113449 33.5377082362878
13.2822288592853 9.09072654653221 9.9985745078752 -70.4728967887705 -9.65606328361412 33.4622058387189
13.253593093694 9.07589393578541 9.99851019239088 -70.3767834079551 -9.68016865723692 33.386437033921
13.224982421151 9.06105059659172 9.99844839450465 -70.2803278955628 -9.70420142619682 33.3104025036048
13.1963970864484 9.04619672645109 9.99838909023526 -70.1835313271528 -9.72816115420075 33.2341029642327
13.1678373382341 9.03133252550671 9.99833225463894 -70.0863948176554 -9.75204740453145 33.1575391673028
13.1393034290133 9.01645819654992 9.99827786184897 -69.9889195216889 -9.77585974011286 33.0807118996187
13.1107956151466 9.00157394502375 9.99822588511485 -69.8911066338708 -9.7995977235776 33.0036219835471
13.0823141568467 8.98667997902577 9.998176296841 -69.7929573891226 -9.82326091733572 32.9262702772651
13.0538593181743 8.97177650931063 9.99812906862517 -69.6944730629683 -9.84684888364364 32.8486576750011
13.0254313670347 8.95686374929266 9.99808417129622 -69.5956549718267 -9.87036118467304 32.7707851072678
12.9970305751732 8.94194191504834 9.99804157495159 -69.4965044732954 -9.89379738257963 32.6926535410892
12.9686572181707 8.92701122531858 9.99800124899418 -69.3970229664254 -9.91715703957184 32.6142639802165
12.9403115754396 8.91207190151025 9.99796316216887 -69.2972118919735 -9.9404397179798 32.5356174653241
12.9119939302173 8.89712416769604 9.99792728259843 -69.1970727326263 -9.96364498032531 32.4567150741777
12.8837045695572 8.88216825061203 9.99789357781901 -69.0966070131857 -9.98677238939439 32.3775579217682
12.8554437843155 8.86720437965224 9.99786201481505 -68.9958163007196 -10.009821508313 32.2981471604136
12.827211869133 8.85223278686036 9.99783256005376 -68.8947022046797 -10.0327919006267 32.2184839798332
12.7990091224126 8.83725370691894 9.99780517951895 -68.7932663769947 -10.0556831303834 32.1385696071997
12.770835846293 8.82226737713666 9.99777983874445 -68.6915105121392 -10.0784947622184 32.0584053071717
12.7426923466195 8.80727403743417 9.99775650284685 -68.5894363471871 -10.1012263614419 31.9779923819119
12.7145789329146 8.79227393032931 9.99773513655783 -68.4870456618511 -10.1238774941258 31.8973321710933
12.686495918347 8.77726730092193 9.99771570425577 -68.3843402785112 -10.1464477271909 31.8164260518958
12.6584436197006 8.76225439687867 9.99769816999696 -68.2813220622354 -10.168936628494 31.7352754389949
12.6304223573443 8.74723546841764 9.99768249754611 -68.17799292079 -10.1913437669141 31.6538817845415
12.6024324551999 8.73221076829267 9.99766865040635 -68.0743548046422 -10.2136687124378 31.5722465781313
12.5744742407086 8.71718055177657 9.99765659184865 -67.970409706954 -10.2359110362465 31.4903713467605
12.546548044795 8.70214507664256 9.99764628494061 -67.8661596635669 -10.2580703108053 31.4082576547633
12.5186542018262 8.6871046031438 9.99763769257472 -67.7616067529762 -10.280146109953 31.3259071037312
12.4907930495684 8.67205939399078 9.99763077749598 -67.6567530962945 -10.3021380089954 31.243321332411
12.4629649291388 8.6570097143266 9.99762550232899 -67.5516008572044 -10.3240455848007 31.160502016584
12.4351701849544 8.64195583170041 9.99762182960436 -67.4461522418982 -10.3458684158955 31.0774508689256
12.4074091646797 8.62689801603977 9.99761972178458 -67.3404094990064 -10.3676060825632 30.9941696388503
12.3796822191723 8.61183653962268 9.9976191412893 -67.2343749195157 -10.3892581669401 30.9106601123466
12.3519897024307 8.59677167704958 9.99762005051995 -67.1280508366761 -10.4108242531115 30.8269241118023
12.3243319715407 8.58170370521552 9.99762241188387 -67.0214396258998 -10.4323039272059 30.7429634958212
12.2967093866235 8.56663290328236 9.99762618781767 -66.9145437046497 -10.4536967774883 30.6587801590325
12.2691223107832 8.55155955265115 9.9976313408102 -66.807365532318 -10.4750023944518 30.5743760318904
12.2415711100548 8.53648393693417 9.99763783342472 -66.6999076100898 -10.4962203709076 30.4897530804674
12.2140561533497 8.52140634192582 9.99764562832061 -66.5921724807781 -10.5173503020747 30.4049133062399
12.1865778123965 8.50632705557074 9.99765468827443 -66.484162728615 -10.5383917856691 30.3198587458642
12.1591364616749 8.491246367928 9.9976649762004 -66.375880978988 -10.5593444219951 30.2345914709376
12.131732478341 8.47616457113043 9.99767645517025 -66.2673298981178 -10.5802078140401 30.149113587736
12.1043662421428 8.46108195933883 9.99768908843254 -66.1585121926815 -10.6009815675739 30.0634272369215
12.0770381353279 8.44599882869108 9.99770283943135 -66.0494306093827 -10.6216652912521 29.9775345932175
12.0497485425407 8.43091547724576 9.99771767182436 -65.9400879344719 -10.6422585967255 29.8914378650481
12.0224978507113 8.41583220492008 9.99773354950043 -65.8304869932208 -10.6627610987522 29.8051392941456
11.9952864489351 8.40074931342166 9.99775043659652 -65.7206306493511 -10.6831724153132 29.718641155124
11.9681147283438 8.38566710617446 9.99776829751407 -65.6105218044234 -10.7034921677305 29.6319457550229
11.9409830819691 8.37058588823978 9.99778709693484 -65.5001633971863 -10.7237199807871 29.5450554328204
11.9138919045995 8.35550596623307 9.99780679983607 -65.3895584028896 -10.7438554828499 29.457972558919
11.8868415926329 8.3404276482375 9.99782737150525 -65.2787098325636 -10.7638983059942 29.3706995346038
11.8598325439229 8.3253512437145 9.99784877755417 -65.1676207322676 -10.7838480861309 29.2832387914751
11.8328651576222 8.31027706341189 9.9978709839325 -65.0562941823085 -10.8037044631339 29.1955927908591
11.8059398340225 8.29520541926993 9.99789395694084 -64.9447332964341 -10.8234670809693 29.1077640231948
11.7790569743899 8.28013662432501 9.99791766324316 -64.8329412210004 -10.8431355878255 29.0197550074001
11.7522169807971 8.26507099261075 9.99794206987876 -64.7209211341168 -10.862709636245 28.9315682902117
11.7254202559489 8.25000883905569 9.99796714427366 -64.6086762447688 -10.8821888832586 28.8432064454958
11.6986672030027 8.23495047937763 9.99799285425149 -64.4962097919166 -10.9015729905223 28.7546720735298
11.6719582253846 8.21989622997525 9.99801916804387 -64.3835250435714 -10.9208616244552 28.665967800259
11.6452937266018 8.20484640781775 9.99804605430023 -64.2706252958497 -10.9400544563793 28.577096276531
11.6186741100538 8.18980133033309 9.99807348209719 -64.1575138720067 -10.9591511626575 28.4880601773136
11.5920997788414 8.17476131529524 9.99810142094741 -64.0441941214525 -10.9781514248322 28.3988622008966
11.5655711355754 8.15972668071072 9.99812984080789 -63.9306694187507 -10.9970549297616 28.3095050680802
11.5390885821848 8.14469774470462 9.99815871208793 -63.8169431626025 -11.0158613697559 28.2199915213513
11.5126525197248 8.12967482540646 9.99818800565644 -63.7030187748177 -11.03457044271 28.1303243240488
11.4862633481857 8.11465824083593 9.99821769284888 -63.5888996992744 -11.0531818522358 28.0405062595195
11.459921466302 8.09964830878891 9.99824774547375 -63.4745894008679 -11.0716953077907 27.9505401302661
11.4336272713628 8.08464534672366 9.99827813581854 -63.3600913644523 -11.0901105248047 27.8604287570879
11.4073811590231 8.0696496716473 9.99830883665532 -63.2454090937744 -11.1084272248043 27.7701749782127
11.3811835231141 8.0546616000017 9.99833982124581 -63.1305461104008 -11.1266451355353 27.6797816484176
11.355034755453 8.0396814475482 9.99837106334609 -63.0155059526387 -11.1447639910844 27.5892516381326
11.3289352456493 8.02470952925105 9.99840253721083 -62.9002921744473 -11.1627835320007 27.4985878325288
11.3028853809122 8.00974615915984 9.9984342175971 -62.78490834434 -11.1807035054158 27.4077931305911
11.2768855458557 7.99479165029189 9.99846607976781 -62.6693580442767 -11.1985236651615 27.3168704441816
11.2509361223066 7.9798463145146 9.99849809949475 -62.5536448685489 -11.2162437718861 27.2258226970956
11.2250374891122 7.9649104624283 9.99853025306115 -62.4377724226567 -11.2338635931666 27.1346528241109
11.1991900219504 7.94998440324969 9.99856251726396 -62.3217443221803 -11.2513829036192 27.0433637700328
11.1733940931407 7.93506844469588 9.9985948694157 -62.2055641916468 -11.2688014850058 26.9519584887349
11.1476500714585 7.92016289286941 9.99862728734591 -62.0892356633927 -11.2861191263373 26.8604399421975
11.1219583219497 7.90526805214408 9.99865974940235 -61.9727623764241 -11.303335623974 26.7688110995427
11.0963192057494 7.89038422505194 9.99869223445166 -61.8561479752746 -11.3204507817219 26.6770749360695
11.0707330799022 7.87551171217131 9.99872472187989 -61.7393961088624 -11.3374644109254 26.5852344322871
11.0452002971849 7.86065081201621 9.99875719159251 -61.6225104293477 -11.3543763305564 26.4932925729492
11.0197212059331 7.84580182092694 9.99878962401418 -61.5054945909901 -11.3711863672995 26.4012523460885
10.9942961498694 7.83096503296227 9.99882200008821 -61.3883522490083 -11.3878943556331 26.3091167420532
10.9689254679363 7.81614073979293 9.99885430127568 -61.2710870584424 -11.4045001379066 26.2168887525452
10.9436094941306 7.80132923059687 9.99888650955421 -61.1537026730182 -11.4210035644133 26.1245713696613
10.9183485573423 7.78653079195599 9.99891860741651 -61.0362027440169 -11.4374044934592 26.0321675849384
10.893142981197 7.7717457077547 9.99895057786863 -60.918590919148 -11.4537027914278 25.939680388401
10.8679930839007 7.75697425908016 9.99898240442784 -60.8008708414287 -11.46989833284 25.8471127676154
10.8428991780897 7.74221672412437 9.99901407112038 -60.683046148068 -11.4859910004104 25.7544677067472
10.8178615706832 7.72747337808813 9.99904556247884 -60.5651204693581 -11.5019806850986 25.6617481856251
10.7928805627399 7.71274449308692 9.99907686353928 -60.4470974275725 -11.5178672861564 25.5689571788109
10.7679564493188 7.69803033805871 9.99910795983821 -60.3289806358715 -11.5336507111704 25.4760976546755
10.7430895193434 7.68333117867378 9.99913883740921 -60.2107736972163 -11.5493308761006 25.3831725744825
10.7182800554705 7.66864727724656 9.99916948277933 -60.0924802032916 -11.5649077053135 25.2901848914784
10.6935283339621 7.65397889264959 9.99919988296538 -59.9741037334365 -11.5803811316121 25.1971375499916
10.6688346245626 7.63932628022946 9.99923002546985 -59.8556478535865 -11.5957510962601 25.1040334845385
10.6441991903787 7.62468969172493 9.99925989827673 -59.7371161152238 -11.6110175490025 25.0108756189393
10.6196222877646 7.61006937518722 9.99928948984705 -59.6185120543391 -11.6261804480814 24.9176668654415
10.5951041662107 7.59546557490236 9.99931878911431 -59.4998391904039 -11.6412397602473 24.8244101238541
10.5706450682366 7.58087853131576 9.99934778547965 -59.3811010253536 -11.6561954607657 24.7311082806902
10.5462452292882 7.566308480959 9.99937646880689 -59.2623010425825 -11.6710475334202 24.6377642083198
10.5219048776395 7.5517556563787 9.99940482941735 -59.1434427059506 -11.6857959705098 24.5443807641336
10.4976242342977 7.53722028606773 9.99943285808456 -59.0245294588024 -11.7004407728429 24.4509607897162
10.4734035129132 7.52270259439849 9.99946054602876 -58.905564722998 -11.7149819497266 24.3575071100308
10.449242919694 7.50820280155851 9.9994878849113 -58.7865518979573 -11.7294195189515 24.2640225326148
10.4251426533229 7.49372112348817 9.99951486682886 -58.6674943597173 -11.7437535067724 24.1705098467865
10.4011029048808 7.47925777182068 9.99954148430755 -58.5483954600019 -11.7579839478846 24.0769718228637
10.3771238577728 7.46481295382426 9.99956773029688 -58.4292585253063 -11.7721108853961 23.9834112113937
10.3532056876588 7.45038687234651 9.99959359816357 -58.3100868559942 -11.7861343707957 23.8898307423956
10.3293485623887 7.43597972576094 9.99961908168535 -58.1908837254099 -11.8000544639168 23.7962331246148
10.3055526419408 7.42159170791579 9.99964417504449 -58.0716523790037 -11.813871232897 23.7026210447897
10.2818180783653 7.40722300808489 9.99966887282142 -57.9523960334724 -11.8275847541345 23.6089971669312
10.2581450157309 7.39287381092081 9.99969316998806 -57.833117875914 -11.841195112239 23.5153641316151
10.2345335900764 7.37854429641012 9.99971706190122 -57.7138210629978 -11.8547023999804 23.4217245552876
10.2109839293655 7.36423463983071 9.99974054429578 -57.5945087201485 -11.8681067182325 23.3280810295837
10.1874961534452 7.34994501171092 9.99976361327794 -57.4751839407468 -11.881408175913 23.2344361206601
10.1640703740064 7.33567557778966 9.99978626531825 -57.3558497853439 -11.8946068899198 23.1407923685432
10.1407066945449 7.32142649897664 9.99980849724469 -57.2365092808931 -11.907702985063 23.0471522864954
10.1174052103233 7.30719793131252 9.9998303062356 -57.1171654199957 -11.920696593992 22.9535183603978
10.0941660083322 7.29299002592897 9.99985168981267 -56.9978211601638 -11.9335878571195 22.8598930481523
10.070989167254 7.27880292900937 9.99987264583372 -56.8784794230984 -11.9463769225406 22.7662787790994
10.0478747574272 7.2646367817502 9.99989317248562 -56.7591430939842 -11.9590639459491 22.672677953454
10.0248228408141 7.2504917203237 9.99991326827702 -56.639815020801 -11.9716490905492 22.5790929417556
10.0018334709704 7.23636787584169 9.99993293203112 -56.5204980136505 -11.9841325269646 22.4855260843367
9.97890669301746 7.22226537432105 9.99995216287844 -56.4011948441014 -11.9965144331439 22.3919796908049
9.9560425436182 7.20818433665054 9.99997096024947 -56.2819082445499 -12.0087949942623 22.2984560395427
9.93324105095548 7.19412487855944 9.99998932386741 -56.1626409075984 -12.0209744026211 22.2049573772217
9.91050223471381 7.18008711058778 10.0000072537408 -56.0433954854507 -12.0330528575434 22.111485918334
9.88782610606426 7.16607113805833 10.0000247501564 -55.9241745893252 -12.0450305652668 22.0180438447381
9.86521266765262 7.15207706105032 10.0000418136714 -55.8049807888846 -12.0569077388338 21.9246333052227
9.84266191359079 7.13810497437501 10.0000584451065 -55.6858166116853 -12.0686845979789 21.8312564150848
9.82017382945142 7.12415496755294 10.0000746455387 -55.5666845426427 -12.0803613690131 21.7379152557258
9.79774839226587 7.11022712479303 10.0000904162935 -55.4475870235158 -12.0919382847055 21.644611874263
9.77538557052539 7.09632152497353 10.000105758938 -55.3285264524105 -12.1034155841628 21.5513482831585
9.75308532418557 7.08243824162465 10.0001206752733 -55.2095051833006 -12.1147935127063 21.4581264598642
9.73084760467409 7.06857734291312 10.0001351673276 -55.0905255255682 -12.1260723217454 21.3649483464851
9.70867235490165 7.05473889162845 10.0001492373488 -54.9715897435631 -12.1372522686506 21.2718158494582
9.68655950927619 7.04092294517105 10.0001628877974 -54.8527000561815 -12.1483336166222 21.1787308392506
9.66450899372029 7.02712955554215 10.0001761213389 -54.7338586364643 -12.1593166345585 21.0856951500738
9.6425207256918 7.01335876933545 10.0001889408375 -54.6150676112154 -12.1702015969209 20.9927105796173
9.62059461420772 6.99961062773072 10.0002013493481 -54.4963290606396 -12.180988783597 20.8997788887991
9.59873055987122 6.985885166489 10.0002133501099 -54.3776450180018 -12.1916784797621 20.8069018015354
9.57692845490185 6.97218241594983 10.0002249465393 -54.259017469306 -12.2022709757384 20.7140810045291
9.55518818316902 6.95850240103006 10.0002361422226 -54.1404483529962 -12.2127665668525 20.6213181470765
9.5335096202286 6.9448451412247 10.0002469409096 -54.0219395596782 -12.2231655532914 20.5286148408944
9.51189263336267 6.93121065060938 10.0002573465065 -53.903492931863 -12.2334682399562 20.4359726599655
9.49033708162259 6.9175989378448 10.000267363069 -53.7851102637328 -12.2436749363143 20.3433931404044
9.46884281587516 6.90401000618295 10.0002769947959 -53.6667933009291 -12.2537859562507 20.250877780344
9.44740967885199 6.89044385347512 10.0002862460223 -53.5485437403637 -12.2638016179168 20.1584280398414
9.42603750520218 6.87690047218193 10.000295121213 -53.4303632300531 -12.2737222435784 20.0660453408058
9.40472612154809 6.86337984938505 10.000303624956 -53.3122533689764 -12.2835481594619 19.9737310669467
9.38347534654448 6.84988196680098 10.0003117619562 -53.1942157069577 -12.2932796955997 19.8814865637444
9.36228499094089 6.8364068007966 10.0003195370288 -53.0762517445726 -12.3029171856739 19.7893131384418
9.3411548576472 6.82295432240678 10.0003269550932 -52.9583629330802 -12.3124609668589 19.6972120600587
9.32008474180273 6.80952449735385 10.0003340211667 -52.8405506743801 -12.321911379663 19.6051845594294
9.29907443084844 6.79611728606912 10.0003407403584 -52.7228163209965 -12.3312687677686 19.5132318292624
9.27812370460271 6.78273264371636 10.0003471178631 -52.605161176088 -12.3405334778719 19.4213550242251
9.25723233534044 6.76937052021736 10.0003531589557 -52.4875864934845 -12.3497058595214 19.329555261051
9.23640008787563 6.75603086027955 10.0003588689846 -52.3700934777527 -12.3587862649552 19.2378336186725
9.2156267196475 6.74271360342573 10.0003642533666 -52.2526832842891 -12.367775048938 19.1461911383781
9.19491198081009 6.72941868402592 10.0003693175809 -52.1353570194423 -12.3766725685969 19.054628823996
9.17425561432557 6.71614603133147 10.0003740671635 -52.018115740665 -12.3854791832567 18.9631476421018
9.15365735606112 6.7028955695113 10.0003785077018 -51.9009604566959 -12.3941952542747 18.8717485222549
9.13311693488953 6.68966721769045 10.000382644829 -51.7838921277716 -12.4028211448741 18.7804323572597
9.11263407279296 6.67646088999051 10.0003864842189 -51.6669116658637 -12.4113572199776 18.6892000034486
9.09220848496871 6.6632764955713 10.0003900315806 -51.5500199349274 -12.4198038460394 18.5980522809753
9.07183987993544 6.65011393867259 10.0003932926534 -51.4332177511431 -12.428161390875 18.5069899741013
9.05152795963812 6.63697311865501 10.0003962732019 -51.3165058831384 -12.4364302234902 18.4160138314642
9.0312724195514 6.62385393003977 10.0003989790107 -51.1998850521845 -12.444610713908 18.3251245663246
9.01107294878069 6.61075626254678 10.00040141588 -51.0833559323683 -12.452703232994 18.2343228567903
8.99092923016094 6.59768000113122 10.0004035896204 -50.9669191507397 -12.460708152282 18.1436093460202
8.97084094035285 6.58462502601835 10.0004055060487 -50.8505752874356 -12.4686258437986 18.0529846424083
8.95080774993638 6.57159121273649 10.000407170983 -50.7343248757813 -12.4764566798881 17.9624493197489
8.93082932350141 6.55857843214802 10.0004085902384 -50.6181684023701 -12.4842010330373 17.8720039173843
8.91090531973542 6.54558655047849 10.0004097696229 -50.502106307123 -12.4918592757019 17.781648940335
8.8910353915082 6.53261542934364 10.0004107149328 -50.3861389833273 -12.4994317801328 17.6913848594152
8.87121918595333 6.5196649257743 10.0004114319485 -50.2702667776577 -12.5069189182043 17.6012121113325
8.8514563445467 6.50673489223934 10.0004119264311 -50.1544899901783 -12.5143210612432 17.5111310987745
8.83174650318167 6.49382517666633 10.0004122041176 -50.0388088743292 -12.5216385798597 17.4211421904824
8.81208929224122 6.48093562246026 10.0004122707181 -49.923223636896 -12.5288718437805 17.3312457213121
8.79248433666684 6.46806606852011 10.0004121319109 -49.8077344379656 -12.5360212216828 17.2414419922858
8.77293125602429 6.45521634925326 10.00041179334 -49.6923413908678 -12.543087081032 17.1517312706325
8.75342966456631 6.44238629458804 10.0004112606108 -49.5770445621047 -12.5500697879202 17.0621137898201
8.73397917129226 6.4295757299841 10.0004105392873 -49.4618439712686 -12.5569697069079 16.9725897495797
8.71457938000472 6.41678447644093 10.0004096348881 -49.3467395909499 -12.5637872008684 16.8831593159233
8.6952298893633 6.40401235050446 10.0004085528838 -49.2317313466355 -12.5705226308344 16.7938226211548
8.67593029293553 6.39125916427176 10.0004072986939 -49.1168191166001 -12.5771763558477 16.7045797638772
8.65668017924508 6.37852472539409 10.0004058776832 -49.0020027317906 -12.5837487328118 16.6154308089954
8.63747913181735 6.36580883707811 10.0004042951597 -48.8872819757048 -12.5902401163473 16.5263757877168
8.61832672922255 6.35311129808558 10.0004025563712 -48.7726565842669 -12.5966508586507 16.4374146975492
8.59922254511646 6.34043190273151 10.0004006665029 -48.6581262456993 -12.6029813093558 16.3485475022999
8.58016614827893 6.32777044088083 10.000398630675 -48.5436906003943 -12.6092318153994 16.259774132073
8.56115710265023 6.31512669794382 10.0003964539395 -48.4293492407841 -12.615402720889 16.1710944832706
8.54219496736555 6.30250045487019 10.0003941412789 -48.3151017112138 -12.6214943669748 16.0825084185949
8.52327929678769 6.28989148814219 10.0003916976028 -48.2009475078161 -12.6275070917253 15.994015767055
8.5044096405382 6.2772995697667 10.0003891277468 -48.0868860783904 -12.633441230005 15.905616323978
8.48558554352724 6.26472446726685 10.0003864364694 -47.9729168222879 -12.6392971133574 15.8173098510245
8.46680654598265 6.25216594367351 10.0003836284507 -47.8590390903031 -12.6450750698902 15.7290960762099
8.44807218347839 6.23962375751697 10.0003807082904 -47.7452521845746 -12.6507754241639 15.6409746939304
8.42938198696265 6.22709766281901 10.0003776805059 -47.6315553584956 -12.6563984970842 15.552945364995
8.41073548278578 6.21458740908545 10.0003745495304 -47.5179478166364 -12.661944605798 15.4650077166663
8.39213219272827 6.20209274129936 10.0003713197119 -47.4044287146796 -12.6674140635921 15.377161342709
8.37357163402883 6.18961339991486 10.0003679953112 -47.2909971593705 -12.6728071797962 15.2894058034498
8.355053319413 6.17714912085179 10.0003645805006 -47.177652208484 -12.6781242596892 15.2017406258485
8.33657675712215 6.16469963549132 10.0003610793627 -47.0643928708093 -12.6833656044093 15.1141653035825
8.31814145094349 6.1522646706725 10.0003574958892 -46.9512181061543 -12.6885315108676 15.0266792971457
8.29974690024083 6.13984394869009 10.0003538339796 -46.8381268253717 -12.6936222716657 14.9392820339636
8.28139259998679 6.12743718729365 10.0003500974404 -46.725117890408 -12.6986381750168 14.8519729085253
8.26307804079622 6.11504409968803 10.0003462899837 -46.6121901143772 -12.7035795046711 14.7647512825345
8.24480270896151 6.10266439453552 10.0003424152271 -46.4993422616613 -12.7084465398442 14.6776164850811
8.22656608648957 6.09029777595967 10.0003384766923 -46.3865730480388 -12.7132395551506 14.5905678128334
8.20836765114113 6.07794394355104 10.0003344778046 -46.2738811408437 -12.7179588205402 14.503604530254
8.19020687647233 6.06560259237498 10.0003304218924 -46.1612651591561 -12.722604601239 14.4167258698398
8.17208323187895 6.05327341298161 10.0003263121866 -46.0487236740268 -12.727177157694 14.3299310323885
8.15399618264355 6.04095609141821 10.0003221518203 -45.9362552087368 -12.7316767455223 14.243219187291
8.13594518998571 6.02865030924414 10.0003179438283 -45.8238582390952 -12.7361036154634 14.1565894728546
8.11792971111568 6.01635574354841 10.0003136911468 -45.7115311937759 -12.7404580133369 14.0700409966543
8.09994919929107 6.00407206696986 10.0003093966135 -45.5992724546952 -12.7447401800028 13.9835728359183
8.08200310387603 5.99179894771929 10.0003050629673 -45.4870803574331 -12.7489503513254 13.8971840379482
8.06409087040148 5.97953604960283 10.0003006928483 -45.3749531916992 -12.7530887581399 13.810873620578
8.04621194062599 5.96728303204605 10.0002962887979 -45.2628892018463 -12.75715562622 13.7246405726758
8.02836575259709 5.95503955011882 10.0002918532589 -45.1508865874317 -12.7611511762478 13.6384838546881
8.01055174071353 5.9428052545612 10.0002873885758 -45.0389435038311 -12.7650756237845 13.5524023992305
7.992769335789 5.93057979181071 10.0002828969951 -44.927058062904 -12.7689291792436 13.4663951117238
7.97501796511765 5.91836280403126 10.0002783806653 -44.8152283337149 -12.772712047866 13.3804608710781
7.95729705254205 5.90615392914409 10.0002738416379 -44.7034523433116 -12.7764244296969 13.2945985304255
7.93960601852397 5.89395280086103 10.0002692818676 -44.5917280775615 -12.7800665195647 13.2088069179035
7.92194428021852 5.88175904872031 10.0002647032127 -44.4800534820506 -12.7836385070626 13.1230848374889
7.90431125155198 5.86957229812536 10.0002601074362 -44.3684264630435 -12.787140576532 13.0374310698848
7.88670634330333 5.85739217038634 10.0002554962062 -44.2568448885023 -12.7905729070487 12.9518443734544
7.86912896318878 5.84521828276422 10.0002508710966 -44.1453065891526 -12.7939356724093 12.8663234851935
7.85157851594822 5.83305024851634 10.0002462335883 -44.0338093595791 -12.7972290411197 12.7808671217239
7.83405440343258 5.82088767694311 10.0002415850698 -43.9223509593386 -12.8004531763824 12.6954739802987
7.81655602469225 5.80873017343561 10.0002369268382 -43.8109291140877 -12.803608236084 12.6101427398151
7.79908277606639 5.79657733952428 10.0002322601005 -43.6995415167262 -12.8066943727834 12.5248720618355
7.78163405127367 5.78442877292893 10.0002275859744 -43.5881858285576 -12.8097117336995 12.4396605916198
7.76420924150454 5.7722840676101 10.0002229054895 -43.4768596804695 -12.8126604607007 12.354506959169
7.74680773551534 5.76014281382216 10.0002182195886 -43.3655606741366 -12.8155406902938 12.2694097802825
7.72942891972458 5.74800459816827 10.0002135291291 -43.2542863832467 -12.8183525536154 12.184367657631
7.71207217831164 5.73586900365736 10.0002088348841 -43.1430343547544 -12.8210961764238 12.0993791818469
7.69473689331808 5.72373560976339 10.0002041375437 -43.031802110162 -12.8237716790928 12.0144429326319
7.67742244475203 5.71160399248712 10.0001994377168 -42.9205871468321 -12.8263791766072 11.929557479887
7.66012821069582 5.69947372442057 10.0001947359323 -42.8093869393327 -12.8289187785599 11.8447213848627
7.64285356741715 5.68734437481434 10.0001900326408 -42.6981989408174 -12.8313905891515 11.7599332013343
7.62559788948419 5.67521550964814 10.0001853282159 -42.5870205844434 -12.8337947071923 11.6751914768017
7.60836054988477 5.66308669170457 10.0001806229564 -42.4758492848273 -12.8361312261061 11.5904947537158
7.59114092014948 5.65095748064616 10.0001759170874 -42.3646824395371 -12.838400233937 11.5058415707279
7.57393837047807 5.6388274330951 10.0001712107624 -42.2535174306064 -12.8406018133568 11.4212304639507
7.55675226986778 5.62669610271494 10.0001665040648 -42.1423516260565 -12.842736041674 11.3366599682174
7.53958198624284 5.61456304029354 10.0001617970101 -42.0311823814118 -12.8448029908409 11.2521286183259
7.52242688658488 5.60242779382732 10.0001570895474 -41.9200070412075 -12.8468027274626 11.1676349502677
7.50528633706437 5.5902899086067 10.0001523815616 -41.8088229404894 -12.8487353128036 11.0831775024406
7.48815970317321 5.57814892730296 10.0001476728752 -41.6976274063086 -12.8506008027964 10.9987548168475
7.47104634985876 5.5660043900567 10.00014296325 -41.5864177592129 -12.8523992480496 10.9143654402837
7.45394564165945 5.55385583456799 10.00013825239 -41.4751913147381 -12.8541306938569 10.8300079255137
7.43685694284215 5.54170279618828 10.0001335399424 -41.3639453848999 -12.8557951802069 10.74568083244
7.41977961754155 5.5295448080145 10.0001288255005 -41.2526772796903 -12.8573927417946 10.661382729265
7.40271302990182 5.51738140098516 10.0001241086054 -41.1413843085788 -12.8589234080337 10.5771121936492
7.38565654422063 5.50521210397888 10.0001193887483 -41.0300637820229 -12.8603872030706 10.4928678138651
7.36860952509587 5.49303644391544 10.0001146653729 -40.9187130129879 -12.8617841458007 10.4086481899511
7.35157133757529 5.48085394585943 10.0001099378773 -40.8073293184798 -12.8631142498864 10.3244519348656
7.33454134730921 5.46866413312685 10.0001052056163 -40.6959100210923 -12.8643775237768 10.2402776756431
7.31751892070657 5.45646652739461 10.0001004679041 -40.5844524505702 -12.8655739707311 10.1561240545541
7.30050342509411 5.44426064881295 10.0000957240161 -40.472953945385 -12.8667035888426 10.0719897302646
7.28349422887781 5.43204601612012 10.0000909731916 -40.3614118543106 -12.8677663710653 9.98787337898506
7.26649070170553 5.41982214675856 10.000086214636 -40.2498235379835 -12.8687623052406 9.90377369559346
7.24949221462982 5.40758855699181 10.0000814475233 -40.1381863704336 -12.8696913741229 9.81968939472236
7.23249814027079 5.39534476202214 10.0000766709982 -40.0264977405849 -12.8705535554059 9.73561921180628
7.21550785297899 5.38309027610888 10.0000718841793 -39.9147550537232 -12.8713488217481 9.65156190409087
7.19852072899844 5.37082461268747 10.0000670861606 -39.802955732938 -12.8720771407982 9.56751625160533
7.18153614663004 5.35854728448951 10.0000622760148 -39.6910972205355 -12.8727384752211 9.48348105810008
7.16455348639541 5.34625780366382 10.0000574527952 -39.5791769794289 -12.8733327827242 9.3994551519514
7.14757213120139 5.33395568189859 10.0000526155387 -39.467192494506 -12.8738600160844 9.31543738703482
7.13059146650531 5.32164043054489 10.0000477632678 -39.3551412739761 -12.8743201231766 9.23142664356898
7.1136108804812 5.30931156074153 10.0000428949937 -39.2430208506993 -12.8747130470025 9.14742182893158
7.09662976418714 5.29696858354149 10.0000380097185 -39.1308287834996 -12.8750387257218 9.06342187844938
7.07964751173386 5.2846110100399 10.0000331064381 -39.0185626584634 -12.8752970926839 8.97942575616359
7.0626635204548 5.27223835150399 10.0000281841442 -38.906220090226 -12.8754880764624 8.89543245557257
7.04567719107783 5.25985011950482 10.0000232418275 -38.7937987232486 -12.8756116008914 8.8114410003533
7.02868792789875 5.24744582605115 10.0000182784799 -38.6812962330858 -12.8756675851032 8.72745044506337
7.0116951389568 5.23502498372551 10.0000132930975 -38.5687103276477 -12.8756559435692 8.64345987582496
6.9946982362123 5.22258710582261 10.0000082846828 -38.4560387484571 -12.8755765861432 8.55946841099241
6.97769663572666 5.2101317064902 10.0000032522475 -38.3432792719049 -12.875429418107 8.47547520180461
6.96068975784435 5.19765830087226 9.99999819481509 -38.2304297105036 -12.875214340219 8.39147943302165
6.94367702737612 5.18516640525372 9.99999311142367 -38.1174879141423 -12.8749312487661 8.30748032354206
6.92665787378172 5.17265553720578 9.99998800112828 -38.0044517713375 -12.8745800356172 8.22347712699616
6.90963173135045 5.16012521573023 9.99998286300367 -37.8913192104687 -12.8741605882797 8.1394691323134
6.89259803937783 5.14757496140193 9.99997769614691 -37.7780882009817 -12.8736727899551 8.05545566426547
6.8755562423376 5.13500429650848 9.99997249968001 -37.6647567545472 -12.8731165195959 7.97143608398755
6.85850579004881 5.1224127451872 9.99996727275252 -37.5513229261721 -12.8724916519602 7.88740978947912
6.84144613783804 5.10979983355931 9.99996201454418 -37.4377848152626 -12.8717980576682 7.80337621608518
6.82437674669713 5.09716508986159 9.99995672426744 -37.3241405666418 -12.8710356032566 7.7193348369584
6.80729708343632 5.08450804457565 9.99995140117014 -37.2103883715235 -12.8702041512344 7.63528516350304
6.79020662083333 5.07182823055483 9.99994604453807 -37.0965264684434 -12.8693035601386 7.55122674580106
6.77310483777822 5.05912518314906 9.9999406536975 -36.9825531441496 -12.8683336845904 7.46715917302127
6.75599121941455 5.04639844032768 9.99993522801781 -36.8684667344537 -12.8672943753522 7.3830820738119
6.73886525727668 5.03364754280047 9.99992976691399 -36.7542656250441 -12.8661854793853 7.29899511667746
6.72172644942375 5.02087203413689 9.99992426984917 -36.6399482522637 -12.8650068399091 7.21489801034034
6.70457430057021 5.00807146088389 9.99991873633718 -36.5255131038524 -12.8637582964607 7.13079050408781
6.68740832221329 4.99524537268216 9.999913165945 -36.4109587196564 -12.8624396849566 7.04667238810506
6.67022803275747 4.98239332238116 9.99990755829527 -36.296283692306 -12.8610508377557 6.96254349379479
6.65303295763623 4.96951486615306 9.99990191306875 -36.1814866678628 -12.8595915837236 6.87840369408403
6.63582262943113 4.95660956360554 9.99989623000674 -36.0665663464377 -12.8580617482994 6.79425290371864
6.61859658798847 4.94367697789387 9.99989050891351 -35.951521482782 -12.8564611535635 6.71009107954623
6.60135438053375 4.93071667583205 9.99988474965867 -35.8363508868512 -12.8547896183084 6.62591822078787
6.58409556178396 4.91772822800352 9.99987895217956 -35.7210534243442 -12.8530469581111 6.54173436929925
6.56681969405801 4.90471120887128 9.99987311648356 -35.6056280172187 -12.8512329854078 6.45753960982178
6.5495263473853 4.89166519688763 9.99986724265042 -35.4900736441838 -12.8493475095712 6.37333407022418
6.53221509961281 4.87858977460373 9.99986133083452 -35.3743893411714 -12.8473903369904 6.28911792173504
6.51488553651062 4.86548452877898 9.99985538126711 -35.2585742017871 -12.8453612711527 6.20489137916684
6.49753725187623 4.85234905049043 9.99984939425854 -35.142627377742 -12.8432601127295 6.12065470113196
6.48016984763768 4.8391829352423 9.99984337020042 -35.0265480792665 -12.8410866596634 6.03640819025109
6.46278293395569 4.82598578307569 9.99983730956775 -34.9103355755074 -12.8388407072591 5.95215219335454
6.44537612932495 4.81275719867867 9.99983121292106 -34.7939891949081 -12.8365220482772 5.86788710167691
6.4279490606747 4.79949679149673 9.99982508090843 -34.6775083255748 -12.834130473031 5.78361335104546
6.41050136346873 4.78620417584391 9.99981891426753 -34.560892415628 -12.8316657694858 5.6993314220627
6.39303268180494 4.77287897101442 9.99981271382759 -34.4441409735415 -12.8291277233626 5.61504184028356
6.37554266851457 4.7595208013951 9.99980648051136 -34.3272535684683 -12.8265161182438 5.53074517638749
6.35803098526128 4.74612929657871 9.99980021533694 -34.2102298305557 -12.8238307356829 5.4464420463459
6.34049730264013 4.73270409147809 9.99979391941969 -34.0930694512501 -12.8210713553173 5.36213311158532
6.32294130027664 4.7192448264414 9.99978759397396 -33.9757721835912 -12.8182377549848 5.27781907914654
6.30536266692599 4.70575114736847 9.99978124031489 -33.8583378424979 -12.8153297108429 5.19350070184012
6.28776110057252 4.69222270582824 9.99977485986006 -33.7407663050455 -12.8123469974927 5.10917877839862
6.27013630852958 4.67865915917756 9.99976845413114 -33.6230575107351 -12.8092893881046 5.02485415362564
6.25248800753991 4.6650601706813 9.99976202475547 -33.505211461757 -12.8061566545496 4.94052771854225
6.23481592387657 4.65142540963384 9.99975557346758 -33.3872282232461 -12.8029485675325 4.85620041053081
6.21711979344451 4.63775455148206 9.99974910211068 -33.2691079235333 -12.7996648967297 4.77187321347657
6.19939936188297 4.62404727794983 9.99974261263803 -33.1508507543901 -12.7963054109298 4.68754715790719
6.18165438466864 4.61030327716418 9.99973610711431 -33.0324569712693 -12.7928698781792 4.60322332113048
6.16388462721984 4.596522243783 9.99972958771687 -32.9139268935414 -12.7893580659297 4.5189028273705
6.14608986500158 4.58270387912455 9.999723056737 -32.7952609047268 -12.7857697411907 4.43458684790221
6.12826988363175 4.56884789129866 9.99971651658102 -32.676459452725 -12.7821046706853 4.35027660118477
6.11042447898849 4.55495399533978 9.99970996977141 -32.5575230500403 -12.7783626210094 4.26597335299382
6.09255345731861 4.54102191334178 9.9997034189478 -32.4384522740052 -12.7745433587945 4.18167841655266
6.07465663534738 4.52705137459467 9.9996968668679 -32.319247767001 -12.770646650875 4.09739315266251
6.05673384038954 4.51304211572329 9.99969031640838 -32.1999102366768 -12.7666722644579 4.01311896983207
6.0387849104617 4.49899388082777 9.99968377056567 -32.0804404561658 -12.7626199672972 3.92885732440625
6.02080969439599 4.48490642162603 9.99967723245667 -31.9608392643005 -12.7584895278714 3.84460972069401
6.00280805195474 4.47077949759781 9.99967070531939 -31.8411075658261 -12.7542807155645 3.7603777110932
5.9847798539449 4.45661287612947 9.9996641925135 -31.721246331613 -12.74999330085 3.6761628962078
5.96672498233125 4.44240633265855 9.99965769752081 -31.6012565988666 -12.7456270554784 3.59196692495096
5.94864333034704 4.4281596508173 9.99965122394566 -31.4811394713379 -12.7411817526669 3.50779149462945
5.93053480260205 4.41387262257491 9.99964477551525 -31.3608961195309 -12.7366571672916 3.42363835100793
5.91239931518791 4.39954504837849 9.99963835607984 -31.2405277809102 -12.7320530760823 3.33950928835303
5.89423679578096 4.38517673729281 9.99963196961288 -31.1200357601065 -12.7273692578199 3.25540614945792
5.87604718374259 4.37076750713903 9.99962562021109 -30.9994214291216 -12.7226054935358 3.17133082564757
5.85783043021729 4.35631718463226 9.99961931209438 -30.8786862275311 -12.7177615667142 3.08728525676517
5.83958649822845 4.34182560551818 9.99961304960571 -30.7578316626861 -12.7128372634967 3.00327143114006
5.82131536277189 4.32729261470864 9.99960683721091 -30.6368593099137 -12.7078323728887 2.91929138553749
5.80301701090739 4.31271806641646 9.99960067949826 -30.5157708127142 -12.7027466869687 2.83534720509052
5.78469144184814 4.29810182428922 9.99959458117815 -30.3945678829583 -12.6975800010999 2.75144102321432
5.76633866704816 4.28344376154228 9.99958854708253 -30.2732523010797 -12.6923321141431 2.66757502150324
5.74795871028792 4.26874376109097 9.99958258216424 -30.1518259162671 -12.6870028286729 2.58375142961064
5.72955160775794 4.25400171568197 9.99957669149633 -30.0302906466521 -12.681591951195 2.49997252511199
5.71111740814062 4.23921752802389 9.99957088027124 -29.9086484794942 -12.6760992923663 2.41624063335126
5.69265617269026 4.22439111091707 9.99956515379979 -29.7869014713625 -12.6705246672162 2.33255812727074
5.6741679753113 4.20952238738262 9.99955951751022 -29.6650517483129 -12.6648678953705 2.24892742722458
5.65565290263477 4.19461129079065 9.99955397694698 -29.5431015060616 -12.6591288012761 2.16535100077605
5.63711105409299 4.1796577649877 9.99954853776951 -29.421053010153 -12.6533072144288 2.08183136247872
5.61854254199257 4.16466176442339 9.99954320575082 -29.298908596123 -12.6474029696014 1.99837107364156
5.59994749158567 4.1496232542762 9.99953798677605 -29.1766706696559 -12.641415907074 1.91497274207812
5.58132604113941 4.13454221057842 9.99953288684084 -29.0543417067359 -12.6353458728659 1.83163902183981
5.5626783420037 4.1194186203402 9.99952791204964 -28.9319242537905 -12.6291927189683 1.74837261293326
5.54400455867713 4.10425248167266 9.99952306861385 -28.8094209278279 -12.6229563035785 1.66517626102188
5.52530486887119 4.08904380391002 9.9995183628499 -28.686834416565 -12.6166364913356 1.58205275711155
5.50657946357257 4.0737926077308 9.99951380117718 -28.5641674785483 -12.6102331535568 1.49900493722046
5.48782854710371 4.05849892527782 9.99950939011582 -28.4414229432642 -12.6037461684746 1.416035682033
5.46905233718133 4.04316280027714 9.99950513628443 -28.3186037112402 -12.5971754214754 1.33314791653783
5.45025106497315 4.02778428815586 9.99950104639762 -28.1957127541355 -12.5905208053379 1.25034460964985
5.43142497515256 4.01236345615855 9.99949712726351 -28.0727531148201 -12.583782220473 1.16762877381614
5.41257432595122 3.99690038346244 9.99949338578096 -27.9497279074423 -12.5769595751637 1.08500346460579
5.39369938920963 3.98139516129116 9.99948982893685 -27.8266403174831 -12.5700527858051 1.00247178028344
5.37480045042548 3.96584789302706 9.99948646380308 -27.7034936017973 -12.5630617771453 0.92003686136651
5.35587780879984 3.95025869432184 9.99948329753356 -27.5802910886409 -12.5559864825256 0.837701890165926
5.33693177728093 3.93462769320562 9.999480337361 -27.4570361776828 -12.5488268441213 0.755470090310293
5.31796268260563 3.91895503019426 9.99947759059359 -27.3337323400012 -12.5415828131817 0.673344726253312
5.29897086533849 3.90324085839471 9.99947506461157 -27.2103831180634 -12.5342543502702 0.591329102764329
5.27995667990815 3.88748534360856 9.99947276686362 -27.086992125688 -12.5268414255038 0.509426564401848
5.26092049464116 3.87168866443343 9.99947070486317 -26.9635630479892 -12.5193440187919 0.427640494969862
5.24186269179309 3.85585101236219 9.99946888618455 -26.8400996413017 -12.5117621200739 0.345974316956816
5.22278366757677 3.83997259187994 9.99946731845904 -26.7166057330859 -12.5040957295568 0.264431490957034
5.20368383218767 3.8240536205586 9.99946600937072 -26.5930852218126 -12.4963448579509 0.183015515074435
5.18456360982615 3.80809432914886 9.99946496665225 -26.4695420768252 -12.4885095267042 0.101729924308348
5.16542343871668 3.79209496166968 9.99946419808046 -26.3459803381804 -12.4805897682362 0.0205782899212421
5.14626377112375 3.77605577549482 9.99946371147191 -26.2224041164645 -12.4725856261689 -0.0604357812118331
5.12708507336446 3.75997704143662 9.99946351467816 -26.0988175925864 -12.4644971555572 -0.141308647272271
5.10788782581759 3.74385904382666 9.99946361558106 -25.9752250175447 -12.4563244231162 -0.222036632185607
5.08867252292919 3.72770208059328 9.99946402208778 -25.8516307121687 -12.4480675074478 -0.302616026328089
5.06943967321428 3.71150646333579 9.99946474212578 -25.7280390668327 -12.4397264992636 -0.38304308725231
5.05018979925492 3.69527251739523 9.99946578363762 -25.6044545411424 -12.431301501606 -0.463314040432106
5.03092343769418 3.67900058192159 9.99946715457563 -25.480881663592 -12.4227926300669 -0.543425080026916
5.01164113922612 3.66269100993718 9.99946886289648 -25.3573250311923 -12.4142000130032 -0.623372369665797
4.99234346858151 3.64634416839625 9.99947091655555 -25.2337893090674 -12.4055237917491 -0.703152043251286
4.97303100450922 3.6299604382405 9.99947332350122 -25.1102792300207 -12.396764120826 -0.782760205783299
4.95370433975322 3.61354021445044 9.99947609166902 -24.9867995940677 -12.387921168148 -0.862192934203253
4.93436408102489 3.59708390609243 9.9994792289756 -24.8633552679358 -12.3789951152248 -0.941446278258586
4.91501084897067 3.58059193636122 9.99948274331268 -24.7399511845303 -12.3699861573599 -1.02051626138786
4.89564527813483 3.56406474261788 9.9994866425407 -24.6165923423646 -12.360894503846 -1.0993988816266
4.87626801691724 3.5475027764229 9.9994909344825 -24.493283804955 -12.3517203781551 -1.17809011253404
4.8568797275261 3.5309065035644 9.99949562691676 -24.3700307001783 -12.342464018125 -1.25658590414096
4.83748108592529 3.51427640408122 9.99950072757139 -24.2468382195922 -12.3331256761414 -1.33488218391864
4.81807278177648 3.49761297228074 9.99950624411671 -24.1237116177172 -12.3237056193144 -1.41297485776926
4.79865551837562 3.48091671675131 9.99951218415857 -24.0006562112784 -12.3142041296512 -1.49085981103773
4.77923001258385 3.46418816036912 9.9995185552313 -23.8776773784082 -12.3046215042229 -1.56853290954501
4.75979699475261 3.44742784029934 9.9995253647906 -23.7547805578079 -12.2949580553268 -1.64599000064328
4.7403572086429 3.4306363079914 9.9995326202062 -23.6319712478671 -12.285214110642 -1.72322691429273
4.72091141133842 3.41381412916822 9.99954032875451 -23.5092550057411 -12.2753900133809 -1.80023946416026
4.7014603731527 3.3969618838093 9.99954849761108 -23.3866374463854 -12.2654861224334 -1.87702344874013
4.68200487752983 3.38008016612743 9.99955713384297 -23.2641242415459 -12.2555028125061 -1.95357465249651
4.66254572093891 3.36316958453899 9.999566244401 -23.1417211187046 -12.2454404742544 -2.02988884702804
4.64308371276192 3.34623076162755 9.99957583611189 -23.0194338599805 -12.2352995144092 -2.10596179225442
4.62361967517499 3.32926433410075 9.99958591567025 -22.8972683009846 -12.2250803558958 -2.181789237625
4.60415444302296 3.31227095274023 9.99959648963056 -22.7752303296277 -12.2147834379469 -2.25736692334934
4.58468886368704 3.29525128234447 9.99960756439888 -22.6533258848827 -12.2044092162081 -2.33269058164961
4.56522379694492 3.27820600166397 9.99961914622464 -22.5315609554979 -12.1939581628357 -2.40775593803364
4.54576011482236 3.26113580332776 9.9996312411922 -22.4099415786628 -12.1834307665846 -2.48255871258611
4.52629870143454 3.24404139375972 9.99964385521237 -22.2884738386258 -12.1728275328844 -2.55709462127443
4.50684045281614 3.226923493084 9.99965699401381 -22.1671638652623 -12.1621489839026 -2.6313593772669
4.48738627673984 3.20978283501883 9.99967066313431 -22.0460178325937 -12.1513956585927 -2.70534869226228
4.46793709252306 3.19262016675891 9.99968486791209 -21.9250419572565 -12.1405681127293 -2.77905827783079
4.44849383082319 3.17543624884623 9.99969961347685 -21.8042424969215 -12.1296669189285 -2.85248384676663
4.42905743342125 3.15823185502947 9.99971490474088 -21.6836257486624 -12.1186926666542 -2.92562111445232
4.40962885299413 3.14100777211187 9.99973074639003 -21.5631980472742 -12.1076459622107 -2.99846580023467
4.39020905287546 3.12376479978764 9.99974714287459 -21.4429657635402 -12.0965274287215 -3.0710136288127
4.37079900680515 3.10650375046697 9.99976409840012 -21.3229353024485 -12.0853377060933 -3.14326033163735
4.3513996986678 3.08922544908962 9.99978161691822 -21.2031131013573 -12.0740774509674 -3.21520164832307
4.3320121222199 3.07193073292703 9.99979970211722 -21.0835056281088 -12.0627473366562 -3.28683332807114
4.31263728080605 3.05462045137323 9.99981835741282 -20.9641193790924 -12.0513480530665 -3.35815113110467
4.29327618706425 3.03729546572422 9.99983758593868 -20.8449608772567 -12.0398803066086 -3.42915083011526
4.27392986262028 3.0199566489462 9.99985739053694 -20.7260366700699 -12.0283448200922 -3.49982821172078
4.25459933777121 3.00260488543225 9.9998777737487 -20.6073533274305 -12.0167423326079 -3.57017907793404
4.23528565115811 2.98524107074758 9.99989873780448 -20.4889174395261 -12.0050735993949 -3.64019924764173
4.21598984942787 2.96786611136329 9.99992028461461 -20.3707356146431 -11.9933393916956 -3.70988455809297
4.19671298688435 2.9504809243785 9.99994241575964 -20.2528144769253 -11.9815404965951 -3.77923086639731
4.17745612512893 2.93308643723123 9.99996513248066 -20.1351606640835 -11.9696777168477 -3.84823405103163
4.1582203326906 2.91568358739778 9.99998843566966 -20.0177808250558 -11.9577518706894 -3.91689001335573
4.13900668464581 2.89827332208097 10.0000123258598 -19.9006816176192 -11.945763791637 -3.98519467913614
4.11981626222821 2.88085659788723 10.0000368032158 -19.7838697059532 -11.9337143282729 -4.05314400007775
4.1006501524284 2.86343438049264 10.0000618675242 -19.6673517581562 -11.9216043440173 -4.12073395536268
4.08150944758401 2.8460076442981 10.0000875181836 -19.5511344437144 -11.9094347168864 -4.18796055319604
4.0623952449601 2.82857737207366 10.0001137541952 -19.4352244309266 -11.8972063392376 -4.25481983235786
4.04330864632033 2.81114455459231 10.0001405741527 -19.3196283842817 -11.8849201175011 -4.32130786376055
4.02425075748884 2.7937101902532 10.0001679762334 -19.2043529617944 -11.8725769718988 -4.38742075201147
4.00522268790327 2.77627528469455 10.0001959581876 -19.0894048122966 -11.86017783615 -4.45315463697957
3.98622555015907 2.75884085039639 10.0002245173301 -18.9747905726872 -11.8477236571643 -4.51850569536566
3.96726045954531 2.74140790627334 10.0002536505296 -18.8605168651413 -11.835215394722 -4.5834701422753
3.94832853357227 2.72397747725751 10.0002833542 -18.7465902942802 -11.8226540211414 -4.64804423279367
3.92943089149113 2.7065505938719 10.0003136242908 -18.6330174443031 -11.8100405209341 -4.71222426356133
3.91056865380593 2.68912829179435 10.0003444562774 -18.5198048760819 -11.7973758904479 -4.77600657435008
3.89174294177816 2.67171161141234 10.0003758451521 -18.406959124222 -11.7846611374977 -4.839387549638
3.87295487692421 2.65430159736882 10.0004077854151 -18.2944866940882 -11.7718972809846 -4.90236362018273
3.85420558050543 2.63689929809883 10.0004402710646 -18.1823940588003 -11.759085350502 -4.96493126459368
3.83549617301013 2.61950576535621 10.0004732955887 -18.0706876561975 -11.7462263859304 -5.02708701090587
3.81682777362627 2.60212205372921 10.0005068519558 -17.9593738857757 -11.7333214370179 -5.08882743815916
3.79820149970414 2.58474922014445 10.0005409326062 -17.8484591055985 -11.7203715629472 -5.15014917798521
3.77961846620932 2.56738832335928 10.000575529443 -17.7379496291841 -11.7073778318881 -5.21104891620157
3.76107978516635 2.55004042344299 10.0006106338239 -17.6278517223702 -11.6943413205377 -5.27152339441126
3.74258656509375 2.53270658124757 10.0006462365526 -17.5181716001604 -11.681263113647 -5.33156941160547
3.72413991043114 2.51538785786842 10.0006823278705 -17.4089154235526 -11.6681443035344 -5.39118382576743
3.70574092095901 2.4980853140957 10.0007188974485 -17.300089296353 -11.6549859895885 -5.45036355547509
3.68739069121191 2.48080000985689 10.0007559343793 -17.1916992619787 -11.6417892777581 -5.50910558150059
3.66909030988561 2.46353300365125 10.0007934271692 -17.0837513002501 -11.6285552800317 -5.56740694840423
3.6508408592391 2.44628535197658 10.0008313637309 -16.9762513241781 -11.6152851139061 -5.62526476612065
3.63264341449192 2.4290581087492 10.0008697313757 -16.8692051767463 -11.6019799018454 -5.68267621153518
3.61449904321776 2.41185232471757 10.0009085168065 -16.7626186276942 -11.5886407707296 -5.73963853004783
3.59640880473476 2.39466904687034 10.0009477061107 -16.6564973703021 -11.5752688512952 -5.79614903712291
3.57837374949359 2.37750931783938 10.0009872847534 -16.550847018182 -11.5618652775664 -5.85220511982176
3.56039491846377 2.36037417529866 10.001027237571 -16.4456731020788 -11.548431186279 -5.90780423831652
3.54247334251912 2.34326465135955 10.0010675487645 -16.3409810666828 -11.5349677162969 -5.96294392738229
3.52461004182311 2.32618177196322 10.0011082018937 -16.2367762674602 -11.5214760080219 -6.01762179786567
3.50680602521491 2.3091265562711 10.0011491798714 -16.1330639675024 -11.5079572027972 -6.07183553812713
3.48906228959686 2.29210001605388 10.0011904649576 -16.0298493344007 -11.494412442306 -6.12558291545474
3.47137981932428 2.2751031550801 10.0012320387546 -15.9271374371478 -11.4808428679652 -6.17886177744718
3.45375958559844 2.25813696850489 10.0012738822015 -15.8249332430721 -11.4672496203147 -6.23167005336322
3.43620254586348 2.24120244225984 10.0013159755701 -15.7232416148086 -11.453633838404 -6.28400575543558
3.41870964320824 2.22430055244479 10.00135829846 -15.6220673073096 -11.439996659176 -6.33586698014648
3.40128180577381 2.20743226472241 10.001400829795 -15.5214149649019 -11.4263392168489 -6.38725190946256
3.38391994616779 2.19059853371646 10.0014435478189 -15.4212891183926 -11.4126626422974 -6.43815881202667
3.36662496088613 2.17380030241456 10.0014864300926 -15.3216941822302 -11.3989680624334 -6.48858604430396
3.34939772974353 2.15703850157663 10.0015294534908 -15.2226344517253 -11.3852565995877 -6.53853205167987
3.33223911531331 2.14031404914966 10.0015725941994 -15.1241141003349 -11.3715293708933 -6.58799536950754
3.31514996237791 2.12362784969012 10.001615827713 -15.0261371770173 -11.3577874876711 -6.63697462410188
3.29813109739079 2.10698079379468 10.0016591288336 -14.9287076036614 -11.3440320548187 -6.68546853367818
3.28118332795098 2.09037375754067 10.0017024716684 -14.8318291725962 -11.3302641702045 -6.73347590923227
3.26430744229123 2.07380760193701 10.001745829629 -14.7355055441868 -11.3164849240664 -6.78099565536009
3.24750420878087 2.05728317238694 10.001789175431 -14.6397402445211 -11.3026953984173 -6.82802677101386
3.23077437544451 2.04080129816364 10.0018324810931 -14.5445366631942 -11.2888966664586 -6.87456835019244
3.21411866949767 2.02436279189984 10.001875717938 -14.449898051197 -11.2750897920017 -6.92061958256331
3.19753779690056 2.00796844909269 10.0019188565925 -14.3558275189127 -11.2612758288997 -6.96617975401365
3.18103244193117 1.99161904762518 10.0019618669888 -14.2623280342301 -11.2474558204906 -7.01124824712797
3.16460326677886 1.97531534730532 10.0020047183663 -14.1694024207792 -11.2336307990522 -7.05582454158979
3.14825091115975 1.95905808942433 10.0020473792731 -14.0770533562943 -11.219801785271 -7.09990821450492
3.13197599195514 1.94284799633546 10.0020898175692 -13.9852833711137 -11.2059697877262 -7.14349894064381
3.11577910287429 1.92668577105449 10.0021320004292 -13.8940948468206 -11.1921358023901 -7.18659649260048
3.09966081414293 1.9105720968837 10.0021738943458 -13.803490015034 -11.178300812146 -7.22920074086583
3.08362167221873 1.89450763706049 10.0022154651341 -13.7134709563546 -11.1644657863261 -7.2713116538126
3.06766219953538 1.87849303443251 10.0022566779362 -13.6240395994759 -11.1506316802698 -7.3129292975901
3.05178289427626 1.86252891116035 10.0022974972264 -13.5351977204635 -11.1367994349051 -7.35405383592637
3.03598423017891 1.84661586844933 10.0023378868168 -13.4469469422102 -11.1229699763529 -7.39468552983717
3.02026665637049 1.83075448631044 10.0023778098638 -13.3592887340669 -11.1091442155565 -7.43482473724198
3.00463059723382 1.81494532335043 10.0024172288749 -13.272224411646 -11.0953230479343 -7.47447191248959
2.98907645230332 1.79918891659027 10.0024561057163 -13.185755136794 -11.0815073530577 -7.51362760579604
2.97360459618986 1.78348578131122 10.0024944016207 -13.0998819177262 -11.0676979943513 -7.55229246259869
2.95821537853355 1.76783641092757 10.0025320771963 -13.0146056093184 -11.053895818816 -7.59046722282946
2.9429091239837 1.75224127688533 10.002569092436 -12.9299269135509 -11.0401016567751 -7.62815272011102
2.92768613220483 1.73670082858604 10.0026054067272 -12.8458463800977 -11.0263163216412 -7.66534988087883
2.91254667790802 1.7212154933348 10.0026409788627 -12.7623644070566 -11.0125406097047 -7.70205972343256
2.89749101090661 1.70578567631182 10.0026757670517 -12.6794812418142 -10.9987752999425 -7.73828335691955
2.88251935619498 1.69041176056628 10.0027097289314 -12.5971969820357 -10.9850211538464 -7.7740219802515
2.86763191404913 1.67509410703112 10.0027428215803 -12.5155115767659 -10.9712789152682 -7.80927688095324
2.85282886014715 1.65983305455699 10.0027750015308 -12.4344248276265 -10.9575493102799 -7.84404943394339
2.83811034570849 1.64462891996438 10.0028062247833 -12.3539363901038 -10.9438330470486 -7.87834110025086
2.82347649765174 1.62948199811352 10.0028364468207 -12.274045774928 -10.9301308157256 -7.91215342567419
2.80892741877071 1.61439256199232 10.0028656226238 -12.1947523495503 -10.9164432883519 -7.94548803938982
2.79446318792886 1.59936086282204 10.0028937066876 -12.1160553397169 -10.9027711187805 -7.9783466525134
2.78008386027132 1.58438713018056 10.0029206530372 -12.037953831139 -10.8891149426137 -8.01073105661689
2.76578946745406 1.5694715721423 10.0029464152461 -11.9604467712535 -10.8754753771584 -8.04264312220437
2.75158001788923 1.5546143754344 10.002970946454 -11.8835329710711 -10.8618530213947 -8.07408479714885
2.73745549700608 1.53981570560825 10.0029941993856 -11.8072111071065 -10.8482484559609 -8.10505810509288
2.72341586752666 1.52507570722588 10.0030161263704 -11.7314797233866 -10.8346622431524 -8.13556514381541
2.70946106975565 1.51039450406044 10.0030366793631 -11.6563372335329 -10.8210949269347 -8.16560808356719
2.69559102188351 1.49577219931019 10.0030558099647 -11.5817819229136 -10.8075470329699 -8.19518916537736
2.68180562030242 1.48120887582528 10.0030734694445 -11.5078119508615 -10.7940190686561 -8.22431069933324
2.66810473993422 1.46670459634687 10.0030896087626 -11.4344253529535 -10.7805115231798 -8.25297506283597
2.65448823456967 1.45225940375781 10.0031041785935 -11.3616200433485 -10.7670248675802 -8.28118469883386
2.64095593721854 1.43787332134431 10.0031171293504 -11.2893938171787 -10.753559554825 -8.30894211403585
2.6275076604697 1.42354635306815 10.0031284112098 -11.2177443529917 -10.7401160198981 -8.33624987710712
2.61414319686074 1.40927848384868 10.0031379741379 -11.1466692152399 -10.7266946798973 -8.3631106168489
2.60086231925644 1.39506967985412 10.0031457679166 -11.0761658568122 -10.7132959341433 -8.38952702036447
2.58766478123547 1.38091988880166 10.0031517421711 -11.0062316216059 -10.6999201642979 -8.41550183121335
2.5745503174849 1.3668290402657 10.0031558463981 -10.9368637471357 -10.6865677344924 -8.44103784755558
2.56151864420166 1.35279704599381 10.0031580299948 -10.8680593671745 -10.673238991465 -8.46613792028783
2.54856945950073 1.33882380022987 10.0031582422882 -10.799815514425 -10.6599342647066 -8.4908049511733
2.53570244382928 1.32490918004375 10.0031564325661 -10.7321291232183 -10.6466538666156 -8.51504189096701
2.52291726038628 1.3110530456673 10.0031525501085 -10.6649970322353 -10.6333980926605 -8.53885173753829
2.51021355554717 1.29725524083587 10.003146544219 -10.5984159872497 -10.6201672215497 -8.56223753399196
2.49759095929294 1.28351559313512 10.0031383642586 -10.5323826438884 -10.6069615154096 -8.58520236678999
2.48504908564323 1.26983391435251 10.0031279596788 -10.4668935704069 -10.5937812199682 -8.60774936387502
2.47258753309296 1.25621000083307 10.0031152800565 -10.4019452504779 -10.5806265647466 -8.62988169279731
2.46020588505191 1.24264363383908 10.003100275129 -10.3375340859878 -10.5674977632557 -8.65160255884653
2.44790371028701 1.22913457991305 10.00308289483 -10.2736563998423 -10.5543950131995 -8.67291520318986
2.4356805633667 1.21568259124379 10.003063089327 -10.2103084387749 -10.5413184966833 -8.69382290101761
2.423535985107 1.20228740603502 10.0030408090585 -10.1474863761583 -10.5282683804277 -8.71432895969788
2.41146950301896 1.18894874887618 10.0030160047724 -10.0851863148157 -10.5152448159868 -8.73443671694128
2.39948063175694 1.17566633111504 10.0029886275655 -10.0234042898295 -10.5022479399716 -8.75414953897707
2.38756887356738 1.16243985123174 10.0029586289232 -9.96213627134429 -10.4892778742772 -8.77347081874191
2.37573371873775 1.1492689952139 10.0029259607604 -9.90137816736478 -10.4763347263145 -8.79240397408221
2.36397464604524 1.13615343693244 10.0028905754627 -9.84112582654325 -10.4634185892446 -8.81095244597129
2.35229112320477 1.12309283851777 10.0028524259291 -9.7813750409568 -10.4505295422179 -8.82911969674235
2.34068260731617 1.11008685073599 10.0028114656144 -9.72212154887164 -10.4376676506151 -8.84690920833815
2.32914854531 1.09713511336484 10.0027676485734 -9.66336103749253 -10.4248329662918 -8.8643244805786
2.31768837439172 1.08423725556905 10.0027209295049 -9.60508914569588 -10.4120255278253 -8.88136902944681
2.30630152248404 1.07139289627473 10.0026712637971 -9.54730146674452 -10.3992453607641 -8.89804638539485
2.29498740866698 1.05860164454265 10.0026186075732 -9.48999355098264 -10.3864924778786 -8.91436009166978
2.28374544361537 1.04586309993998 10.0025629177379 -9.4331609085092 -10.373766879415 -8.93031370266088
2.27257503003369 1.03317685291031 10.0025041520249 -9.37679901182841 -10.3610685533495 -8.94591078226873
2.26147556308766 1.02054248514166 10.0024422690443 -9.32090329847571 -10.3483974756445 -8.96115490229707
2.25044643083269 1.00795956993224 10.0023772283314 -9.2654691736179 -10.3357536105059 -8.97604964086778
2.23948701463859 0.995427672553666 10.0023089903954 -9.21049201262602 -10.3231369106412 -8.99059858085998
2.22859668961057 0.982946350611466 10.0022375167697 -9.15596716361986 -10.3105473175185 -9.00480530837363
2.21777482500613 0.97051515440263 10.0021627700617 -9.10188994998264 -10.2979847616256 -9.01867341121823
2.20702078464776 0.958133627269958 10.002084714004 -9.04825567284496 -10.2854491627301 -9.03220647742726
2.19633392733109 0.945801305953037 10.0020033135057 -8.99505961353667 -10.2729404301388 -9.0454080937988
2.18571360722838 0.93351772093564 10.0019185347045 -8.94229703600584 -10.260458462958 -9.05828184446275
2.17515917428721 0.921282396789348 10.0018303450192 -8.88996318920367 -10.2480031503527 -9.0708313094752
2.164669974624 0.909094852513227 10.0017387132028 -8.83805330943451 -10.2355743718061 -9.08306006344023
2.15424535091248 0.896954601869391 10.0016436093958 -8.78656262267006 -10.2231719973779 -9.09497167415968
2.14388464276658 0.884861153714277 10.0015450051806 -8.7354863468269 -10.2107958879626 -9.10656970131104
2.13358718711794 0.872814012325492 10.0014428736354 -8.68481969400673 -10.1984458955465 -9.11785769515397
2.12335231858768 0.860812677724074 10.0013371893896 -8.6345578726983 -10.1861218634636 -9.12883919526555
2.11317936985234 0.848856645992047 10.0012279286784 -8.58469608994066 -10.1738236266508 -9.13951772930473
2.10306767200384 0.836945409585118 10.0011150693988 -8.53522955344698 -10.1615510119018 -9.14989681180596
2.09301655490347 0.825078457640418 10.0009985911656 -8.48615347368824 -10.1493038381188 -9.15997994300246
2.0830253475296 0.813255276279157 10.0008784753673 -8.43746306593651 -10.137081916564 -9.16977060767909
2.07309337831912 0.801475348904093 10.0007547052228 -8.38915355226715 -10.1248850511083 -9.17927227405511
2.06321997550251 0.789738156491721 10.0006272658381 -8.34122016351946 -10.1127130384792 -9.18848839269694
2.05340446743243 0.778043177879085 10.0004961442633 -8.29365814121563 -10.1005656685061 -9.19742239546092
2.04364618290576 0.766389890045128 10.0003613295498 -8.24646273943728 -10.0884427243644 -9.20607769446629
2.03394445147896 0.754777768386514 10.0002228128077 -8.19962922665963 -10.0763439828169 -9.21445768109833
2.02429860377675 0.743206286987838 10.0000805872631 -8.15315288754276 -10.0642692144537 -9.2225657250418
2.01470797179406 0.731674918886171 9.99993464831552 -8.10702902467984 -10.0522181839294 -9.23040517334456
2.00517188919109 0.720183136329857 9.99978499359599 -8.06125296030207 -10.0401906501987 -9.23797934951158
1.99568969158148 0.70873041103149 9.99963162302421 -8.01582003793983 -10.0281863667491 -9.24529155262945
1.98626071681356 0.697316214415005 9.99947453886632 -7.9707256240401 -10.0162050818313 -9.25234505652125
1.97688430524456 0.685940017856859 9.99931374579243 -7.92596510953989 -10.0042465386878 -9.25914310893189
1.96755980000787 0.674601292921321 9.99914925093411 -7.88153391139597 -9.99231047577801 -9.26568893074342
1.95828654727332 0.663299511589844 9.99898106394163 -7.83742747407095 -9.98039662700183 -9.27198571522033
1.94906389650038 0.652034146484512 9.99880919704121 -7.79364127097565 -9.96850472191988 -9.27803662728458
1.93989120068437 0.640804671085552 9.99863366509185 -7.75017080586801 -9.95663448597156 -9.28384480282025
1.93076781659564 0.629610559942905 9.99845448564206 -7.70701161420837 -9.94478564069024 -9.28941334800768
1.92169310501171 0.618451288881842 9.99827167898624 -7.66415926447144 -9.93295790391587 -9.29474533868681
1.91266643094234 0.607326335202648 9.99808526822068 -7.621609359415 -9.92115099000486 -9.29984381974977
1.90368716384762 0.596235177874362 9.9978952792992 -7.5793575373055 -9.90936461003718 -9.30471180456218
1.89475467784907 0.585177297722613 9.99770174108838 -7.53739947310082 -9.89759847202078 -9.30935227441331
1.88586835193364 0.574152177611543 9.99750468542224 -7.49573087959026 -9.88585228109323 -9.31376817799452
1.8770275701509 0.56315930261986 9.99730414715645 -7.45434750849225 -9.87412573972053 -9.31796243090604
1.86823172180312 0.55219816021105 9.99710016422192 -7.41324515150978 -9.86241854789325 -9.32193791519154
1.85948020162862 0.541268240397765 9.9968927776778 -7.37241964134408 -9.85073040331977 -9.32569747890052
1.85077240997807 0.530369035900446 9.99668203176375 -7.33186685266667 -9.83906100161686 -9.32924393567798
1.84210775298409 0.519500042300207 9.99646797395152 -7.29158270305027 -9.82741003649742 -9.33258006438123
1.83348564272402 0.508660758186031 9.99625065499574 -7.25156315385888 -9.81577719995549 -9.3357086087235
1.8249054973759 0.497850685296337 9.99603012898381 -7.21180421109731 -9.80416218244846 -9.33863227694401
1.81636674136787 0.487069328654945 9.99580645338504 -7.17230192622082 -9.7925646730766 -9.34135374150419
1.80786880552076 0.476316196701423 9.99557968909868 -7.1330523969052 -9.78098435975944 -9.34387563880946
1.79941112718417 0.465590801415752 9.99534990050107 -7.09405176777825 -9.76942092940879 -9.34620056895601
1.79099315036585 0.454892658437288 9.99511715549165 -7.05529623111326 -9.75787406809804 -9.34833109550192
1.7826143258546 0.444221287178166 9.99488152553796 -7.01678202748462 -9.74634346122803 -9.35026974526259
1.77427411133669 0.433576210931366 9.9946430857193 -6.978505446386 -9.73482879369005 -9.35201900813027
1.76597197150611 0.422956956973573 9.99440191476936 -6.94046282681107 -9.72332975002619 -9.3535813369177
1.75770737816837 0.412363056662943 9.99415809511739 -6.90265055779757 -9.7118460145871 -9.3549591472254
1.74947981033834 0.401794045531845 9.9939117129281 -6.86506507893502 -9.70037727168733 -9.35615481733223
1.74128875433187 0.391249463374663 9.99366285814015 -6.82770288083667 -9.68892320575816 -9.35717068810891
1.73313370385143 0.380728854330756 9.99341162450314 -6.7905605055763 -9.67748350149799 -9.358009062954
1.72501416006588 0.370231766962647 9.99315810961308 -6.75363454709032 -9.66605784402039 -9.35867220775206
1.71692963168435 0.359757754329555 9.99290241494625 -6.71692165154582 -9.65464591899976 -9.35916235085353
1.70887963502436 0.349306374056341 9.99264464589141 -6.68041851767515 -9.6432474128148 -9.35948168307585
1.70086369407428 0.338877188397983 9.9923849117803 -6.64412189707744 -9.63186201268963 -9.35963235772557
1.69288134055029 0.328469764299667 9.99212332591629 -6.608028594488 -9.62048940683283 -9.35961649064097
1.68493211394769 0.318083673452604 9.99186000560127 -6.57213546801579 -9.60912928457427 -9.35943616025465
1.67701556158699 0.307718492345617 9.99159507216052 -6.53643942934928 -9.59778133649978 -9.3590934076764
1.6691312386543 0.297373802312384 9.99132865096565 -6.50093744392767 -9.58644525458295 -9.35859023679828
1.66127870823598 0.287049189573859 9.99106087145549 -6.46562653107114 -9.57512073231269 -9.35792861442684
1.65345754134714 0.276744245275506 9.99079186715486 -6.43050376406483 -9.56380746481535 -9.35711047044613
1.6456673169541 0.266458565519475 9.99052177569111 -6.39556627019881 -9.55250514897176 -9.3561376980096
1.63790762199141 0.256191751392392 9.99025073880849 -6.36081123077186 -9.5412134835307 -9.35501215375519
1.63017805137383 0.245943408989379 9.98997890238007 -6.32623588106538 -9.52993216922014 -9.35373565803921
1.62247820800363 0.235713149434623 9.98970641641742 -6.29183751029025 -9.51866090885678 -9.35230999518708
1.61480770277322 0.225500588898646 9.98943343507773 -6.25761346150759 -9.50739940745391 -9.35073691376034
1.60716615456337 0.215305348612384 9.98916011666843 -6.22356113152402 -9.49614737232783 -9.34901812683953
1.59955319023691 0.205127054878193 9.98888662364921 -6.18967797076206 -9.48490451320272 -9.34715531232248
1.59196844462824 0.194965339077903 9.98861312263143 -6.15596148310638 -9.4736705423141 -9.34515011323763
1.58441156052856 0.184819837678026 9.98833978437469 -6.12240922572638 -9.462445174511 -9.34300413807187
1.57688218866707 0.174690192232243 9.98806678378071 -6.08901880887595 -9.4512281273568 -9.34071896111257
1.56937998768817 0.164576049381297 9.98779429988426 -6.05578789567081 -9.4400191212289 -9.33829612280339
1.56190462412473 0.154477060850382 9.98752251584117 -6.02271420184432 -9.42881787941712 -9.33573713011326
1.55445577236761 0.144392883444179 9.98725161891339 -5.98979549548212 -9.4176241282212 -9.33304345691845
1.54703311463158 0.13432317903964 9.98698180045086 -5.9570295967365 -9.40643759704707 -9.33021654439692
1.5396363409175 0.124267614576635 9.98671325587035 -5.92441437752089 -9.39525801850234 -9.32725780143487
1.5322651489712 0.114225862046597 9.98644618463101 -5.8919477611853 -9.38408512849076 -9.32416860504487
1.52491924423889 0.104197598479269 9.98618079020668 -5.8596277221731 -9.37291866630589 -9.32095030079529
1.51759833981933 0.0941825059276786 9.98591728005482 -5.82745228566004 -9.361758374724 -9.31760420325045
1.51030215641289 0.0841802714514575 9.98565586558204 -5.79541952717585 -9.35060400009631 -9.31413159642135
1.50303042226751 0.0741905870986226 9.98539676210613 -5.76352757220917 -9.33945529244046 -9.31053373422629
1.49578287312166 0.0642131498859376 9.98514018881461 -5.73177459579647 -9.32831200553147 -9.30681184096118
1.48855925214457 0.054247661777973 9.98488636871953 -5.70015882209533 -9.31717389699222 -9.30296711177912
1.48135930987358 0.0442938296649782 9.98463552860873 -5.66867852394293 -9.3060407283833 -9.29900071317871
1.47418280414893 0.0343513653396848 9.98438789899327 -5.63733202240018 -9.29491226529263 -9.29491378350095
1.46702950004591 0.0244199854731406 9.98414371405105 -5.60611768628246 -9.28378827742459 -9.29070743343359
1.45989916980461 0.0144994115896162 9.98390321156661 -5.57503393167919 -9.27266853868922 -9.28638274652042
1.4527915927571 0.00458937004056531 9.98366663286696 -5.54407922146604 -9.26155282729155 -9.28194077967061
1.44570655525228 -0.00531040802233419 9.9834342227534 -5.51325206481191 -9.25044092582163 -9.27738256366537
1.4386438505784 -0.0152001866748814 9.98320622942932 -5.48255101667966 -9.23933262134482 -9.2727091036638
1.43160327888345 -0.0250802252485518 9.98298290442383 -5.45197467731807 -9.22822770549227 -9.26792137971186
1.42458464709361 -0.0349507783590019 9.9827645025113 -5.42152169174366 -9.21712597455134 -9.26302034725666
1.41758776882975 -0.0448120959347496 9.98255128162657 -5.3911907492127 -9.2060272295561 -9.25800693766624
1.41061246432222 -0.0546644232459221 9.98234350277595 -5.36098058268385 -9.19493127637774 -9.25288205875444
1.40365856032386 -0.0645080009329648 9.9821414299438 -5.33088996827187 -9.18383792581521 -9.2476465953105
1.39672589002147 -0.0743430650352094 9.98194532999479 -5.30091772469308 -9.17274699368584 -9.24230140963321
1.3898142929457 -0.0841698470191954 9.98175547257167 -5.27106271270285 -9.16165830091622 -9.23684734206897
1.38292361487958 -0.0939885738066456 9.98157212998852 -5.24132383452583 -9.15057167363326 -9.23128521155378
1.37605370776561 -0.103799467801996 9.9813955771195 -5.21170003327916 -9.13948694325546 -9.22561581615853
1.36920442961168 -0.113602746919382 9.98122609128296 -5.18219029238931 -9.12840394658443 -9.21983993363739
1.36237564439575 -0.123398624608982 9.9810639521209 -5.15279363500297 -9.11732252589679 -9.21395832197903
1.35556722196949 -0.133187309882629 9.98090944147381 -5.12350912339237 -9.1062425290363 -9.20797171996019
1.34877903796081 -0.142969007338596 9.9807628432507 -5.09433585835551 -9.09516380950642 -9.20188084770148
1.34201097367558 -0.152743917185455 9.98062444329436 -5.06527297861174 -9.08408622656313 -9.19568640722492
1.3352629159984 -0.162512235264938 9.98049452924189 -5.03631966019315 -9.07300964530833 -9.18938908301304
1.32853475729262 -0.172274153073703 9.98037339038029 -5.00747511583204 -9.06193393678345 -9.18298954256922
1.32182639529968 -0.18202985778391 9.98026131749721 -4.97873859434505 -9.05085897806361 -9.17648843697887
1.31513773303776 -0.191779532262551 9.98015860272678 -4.95010938001415 -9.03978465235223 -9.16988640147131
1.30846867869997 -0.201523355089426 9.98006553939051 -4.92158679196513 -9.02871084907603 -9.16318405598197
1.30181914555192 -0.211261500573701 9.97998242183317 -4.89317018354362 -9.01763746398053 -9.15638200571463
1.29518905182901 -0.22099413876897 9.9799095452537 -4.86485894168931 -9.006564399226 -9.14948084170348
1.28857832063327 -0.230721435486744 9.97984720553114 -4.83665248630857 -8.99549156348393 -9.14248114137462
1.28198687983001 -0.240443552308298 9.9797956990454 -4.80855026964579 -8.98441887203387 -9.13538346910687
1.27541466194413 -0.2501606465948 9.97975532249308 -4.78055177565388 -8.97334624686087 -9.12818837679151
1.26886160405642 -0.259872871495672 9.97972637269817 -4.75265651936413 -8.96227361675328 -9.12089640439071
1.26232764769965 -0.269580375955092 9.97970914641764 -4.72486404625584 -8.95120091740103 -9.11350808049452
1.25581273875472 -0.279283304716603 9.97970394014194 -4.69717393162594 -8.94012809149436 -9.10602392287591
1.24931682734679 -0.288981798325744 9.97971104989043 -4.66958577995896 -8.929055088823 -9.09844443904389
1.24283986774148 -0.298675993130671 9.97973077100164 -4.64209922429762 -8.91798186637571 -9.09077012679427
1.23638181824131 -0.308366021280686 9.97976339791841 -4.61471392561422 -8.90690838844024 -9.08300147475794
1.2299426410822 -0.318052010722651 9.97980922396803 -4.58742957218321 -8.89583462670369 -9.07513896294635
1.22352230233035 -0.32773408519521 9.97986854113707 -4.56024587895516 -8.8847605603531 -9.06718306329405
1.21712077177934 -0.3374123642208 9.97994163984136 -4.53316258693234 -8.87368617617649 -9.05913424019792
1.21073802284761 -0.347086963095379 9.98002880869065 -4.50617946254609 -8.8626114686641 -9.05099295105306
1.20437403247638 -0.356757992875855 9.98013033424834 -4.47929629703641 -8.85153644010981 -9.04275964678499
1.19802878102796 -0.366425560365162 9.98024650078614 -4.4525129058337 -8.84046110071293 -9.0344347723779
1.19170225218455 -0.376089768094957 9.9803775900336 -4.42582912794309 -8.82938546868 -9.02601876739891
1.18539443284768 -0.385750714305889 9.98052388092281 -4.39924482533141 -8.81830957032674 -9.01751206651804
1.1791053130381 -0.395408492925443 9.98068564932791 -4.37275988231706 -8.80723344018014 -9.00891510002356
1.1728348857964 -0.405063193543287 9.98086316779986 -4.34637420496295 -8.79615712108043 -9.00022829433282
1.16658314708422 -0.414714901384146 9.98105670529615 -4.32008772047256 -8.78508066428313 -8.99145207249803
1.16035009568619 -0.424363697278139 9.98126652690572 -4.29390037658952 -8.77400412956094 -8.98258685470707
1.15413573311263 -0.434009657628593 9.98149289356905 -4.26781214100059 -8.76292758530549 -8.97363305877895
1.147940063503 -0.443652854377304 9.98173606179346 -4.24182300074238 -8.75185110862882 -8.96459110065389
1.14176309353016 -0.453293354967228 9.98199628336371 -4.21593296161182 -8.74077478546465 -8.95546139487766
1.13560483230544 -0.462931222302615 9.98227380504789 -4.19014204758056 -8.72969871066918 -8.94624435508022
1.12946529128467 -0.47256651470655 9.9825688682988 -4.16445030021342 -8.71862298812154 -8.93694039444826
1.123344484175 -0.482199285875927 9.98288170895072 -4.13885777809097 -8.70754773082368 -8.92754992619163
1.11724242684276 -0.491829584833833 9.98321255691169 -4.11336455623631 -8.69647306099968 -8.9180733640035
1.11115913722217 -0.501457455879362 9.98356163585151 -4.08797072554625 -8.68539911019432 -8.90851112251384
1.10509463522514 -0.511082938534855 9.98392916288533 -4.06267639222684 -8.67432601937099 -8.89886361773647
1.09904894265196 -0.520706067490581 9.98431534825305 -4.0374816772334 -8.66325393900862 -8.88913126750909
1.09302208310314 -0.53032687254687 9.98472039499454 -4.01238671571512 -8.65218302919775 -8.8793144919265
1.08701408189224 -0.539945378553712 9.98514449862091 -3.98739165646429 -8.64111345973551 -8.86941371376654
1.08102496595975 -0.549561605347846 9.9855878467817 -3.96249666137014 -8.63004541021945 -8.85942935890888
1.07505476378812 -0.559175567687353 9.9860506189283 -3.93770190487741 -8.61897907014012 -8.84936185674633
1.06910350531788 -0.568787275183787 9.98653298597366 -3.91300757344977 -8.60791463897232 -8.83921164058853
1.06317122186488 -0.578396732231869 9.98703510994826 -3.88841386503785 -8.59685232626484 -8.82897914805804
1.05725794603865 -0.588003937936772 9.98755714365266 -3.86392098855224 -8.58579235172867 -8.81866482147847
1.051363711662 -0.597608886039034 9.98809923030664 -3.83952916334125 -8.57473494532347 -8.80826910825469
1.0454885536917 -0.607211564837143 9.98866150319504 -3.81523861867352 -8.56368034734232 -8.79779246124492
1.0396325081404 -0.616811957107828 9.98924408531052 -3.79104959322548 -8.55262880849441 -8.78723533912452
1.03379561199974 -0.626410040024096 9.98984708899326 -3.76696233457372 -8.54158058998579 -8.77659820674142
1.02797790316463 -0.63600578507108 9.99047061556787 -3.74297709869211 -8.53053596359793 -8.76588153546308
1.02217942035881 -0.645599157959726 9.99111475497757 -3.7190941494539 -8.5194952117639 -8.75508580351478
1.01640020306157 -0.655190118538391 9.99177958541575 -3.69531375813853 -8.50845862764224 -8.74421149630914
1.01064029143574 -0.6647786207024 9.99246517295527 -3.67163620294331 -8.49742651518812 -8.73325910676686
1.00489972625691 -0.674364612301625 9.99317157117539 -3.64806176849988 -8.48639918922193 -8.72222913562833
0.999178548843867 -0.683948035046144 9.99389882078668 -3.62459074539548 -8.47537697549496 -8.71112209175628
0.993476800990337 -0.693528824410056 9.99464694925409 -3.60122342969881 -8.4643602107521 -8.69993849242912
0.987794524897906 -0.703106909533514 9.99541597041819 -3.57796012249078 -8.45334924279142 -8.68867886362503
0.982131763110243 -0.712682213123048 9.99620588411497 -3.55480112939972 -8.44234443052054 -8.67734374029656
0.976488558448561 -0.722254651350259 9.99701667579427 -3.53174676014132 -8.43134614400947 -8.66593366663571
0.970864953948331 -0.731824133748959 9.99784831613701 -3.50879732806313 -8.42035476454003 -8.65444919632942
0.965260992797256 -0.74139056311084 9.99870076067157 -3.48595314969345 -8.40937068465143 -8.64289089280525
0.959676718274492 -0.750953835379751 9.99957394938929 -3.46321454429485 -8.39839430818203 -8.63125932946728
0.95411217369113 -0.760513839544684 10.0004678063595 -3.44058183342193 -8.38742605030712 -8.61955508992203
0.948567402331923 -0.770070457531546 10.0013822393445 -3.41805534048351 -8.37646633757249 -8.60777876819444
0.943042447398255 -0.779623564093816 10.0023171394135 -3.39563539030904 -8.36551560792359 -8.59593096893361
0.937537351952362 -0.789173026702183 10.003272380558 -3.37332230871926 -8.35457431073037 -8.58401230760843
0.932052158862787 -0.798718705433273 10.0042478193068 -3.35111642210097 -8.34364290680728 -8.57202341069287
0.926586910751066 -0.808260452857543 10.0052432943413 -3.32901805698591 -8.33272186842857 -8.55996491584095
0.921141649939645 -0.817798113926481 10.0062586261121 -3.30702753963356 -8.32181167933858 -8.54783747205113
0.915716418401013 -0.827331525859187 10.007293616457 -3.28514519561794 -8.31091283475685 -8.5356417398203
0.910311257708057 -0.836860518028472 10.0083480482191 -3.26337134941827 -8.30002584137799 -8.52337839128706
0.904926208985616 -0.84638491184657 10.0094216848682 -3.24170632401334 -8.28915121736599 -8.5110481103643
0.899561312863234 -0.855904520650589 10.0105142701224 -3.22015044047962 -8.27828949234298 -8.49865159286108
0.894216609429106 -0.865419149587814 10.0116255275728 -3.19870401759303 -8.26744120737208 -8.48618954659361
0.888892138185201 -0.874928595500986 10.0127551603104 -3.17736737143417 -8.25660691493436 -8.47366269148534
0.883587938003561 -0.884432646813683 10.0139028505552 -3.15614081499712 -8.2457871788996 -8.46107175965606
0.878304047083752 -0.893931083415923 10.0150682592892 -3.13502465780154 -8.23498257449074 -8.44841749550002
0.873040502911472 -0.90342367655012 10.0162510258913 -3.11401920550811 -8.22419368824188 -8.43570065575282
0.867797342218298 -0.912910188697533 10.017450767777 -3.09312475953726 -8.21342111794957 -8.42292200954733
0.862574600942559 -0.922390373465317 10.018667080041 -3.07234161669097 -8.20266547261734 -8.41008233845819
0.857372314191328 -0.931863975474349 10.0198995351045 -3.05167006877769 -8.19192737239318 -8.39718243653519
0.852190516203514 -0.941330730247924 10.0211476823661 -3.03111040224028 -8.18120744849991 -8.38422311032531
0.847029240314051 -0.950790364101496 10.0224110478587 -3.01066289778683 -8.17050634315819 -8.37120517888329
0.841888518919167 -0.960242594033588 10.0236891339099 -2.99032783002438 -8.15982470950206 -8.35812947377094
0.836768383442716 -0.969687127618017 10.0249814188091 -2.97010546709537 -8.14916321148681 -8.34499683904486
0.831668864303568 -0.979123662897583 10.026287356479 -2.94999607031684 -8.13852252378903 -8.33180813123276
0.826589990884034 -0.988551888279381 10.0276063761545 -2.92999989382265 -8.12790333169866 -8.31856421929778
0.821531791499307 -0.997971482431934 10.0289378820665 -2.91011718421062 -8.11730633100274 -8.30526598458867
0.816494293367868 -1.00738211418439 10.0302812531331 -2.89034818019807 -8.1067322278606 -8.29191432077184
0.811477522582843 -1.01678344242804 10.0316358426577 -2.87069311228771 -8.0961817386701 -8.27851013374314
0.806481504084292 -1.02617511602014 10.0330009780345 -2.85115220244196 -8.08565558992494 -8.26505434152127
0.801506261632452 -1.0355567736903 10.0343759604607 -2.8317256637619 -8.07515451806311 -8.25154787412689
0.796551817781929 -1.04492804394934 10.0357600646585 -2.81241370016906 -8.06467926930627 -8.23799167344954
0.791618193856839 -1.05428854500083 10.0371525386033 -2.79321650608932 -8.05423059949016 -8.22438669310283
0.786705409926869 -1.06363788465555 10.0385526032624 -2.77413426613905 -8.04380927388569 -8.21073389826801
0.781813484784257 -1.07297566024888 10.0399594523414 -2.7551671548133 -8.03341606701068 -8.19703426552575
0.776942435921677 -1.08230145856143 10.0413722520408 -2.73631533617614 -8.0230517624321 -8.18328878267626
0.772092279510996 -1.09161485574293 10.0427901408218 -2.71757896355296 -8.01271715255864 -8.16949844854773
0.76726303038292 -1.10091541723974 10.0442122291826 -2.69895817922484 -8.00241303842346 -8.15566427279304
0.762454702007479 -1.11020269772585 10.0456375994449 -2.68045311412484 -7.99214022945706 -8.1417872756748
0.757667306475367 -1.11947624103788 10.0470653055509 -2.66206388753627 -7.98189954325004 -8.12786848783874
0.752900854480103 -1.12873558011396 10.0484943728722 -2.64379060679285 -7.97169180530574 -8.11390895007544
0.74815535530101 -1.13798023693681 10.0499237980293 -2.62563336698076 -7.96151784878249 -8.09990971307045
0.743430816786989 -1.14720972248115 10.0513525487239 -2.60759225064258 -7.95137851422557 -8.08587183714287
0.738727245341084 -1.15642353666559 10.0527795635826 -2.58966732748317 -7.94127464928849 -8.07179639197229
0.734044645905812 -1.16562116830915 10.0542037520137 -2.57185865407727 -7.93120710844374 -8.05768445631431
0.729383021949257 -1.17480209509268 10.0556239940766 -2.55416627357912 -7.92117675268276 -8.04353711770453
0.724742375451905 -1.18396578352518 10.0570391403652 -2.53659021543385 -7.91118444920508 -8.02935547215121
0.720122706894211 -1.19311168891531 10.0584480119036 -2.51913049509078 -7.90123107109654 -8.01514062381651
0.715524015244881 -1.20223925534826 10.0598494000575 -2.50178711371859 -7.89131749699643 -8.00089368468644
0.710946297949857 -1.21134791566803 10.0612420664586 -2.48456005792249 -7.88144461075362 -7.98661577422969
0.706389550922004 -1.2204370914654 10.0626247429448 -2.46744929946316 -7.87161330107149 -7.97230801904518
0.701853768531457 -1.22950619307171 10.0639961315142 -2.45045479497784 -7.86182446114155 -7.95797155249861
0.697338943596653 -1.23855461955861 10.0653549042961 -2.43357648570329 -7.85207898826586 -7.94360751434812
0.692845067376006 -1.2475817587439 10.0666997035367 -2.41681429720084 -7.84237778346805 -7.92921705035888
0.688372129560223 -1.25658698720371 10.0680291416011 -2.40016813908355 -7.83272175109286 -7.91480131190709
0.683920118265259 -1.26556967029113 10.0693418009919 -2.38363790474549 -7.82311179839435 -7.90036145557321
0.679489020025881 -1.27452916216141 10.0706362343849 -2.36722347109323 -7.81354883511255 -7.88589864272464
0.67507881978985 -1.2834648058039 10.0719109646814 -2.35092469827958 -7.80403377303859 -7.87141403908798
0.670689500912688 -1.29237593308099 10.0731644850783 -2.3347414294397 -7.79456752556838 -7.85690881431101
0.666321045153039 -1.30126186477401 10.074395259156 -2.31867349042961 -7.7851510072446 -7.84238414151449
0.661973432668609 -1.31012191063638 10.0756017209842 -2.30272068956721 -7.77578513328732 -7.82784119683387
0.657646642012659 -1.31895536945414 10.0767822752466 -2.28688281737586 -7.76647081911292 -7.81328115895126
0.653340650131071 -1.32776152911389 10.0779352973838 -2.27115964633066 -7.75720897984158 -7.79870520861757
0.649055432359949 -1.33653966667847 10.0790591337555 -2.25555093060757 -7.74800052979324 -7.78411452816522
0.644790962423762 -1.34528904847031 10.0801521018223 -2.24005640583531 -7.73884638197203 -7.76951030101138
0.640547212434015 -1.3540089301628 10.0812124903468 -2.22467578885032 -7.7297474475394 -7.7548937111522
0.63632415288844 -1.36269855687956 10.0822385596145 -2.20940877745478 -7.72070463527568 -7.740265942648
0.632121752670697 -1.37135716330195 10.0832285416756 -2.19425505017784 -7.71171885103052 -7.72562817909981
0.627939979050577 -1.3799839737849 10.0841806406063 -2.17921426604019 -7.70279099716188 -7.71098160311734
0.623778797684707 -1.38857820248105 10.0850930327915 -2.16428606432215 -7.69392197196401 -7.69632739577869
0.619638172617737 -1.39713905347345 10.0859638672287 -2.14947006433532 -7.68511266908426 -7.68166673608203
0.615518066284017 -1.40566572091691 10.0867912658521 -2.13476586519805 -7.67636397692891 -7.66700080038945
0.611418439509743 -1.41415738918806 10.087573323879 -2.12017304561482 -7.66767677805815 -7.6523307618633
0.607339251515586 -1.42261323304427 10.0883081101778 -2.10569116365976 -7.65905194857036 -7.63765778989519
0.603280459919777 -1.43103241779142 10.0889936676573 -2.09131975656446 -7.65049035747565 -7.62298304952794
0.599242020741655 -1.43941409946084 10.0896280136791 -2.07705834051087 -7.64199286605898 -7.60830770087017
0.595223888405572 -1.4477574249955 10.0902091404909 -2.06290641043133 -7.633560327232 -7.59363289850096
0.591226015744977 -1.45606153244592 10.0907350156832 -2.04886343982046 -7.62519358487277 -7.57895979085945
0.587248354006547 -1.46432555117628 10.0912035826687 -2.03492888056138 -7.61689347315238 -7.56428951961594
0.583290852854391 -1.47254860208048 10.0916127611834 -2.02110216276518 -7.60866081584927 -7.54962321902678
0.579353460374515 -1.48072979780808 10.0919604478119 -2.00738269461946 -7.60049642565263 -7.53496201527885
0.575436123079672 -1.4888682429998 10.0922445165344 -1.99376986224353 -7.59240110345621 -7.52030702582792
0.571538785914657 -1.49696303453247 10.0924628192978 -1.98026302954975 -7.58437563764294 -7.50565935873227
0.567661392262037 -1.50501326177357 10.0926131866093 -1.96686153811099 -7.57642080336072 -7.4910201119822
0.563803883948329 -1.51301800684535 10.0926934281536 -1.95356470703459 -7.56853736178959 -7.47639037282577
0.559966201250614 -1.52097634489856 10.0927013334336 -1.94037183284298 -7.56072605940061 -7.46177121709123
0.556148282903593 -1.52888734439572 10.0926346724335 -1.92728218936126 -7.55298762720664 -7.44716370850645
0.552350066107084 -1.53675006740419 10.0924911963063 -1.91429502761196 -7.54532278000546 -7.43256889801583
0.548571486533957 -1.54456356989871 10.0922686380844 -1.90140957571725 -7.53773221561542 -7.41798782309522
0.544812478338516 -1.55232690207373 10.0919647134129 -1.88862503880887 -7.53021661410401 -7.40342150706504
0.541072974165317 -1.56003910866522 10.091577121307 -1.87594059894607 -7.52277663700964 -7.38887095840237
0.537352905158441 -1.56769922928225 10.0911035449323 -1.86335541504186 -7.51541292655713 -7.37433717005223
0.533652200971206 -1.575306298748 10.0905416524083 -1.85086862279773 -7.50812610486706 -7.35982111873874
0.529970789776332 -1.5828593474504 10.089889097635 -1.8384793346473 -7.50091677315957 -7.34532376427646
0.526308598276558 -1.59035740170222 10.0891435211423 -1.82618663970911 -7.4937855109529 -7.33084604888262
0.522665551715718 -1.5977994841106 10.0883025509622 -1.81398960374885 -7.48673287525714 -7.31638889649062
0.519041573890277 -1.60518461395596 10.0873638035242 -1.80188726915131 -7.47975939976359 -7.30195321206544
0.515436587161323 -1.61251180758019 10.0863248845724 -1.78987865490243 -7.47286559403021 -7.28753988092143
0.511850512467039 -1.61978007878397 10.0851833901054 -1.77796275658175 -7.46605194266361 -7.27314976804318
0.50828326933564 -1.62698843923334 10.0839369073375 -1.76613854636552 -7.45931890449805 -7.25878371740986
0.50473477589879 -1.63413589887509 10.0825830156829 -1.75440497304084 -7.45266691177198 -7.24444255132384
0.501204948905509 -1.64122146636112 10.0811192877598 -1.74276096203117 -7.44609636930258 -7.23012706974409
0.497693703736557 -1.64824414948151 10.0795432904169 -1.7312054154335 -7.43960765365894 -7.21583804962494
0.494200954419326 -1.65520295560614 10.0778525857799 -1.71973721206756 -7.43320111233426 -7.201576244261
0.490726613643229 -1.66209689213482 10.076044732319 -1.70835520753739 -7.42687706291778 -7.18734238263874
0.487270592775596 -1.66892496695562 10.0741172859362 -1.69705823430558 -7.42063579226695 -7.17313716879552
0.483832801878088 -1.67568618891129 10.0720678010719 -1.6858451017806 -7.41447755568043 -7.15896128118668
0.480413149723637 -1.68237956827359 10.0698938318311 -1.67471459641752 -7.40840257607264 -7.14481537206145
0.477011543813912 -1.6890041172253 10.067592933128 -1.66366548183243 -7.40241104315023 -7.13070006684833
0.473627890397327 -1.69555885034968 10.0651626618491 -1.65269649893105 -7.39650311259148 -7.11661596355078
0.470262094487593 -1.70204278512714 10.0626005780333 -1.64180636605176 -7.39067890522898 -7.10256363215385
0.466914059882833 -1.70845494243898 10.0599042460695 -1.63099377912339 -7.3849385062364 -7.08854361404261
0.463583689185247 -1.71479434707771 10.0570712359104 -1.62025741183833 -7.37928196432012 -7.0745564214331
0.460270883821364 -1.72106002826394 10.0540991243021 -1.60959591584107 -7.37370929091623 -7.06060253681666
0.45697554406287 -1.72725102016937 10.050985496029 -1.59900792093267 -7.3682204593939 -7.04668241241834
0.453697569048009 -1.73336636244569 10.0477279451724 -1.58849203529201 -7.36281540426544 -7.03279646967074
0.450436856803518 -1.73940510075914 10.0443240763836 -1.57804684571611 -7.3574940204035 -7.01894509870614
0.447193304266963 -1.74536628733074 10.0407715061692 -1.56767091788393 -7.35225616226472 -7.00512865787126
0.443966807309445 -1.75124898148203 10.0370678641884 -1.55736279664597 -7.34710164312037 -6.99134747326779
0.44075726075873 -1.75705225018559 10.033210794562 -1.54712100633803 -7.34203023429503 -6.97760183831732
0.437564558422947 -1.76277516861997 10.029197957191 -1.53694405111562 -7.33704166441562 -6.96389201334814
0.43438859311492 -1.76841682072829 10.0250270290848 -1.52683041530723 -7.33213561867209 -6.95021822520262
0.431229256677164 -1.77397629978015 10.020695705698 -1.51677856378652 -7.32731173809077 -6.9365806668659
0.428086440007548 -1.77945270893641 10.016201702274 -1.50678694236365 -7.32256961882128 -6.92297949711666
0.424960033085642 -1.78484516181636 10.0115427551953 -1.49685397819623 -7.31790881143802 -6.90941484020106
0.421849924999758 -1.79015278306683 10.0067166233388 -1.48697808022021 -7.31332882025688 -6.8958867855308
0.41875600397469 -1.79537470893285 10.0017210894351 -1.47715763960102 -7.30882910266846 -6.88239538740622
0.415678157400172 -1.80051008782916 9.99655396143086 -1.46739103020542 -7.3044090684884 -6.86894066476565
0.412616271860054 -1.80555808091228 9.99121307385279 -1.4576766090943 -7.30006807932605 -6.8555226009618
0.40957023316222 -1.81051786265241 9.98569628917184 -1.44801271703694 -7.29580544797234 -6.8421411435664
0.406539926369252 -1.81538862140475 9.98000149916672 -1.43839767904687 -7.29162043780787 -6.82879620420411
0.403525235829838 -1.82016955997963 9.97412662628507 -1.42882980493983 -7.28751226223219 -6.81548765841674
0.400526045210966 -1.82485989621076 9.96806962500098 -1.41930738991419 -7.28348008411545 -6.80221534555893
0.397542237530881 -1.82945886352115 9.96182848316747 -1.40982871515401 -7.27952301527326 -6.78897906872629
0.394573695192837 -1.83396571148598 9.9554012233624 -1.4003920484552 -7.27564011596598 -6.77577859471728
0.391620300019644 -1.83837970639178 9.94878590422628 -1.39099564487513 -7.27183039442343 -6.76261365402982
0.388681933289029 -1.84270013179129 9.94198062179044 -1.38163774740589 -7.26809280639615 -6.74948394089384
0.38575847576981 -1.84692628905321 9.93498351079396 -1.37231658767162 -7.26442625473432 -6.73638911334093
0.382849807758904 -1.85105749790635 9.92779274598752 -1.36303038665014 -7.26082958899539 -6.72332879331227
0.379955809119171 -1.85509309697717 9.92040654342279 -1.35377735541932 -7.25730160508167 -6.71030256680602
0.377076359318111 -1.85903244432022 9.91282316172516 -1.34455569592829 -7.25384104490893 -6.69730998406537
0.374211337467409 -1.86287491794055 9.90504090334847 -1.33536360179396 -7.25044659610721 -6.6843505598085
0.371360622363366 -1.86661991630739 9.8970581158094 -1.32619925912303 -7.247116891755 -6.67142377350164
0.368524092528185 -1.87026685885822 9.88887319290005 -1.31706084735976 -7.243850510148 -6.65852906967651
0.365701626252159 -1.87381518649251 9.88048457587641 -1.30794654015988 -7.24064597460365 -6.64566585829335
0.362893101636746 -1.87726436205415 9.87189075462088 -1.29885450629076 -7.23750175330262 -6.63283351515091
0.360098396638545 -1.8806138708018 9.86309026877678 -1.28978291055809 -7.23441625916847 -6.62003138234455
0.35731738911419 -1.88386322086625 9.85408170885261 -1.28072991475949 -7.23138784978683 -6.60725876877386
0.354549956866151 -1.88701194369379 9.84486371729402 -1.27169367866507 -7.2284148273652 -6.59451495070102
0.351795977689472 -1.89005959447486 9.83543498952125 -1.2626723610252 -7.22549543873466 -6.58179917236133
0.349055329419429 -1.89300575255674 9.82579427492968 -1.25366412060583 -7.22262787539486 -6.56911064662707
0.34632788998014 -1.89585002183956 9.81594037785129 -1.24466711725144 -7.21981027360344 -6.55644855572624
0.343613537434115 -1.89859203115451 9.80587215847453 -1.23567951297586 -7.21704071451123 -6.54381205201725
0.340912150032771 -1.9012314346232 9.79558853372033 -1.22669947308149 -7.21431722434447 -6.53120025882087
0.33822360626792 -1.90376791199722 9.78508847807155 -1.21772516730696 -7.2116377746355 -6.51861227131064
0.335547784924243 -1.90620116897679 9.77437102435354 -1.20875477100373 -7.20900028250302 -6.50604715746311
0.332884565132745 -1.90853093750736 9.76343526446309 -1.19978646634162 -7.20640261098336 -6.49350395906903
0.330233826425211 -1.91075697605315 9.75228035004314 -1.19081844354365 -7.2038425694141 -6.48098169280693
0.327595448789588 -1.91287906984671 9.74090549310061 -1.18184890215043 -7.20131791387103 -6.46847935137942
0.324969312726114 -1.91489703111381 9.72930996656455 -1.17287605231387 -7.19882634765915 -6.45599590471152
0.322355299303754 -1.91681069927367 9.71749310478171 -1.16389811611915 -7.19636552185779 -6.44353030120933
0.31975329021645 -1.91861994111454 9.70545430394688 -1.15491332893289 -7.19393303591923 -6.43108146907597
0.317163167838868 -1.92032465094433 9.69319302246486 -1.14591994077552 -7.1915264383208 -6.41864831768193
0.314584815281648 -1.92192475071498 9.68070878124126 -1.13691621771495 -7.18914322727074 -6.40622973898622
0.312018116446463 -1.92342019011828 9.66800116389955 -1.12790044327901 -7.18678085146952 -6.39382460900459
0.309462956081213 -1.92481094665053 9.65506981692305 -1.11887091988289 -7.18443671092904 -6.38143178932065
0.306919219835561 -1.92609702564444 9.6419144497228 -1.10982597026767 -7.18210815785338 -6.36905012863469
0.304386794316863 -1.9272784602679 9.62853483463413 -1.10076393894554 -7.17979249758393 -6.35667846434509
0.301865567146387 -1.92835531149098 9.61493080684595 -1.09168319364719 -7.17748698961193 -6.34431562415688
0.299355427015661 -1.92932766802232 9.60110226426701 -1.08258212676696 -7.17518884866013 -6.33196042771225
0.296856263742741 -1.93019564621652 9.58704916733277 -1.07345915680148 -7.17289524583479 -6.31961168823767
0.294367968328239 -1.93095938995375 9.57277153875657 -1.06431272977765 -7.17060330984857 -6.30726821420285
0.291890433010915 -1.93161907049288 9.55826946322813 -1.05514132066589 -7.16831012831425 -6.29492881098638
0.289423551322666 -1.93217488629921 9.54354308706233 -1.04594343477494 -7.16601274910889 -6.28259228254382
0.286967218142732 -1.93262706284806 9.52859261780137 -1.03671760912459 -7.16370818180729 -6.27025743307346
0.284521329750954 -1.93297585240527 9.51341832377265 -1.0274624137929 -7.16139339918372 -6.25792306867576
0.282085783879943 -1.93322153378566 9.49802053360527 -1.01817645323459 -7.15906533878025 -6.24558799900227
0.279660479766014 -1.93336441209072 9.48239963570755 -1.00885836756783 -7.15672090453975 -6.23325103889048
0.277245318198774 -1.93340481842619 9.46655607770785 -0.999506833826338 -7.15435696850173 -6.22091100998076
0.274840201569252 -1.93334310960101 9.4504903658611 -0.990120567174396 -7.1519703725585 -6.20856674231227
0.272445033916484 -1.93317966780824 9.43420306442306 -0.98069832208231 -7.14955793026948 -6.1962170758946
0.270059720972476 -1.93291490028919 9.41769479499452 -0.97123889346015 -7.14711642873084 -6.18386086225229
0.267684170205482 -1.93254923898167 9.40096623583712 -0.961741117747751 -7.14464263049811 -6.17149696593947
0.265318290861511 -1.93208314015318 9.38401812116301 -0.952203873959157 -7.14213327555875 -6.15912426602217
0.262961994004012 -1.93151708402012 9.36685124039986 -0.942626084679815 -7.13958508335198 -6.14674165752581
0.260615192551652 -1.93085157435363 9.34946643743303 -0.933006717015031 -7.13699475483301 -6.13434805284582
0.258277801314156 -1.93008713807321 9.3318646098266 -0.923344783488311 -7.13435897457868 -6.12194238311931
0.255949737026148 -1.92922432482861 9.3140467080247 -0.913639342888378 -7.13167441293158 -6.10952359955595
0.253630918378951 -1.92826370657109 9.29601373453476 -0.90388950106379 -7.12893772817964 -6.09709067472629
0.251321266050317 -1.92720587711453 9.27776674309404 -0.894094411664211 -7.12614556876819 -6.08464260380607
0.24902070273206 -1.92605145168741 9.25930683782083 -0.884253276827511 -7.1232945755415 -6.07217840577493
0.246729153155573 -1.92480106647615 9.24063517235166 -0.87436534781201 -7.12038138401065 -6.05969712456837
0.244446544115227 -1.92345537816067 9.22175294896578 -0.864429925573255 -7.11740262664484 -6.04719783018169
0.24217280448963 -1.92201506344272 9.20266141769811 -0.854446361284883 -7.11435493518302 -6.03467961972489
0.239907865260707 -1.9204808185677 9.18336187544173 -0.844414056803179 -7.11123494296289 -6.02214161842762
0.237651659530564 -1.9188533588406 9.16385566504118 -0.83433246507506 -7.10803928726412 -6.00958298059326
0.235404122536078 -1.91713341813658 9.14414417437747 -0.82420109048933 -7.10476461166295 -5.99700289050152
0.233165191661185 -1.91532174840685 9.12422883544585 -0.814019489171103 -7.10140756839511 -5.98440056325887
0.230934806446849 -1.91341911918041 9.10411112342725 -0.803787269219432 -7.09796482072404 -5.97177524559636
0.22871290859871 -1.91142631706225 9.08379255575434 -0.793504090888238 -7.09443304531153 -5.95912621661434
0.226499441992442 -1.90934414522843 9.06327469117296 -0.783169666710711 -7.09080893458783 -5.94645278847383
0.224294352676811 -1.90717342291869 9.04255912879986 -0.772783761567476 -7.0870891991183 -5.93375430703427
0.222097588874475 -1.90491498492708 9.02164750717728 -0.762346192698847 -7.08327056996378 -5.92103015243756
0.219909100980521 -1.90256968109098 9.0005415033254 -0.751856829661598 -7.07934980103181 -5.9082797396383
0.217728841558775 -1.9001383757791 8.97924283179303 -0.741315594230748 -7.07532367141594 -5.89550251888026
0.215556765335898 -1.89762194737883 8.95775324370739 -0.730722460246907 -7.0711889877203 -5.88269797611929
0.213392829193299 -1.89502128778342 8.93607452582345 -0.72007745340984 -7.06694258636682 -5.86986563339266
0.211236992156889 -1.89233730187938 8.91420849957348 -0.70938065101892 -7.06258133588226 -5.85700504913533
0.209089215384732 -1.88957090703442 8.89215702011725 -0.698632181661261 -7.05810213916262 -5.84411581844337
0.20694946215264 -1.88672303258638 8.86992197539354 -0.687832224848336 -7.05350193571202 -5.83119757328492
0.204817697837752 -1.88379461933342 8.84750528517326 -0.676981010601991 -7.0487777038539 -5.81824998265931
0.202693889900168 -1.88078661902573 8.82490890011483 -0.666078818990787 -7.04392646291161 -5.80527275270474
0.200578007862648 -1.8776999938592 8.80213480082207 -0.655125979617691 -7.0389452753563 -5.79226562675532
0.198470023288453 -1.87453571597125 8.77918499690501 -0.644122871060163 -7.0338312489194 -5.77922838534802
0.196369909757351 -1.8712947669391 8.75606152604413 -0.63306992026377 -7.02858153866764 -5.76616084618038
0.19427764283984 -1.86797813728084 8.73276645305814 -0.621967601890473 -7.02319334903805 -5.75306286401966
0.19219320006964 -1.86458682595942 8.70930186897563 -0.610816437622818 -7.01766393583086 -5.73993433056456
0.190116560914481 -1.86112183989003 8.68566989011099 -0.599616995425267 -7.01199060815812 -5.7267751742601
0.188047706745263 -1.85758419345092 8.66187265714459 -0.588369888763987 -7.00617073034588 -5.71358536006693
0.185986620803606 -1.85397490799803 8.63791233420759 -0.577075775786441 -7.00020172378786 -5.70036488918598
0.18393328816787 -1.85029501138354 8.61379110797153 -0.565735358462164 -6.99408106874878 -5.68711379873943
0.181887695717693 -1.84654553747866 8.58951118674277 -0.554349381686175 -6.98780630611512 -5.67383216140947
0.179849832097097 -1.84272752570076 8.56507479956206 -0.542918632346492 -6.98137503909185 -5.66052008503564
0.177819687676242 -1.83884202054499 8.54048419530932 -0.53144393835728 -6.974784934843 -5.64717771217234
0.175797254511873 -1.83489007112061 8.51574164181378 -0.519926167659182 -6.96803372607459 -5.63380521960759
0.17378252630654 -1.8308727306922 8.49084942496952 -0.50836622718841 -6.96111921255817 -5.6204028178445
0.171775498366633 -1.82679105622579 8.46580984785663 -0.496765061816232 -6.95403926259346 -5.60697075054666
0.169776167559327 -1.82264610794014 8.44062522986787 -0.485123653260486 -6.94679181440862 -5.59350929394911
0.167784532268477 -1.81843894886328 8.41529790584113 -0.473443018970814 -6.9393748774968 -5.5800187562361
0.165800592349549 -1.81417064439437 8.38983022519747 -0.461724210989297 -6.93178653388752 -5.56649947688727
0.163824349083652 -1.80984226187108 8.3642245510851 -0.449968314788237 -6.92402493935194 -5.55295182599372
0.161855805130729 -1.80545487014255 8.33848325952898 -0.438176448086803 -6.91608832454057 -5.5393762035455
0.159894964482005 -1.80100953914795 8.31260873858641 -0.426349759648311 -6.90797499605271 -5.52577303869214
0.157941832411727 -1.79650733950096 8.2866033875083 -0.414489428059906 -6.89968333743643 -5.51214278897776
0.155996415428308 -1.79194934208001 8.26046961590638 -0.402596660496427 -6.89121181011844 -5.49848593955235
0.154058721224912 -1.78733661762448 8.23420984292625 -0.390672691470248 -6.88255895426304 -5.48480300236097
0.152128758629584 -1.78267023633699 8.20782649642628 -0.378718781568883 -6.87372338955947 -5.47109451531241
0.150206537554978 -1.77795126749175 8.18132201216242 -0.366736216182159 -6.86470381593728 -5.45736104142898
0.148292068947766 -1.77318077904909 8.15469883297885 -0.354726304220752 -6.85549901420912 -5.44360316797912
0.146385364737809 -1.76835983727626 8.1279594080046 -0.342690376827877 -6.84610784664079 -5.42982150559454
0.144486437787155 -1.76348950637447 8.10110619185609 -0.330629786085924 -6.8365292574483 -5.41601668737344
0.142595301838963 -1.75857084811234 8.07414164384564 -0.318545903719844 -6.82676227322181 -5.40218936797171
0.140711971466414 -1.75360492146563 8.04706822719617 -0.306440119799051 -6.81680600327659 -5.38834022268361
0.138836462021699 -1.74859278226345 8.01988840826196 -0.29431384143959 -6.8066596399311 -5.37446994651366
0.136968789585155 -1.7435354828409 7.99260465575568 -0.282168491508273 -6.79632245871238 -5.36057925324146
0.135108970914613 -1.73843407169821 7.9652194399816 -0.270005507330442 -6.78579381848926 -5.34666887448087
0.133257023395025 -1.73328959316655 7.93773523207521 -0.25782633940298 -6.77507316153364 -5.33273955873522
0.131412964988425 -1.72810308708052 7.91015450324907 -0.245632450114111 -6.76416001351057 -5.31879207045006
0.129576814184278 -1.72287558845748 7.88247972404506 -0.233425312471507 -6.75305398339757 -5.30482718906487
0.127748589950292 -1.71760812718388 7.8547133635931 -0.221206408840182 -6.74175476333404 -5.29084570806515
0.125928311683744 -1.71230172770846 7.8268578888764 -0.208977229691673 -6.73026212840163 -5.27684843403653
0.124115999163392 -1.70695740874257 7.79891576400342 -0.196739272365916 -6.71857593633661 -5.26283618572206
0.122311672502034 -1.70157618296746 7.77088944948676 -0.184494039847207 -6.70669612717515 -5.24880979308436
0.120515352099766 -1.69615905674871 7.74278140152904 -0.172243039555569 -6.69462272283297 -5.23477009637366
0.11872705859801 -1.69070702985774 7.71459407131604 -0.159987782154795 -6.68235582662037 -5.22071794520329
0.116946812834374 -1.68522109520048 7.68632990431741 -0.147729780378391 -6.66989562269424 -5.20665419763366
0.115174635798381 -1.67970223855319 7.657991339595 -0.135470547874565 -6.65724237544836 -5.19257971926606
0.113410548588126 -1.67415143830552 7.62958080911941 -0.123211598071377 -6.64439642884368 -5.17849538234738
0.111654572367871 -1.66856966521094 7.60110073709484 -0.110954443063073 -6.63135820568006 -5.16440206488679
0.109906728326611 -1.66295788214461 7.57255353929288 -0.0987005925185596 -6.61812820681121 -5.15030064978553
0.108167037637678 -1.65731704386873 7.54394162239543 -0.0864515526129102 -6.60470701030471 -5.13619202398055
0.106435521419454 -1.65164809680558 7.51526738334718 -0.0742088249826805 -6.59109527054867 -5.12207707760316
0.10471220069729 -1.64595197881809 7.48653320871792 -0.061973905705771 -6.57729371730714 -5.10795670315316
0.102997096366657 -1.64022961899808 7.4577414740751 -0.0497482843064843 -6.563303154726 -5.09383179468951
0.101290229157538 -1.63448193746213 7.4288945433668 -0.0375334427863543 -6.54912446029136 -5.07970324703798
0.0995916195999991 -1.62870984515514 7.39999476831546 -0.0253308546812373 -6.53475858374231 -5.06557195501648
0.0979012879909087 -1.62291424366149 7.37104448782254 -0.0131419841450862 -6.52020654594008 -5.05143881267852
0.0962192543617789 -1.61709602502385 7.34204602738433 -0.000968285060789878 -6.50546943769537 -5.03730471257531
0.0945455384476303 -1.61125607156966 7.3130016985194 0.011188799821583 -6.49054841855614 -5.02317054503702
0.0928801596567679 -1.60539525574523 7.28391379820768 0.023327839718853 -6.47544471555772 -5.00903719747343
0.091223137041354 -1.59951443995752 7.2547846083419 0.0354474166208831 -6.46015962193721 -4.99490555369445
0.0895744892687407 -1.59361447642346 7.22561639519116 0.0475461260686483 -6.4446944958144 -4.98077649325076
0.0879342345935889 -1.58769620702698 7.19641140887732 0.0596225779041222 -6.42905075884106 -4.96665089079476
0.0863023908308228 -1.58176046318341 7.16717188286409 0.0716753969919411 -6.41322989482049 -4.95252961546208
0.0846789753294589 -1.57580806571147 7.13790003345916 0.0837032239128543 -6.39723344829944 -4.93841353027359
0.0830640049473183 -1.56983982471269 7.10859805932944 0.0957047156290045 -6.38106302313422 -4.9243034915583
0.0814574960266235 -1.56385653945818 7.07926814102969 0.107678546121132 -6.36472028103286 -4.91020034839681
0.079859464370507 -1.55785899828273 7.04991244054447 0.119623406997842 -6.34820694007522 -4.89610494208563
0.0782699252205148 -1.55184797848615 7.02053310084358 0.13153800807713 -6.33152477321286 -4.88201810562214
0.0766888932351699 -1.54582424624172 6.99113224545112 0.143421077940325 -6.31467560675042 -4.86794066321012
0.0751163824695402 -1.5397885565119 6.96171197802844 0.155271364458634 -6.29766131881048 -4.85387342978604
0.0735524063556782 -1.53374165297093 6.93227438197121 0.167087635292489 -6.28048383778376 -4.8398172105658
0.0719969776838547 -1.52768426793471 6.9028215200206 0.178868678363971 -6.26314514076623 -4.82577280061193
0.0704501085846263 -1.52161712229738 6.87335543388864 0.190613302302638 -6.2456472519849 -4.81174098442102
0.0689118105118525 -1.51554092547482 6.84387814389772 0.202320336865126 -6.22799224121386 -4.79772253553114
0.0673820942267258 -1.50945637535483 6.81439164863412 0.213988633328852 -6.21018222218209 -4.78371821614909
0.0658609697827323 -1.50336415825387 6.78489792461586 0.22561706486017 -6.19221935097478 -4.76972877679725
0.0643484465114231 -1.49726494888039 6.75539892597471 0.237204526857339 -6.17410582442963 -4.75575495597983
0.0628445330090287 -1.49115941030456 6.72589658415237 0.248749937268731 -6.15584387852957 -4.74179747986819
0.0613492371240406 -1.48504819393421 6.69639280761078 0.260252236886662 -6.13743578679339 -4.72785706200509
0.0598625659457563 -1.47893193949709 6.66688948155679 0.27171038961723 -6.11888385866591 -4.71393440302749
0.0583845257936674 -1.47281127502918 6.63738846768109 0.283123382726581 -6.10019043790886 -4.70003019040784
0.0569151222076349 -1.46668681686905 6.60789160391121 0.294490227064077 -6.08135790099391 -4.68614509821325
0.0554543599388994 -1.46055916965813 6.57840070417854 0.305809957262832 -6.06238865549905 -4.67227978688245
0.0540022429419574 -1.45442892634656 6.54891755819926 0.31708163191809 -6.04328513850955 -4.65843490302008
0.0525587743672805 -1.44829666820479 6.51944393126905 0.32830433374387 -6.02404981502479 -4.64461107920807
0.0511239565548392 -1.44216296484059 6.48998156407169 0.339477169708361 -6.00468517637222 -4.63080893383373
0.0496977910284101 -1.43602837422152 6.46053217250132 0.350599271148516 -5.98519373862945 -4.61702907093437
0.0482802784906541 -1.42989344270269 6.43109744749841 0.361669793864328 -5.96557804105574 -4.6032720800579
0.0468714188189543 -1.4237587050596 6.40167905489925 0.372687918193254 -5.94584064453387 -4.58953853613931
0.0454712110619967 -1.41762468452616 6.37227863529894 0.383652849065268 -5.92598413002357 -4.57582899939253
0.0440796534370772 -1.41149189283754 6.34289780392777 0.394563816039028 -5.90601109702727 -4.56214401521744
0.0426967433281153 -1.40536083027796 6.31353815054086 0.405420073319617 -5.88592416206946 -4.54848411412155
0.0413224772843557 -1.39923198573308 6.28420123932091 0.416220899758377 -5.86572595719033 -4.53484981165621
0.039956851019742 -1.39310583674705 6.25488860879408 0.426965598835274 -5.84541912845467 -4.52124160836682
0.0385998594129437 -1.38698284958402 6.2256017717587 0.437653498624321 -5.82500633447696 -4.50765998975677
0.0372514965080188 -1.38086347929404 6.19634221522672 0.448283951742506 -5.80449024496334 -4.49410542626481
0.0359117555156949 -1.37474816978314 6.16711140037788 0.458856335282733 -5.78387353927132 -4.48057837325537
0.0345806288152494 -1.36863735388757 6.13791076252625 0.469370050731238 -5.763158904988 -4.46707927102167
0.0332581079569719 -1.36253145345206 6.10874171109918 0.479824523869972 -5.74234903652741 -4.45360854480106
0.0319441836651901 -1.35643087941196 6.07960562962829 0.490219204664415 -5.72144663374779 -4.44016660480242
0.0306388458418409 -1.35033603187909 6.0505038757526 0.500553567137305 -5.70045440058929 -4.42675384624521
0.0293420835705708 -1.34424730023134 6.02143778123335 0.510827109228748 -5.67937504373286 -4.41337064940981
0.0280538851213452 -1.33816506320574 5.99240865198052 0.521039352643179 -5.6582112712808 -4.40001737969879
0.0267742379555513 -1.33208968899494 5.96341776809085 0.531189842683635 -5.63696579145952 -4.3866943877089
0.025503128731578 -1.32602153534703 5.93446638389704 0.541278148073801 -5.6156413113451 -4.37340200931325
0.024240543310864 -1.31996094966852 5.90555572802818 0.551303860768283 -5.59424053561208 -4.36014056575349
0.0229864667644111 -1.3139082691304 5.87668700348101 0.56126659575156 -5.57276616530586 -4.34691036374164
0.0217408833797558 -1.30786382077713 5.84786138770202 0.571165990826042 -5.55122089663938 -4.33371169557122
0.0205037766683827 -1.30182792163857 5.81908003268012 0.581001706389695 -5.52960741981421 -4.32054483923736
0.0192751293735538 -1.29580087884461 5.79034406504974 0.590773425203646 -5.50792841786658 -4.3074100585656
0.0180549234785333 -1.28978298974245 5.76165458620404 0.60048085215023 -5.48618656553862 -4.29430760334902
0.0168431402151881 -1.28377454201639 5.73301267241821 0.610123713981872 -5.46438452817514 -4.28123770949343
0.0156397600729459 -1.27777581381009 5.7044193749825 0.619701759061264 -5.44252496064622 -4.26820059917026
0.0144447628080954 -1.27178707385113 5.67587572034483 0.629214757093213 -5.42061050629582 -4.25519648097686
0.0132581274534123 -1.26580858157769 5.64738271026278 0.638662498848617 -5.39864379591676 -4.24222555010393
0.0120798323280956 -1.25984058726744 5.61894132196463 0.648044795880924 -5.37662744675201 -4.22928798850971
0.010909855047999 -1.25388333216832 5.59055250831952 0.657361480235522 -5.35456406152283 -4.21638396510074
0.00974817253614169 -1.24793704863127 5.56221719801606 0.66661240415241 -5.33245622748352 -4.20351363591876
0.00859476103348371 -1.24200196024465 5.53393629574968 0.675797439762564 -5.31030651550324 -4.19067714433363
0.00744959610995154 -1.23607828197042 5.50571068241809 0.684916478778362 -5.28811747917469 -4.17787462124176
0.00631265267570008 -1.23016622028184 5.47754121532485 0.693969432178455 -5.26589165395009 -4.16510618527004
0.0051839049925987 -1.22426597330261 5.44942872839078 0.702956229887432 -5.24363155630409 -4.15237194298481
0.0040633266859286 -1.21837773094746 5.42137403237294 0.711876820450656 -5.221339682924 -4.13967198910556
0.00295089075627663 -1.21250167506394 5.39337791509104 0.720731170704616 -5.19901850992722 -4.12700640672333
0.00184656959161057 -1.20663797957538 5.36544114166104 0.729519265443136 -5.17667049210577 -4.11437526752329
0.000750334979522935 -1.20078681062501 5.33756445473559 0.738241107079794 -5.15429806219804 -4.10177863201139
-0.00033784188036746 -1.19494832672095 5.30974857475136 0.746896715306866 -5.13190363018769 -4.08921654974482
-0.00141799036386805 -1.1891226788822 5.28199420018273 0.755486126751137 -5.10948958262948 -4.07668905956595
-0.00249014040953152 -1.18331001078536 5.25430200780185 0.764009394626888 -5.08705828200222 -4.06419618983963
-0.00355432250585388 -1.17751045891211 5.22667265294479 0.772466588386371 -5.06461206608846 -4.05173795869348
-0.00461056767836406 -1.17172415269727 5.19910676978344 0.780857793368079 -5.04215324738095 -4.03931437426106
-0.00565890747661677 -1.16595121467743 5.1716049716032 0.789183110443111 -5.01968411251579 -4.02692543492763
-0.0066993739611001 -1.16019176064009 5.14416785108592 0.797442655659916 -4.99720692173193 -4.01457112957825
-0.00773199969006925 -1.15444589977302 5.11679598059822 0.805636559887702 -4.97472390835706 -4.0022514378481
-0.00875681770631691 -1.14871373481412 5.08948991248465 0.813764968458791 -4.95223727831952 -3.98996633037468
-0.00977386152389125 -1.1429953622013 5.06225017936576 0.821828040810188 -4.92974920968628 -3.97771576905184
-0.0107831651147716 -1.13729087222265 5.03507729444067 0.829825950124621 -4.90726185222644 -3.96549970728522
-0.0117847628955118 -1.13160034916655 5.00797175179403 0.837758882971316 -4.8847773270004 -3.95331809024915
-0.0127786897138617 -1.12592387147187 4.98093402670715 0.845627038946751 -4.86229772597417 -3.94117085514466
-0.0137649808353749 -1.12026151187803 4.95396457597302 0.853430630315633 -4.83982511165877 -3.92905793145837
-0.0147436719300136 -1.11461333757489 4.9270638382152 0.861169881652338 -4.8173615167743 -3.91697924122229
-0.0157147990587582 -1.10897941035242 4.90023223421016 0.868845029483026 -4.79490894393858 -3.9049346992741
-0.0166783986602314 -1.10335978675017 4.87347016721301 0.876456321928679 -4.77246936537997 -3.89292421351792
-0.0176345075373444 -1.09775451820621 4.84677802328639 0.884004018349249 -4.75004472267405 -3.88094768518528
-0.018583162843974 -1.09216365120582 4.82015617163233 0.891488388989149 -4.72763692650398 -3.86900500909626
-0.0195244020716777 -1.08658722742957 4.79360496492685 0.898909714624272 -4.70524785644416 -3.85709607392041
-0.0204582630364562 -1.08102528390092 4.76712473965718 0.906268286210739 -4.68287936076685 -3.84522076243762
-0.0213847838655676 -1.07547785313318 4.74071581646134 0.913564404535567 -4.66053325627144 -3.83337895179846
-0.0223040029844042 -1.06994496327587 4.71437850046995 0.920798379869432 -4.63821132813612 -3.82157051378411
-0.0232159591034345 -1.06442663826028 4.68811308165007 0.927970531621717 -4.61591532979146 -3.80979531506552
-0.0241206912052188 -1.05892289794428 4.66191983515089 0.935081187997992 -4.59364698281566 -3.7980532174618
-0.0250182385315008 -1.05343375825641 4.63579902165107 0.942130685660111 -4.57140797685106 -3.78634407819776
-0.0259086405703825 -1.04795923133891 4.60975088770759 0.949119369389075 -4.54919996954163 -3.7746677501602
-0.0267919370435865 -1.04249932569001 4.58377566610597 0.956047591750801 -4.52702458649093 -3.76302408215319
-0.0276681678938128 -1.03705404630514 4.5578735762116 0.962915712764959 -4.5048834212403 -3.75141291915191
-0.0285373732721948 -1.03162339481716 4.53204482432207 0.969724099577009 -4.48277803526685 -3.73983410255513
-0.0293995935258604 -1.02620736963555 4.50628960402034 0.976473126133561 -4.46070995800087 -3.72828747043611
-0.0302548691856035 -1.02080596608447 4.48060809652863 0.983163172861203 -4.43868068686221 -3.71677285779189
-0.0311032409536693 -1.01541917653968 4.45500047106269 0.989794626348901 -4.41669168731541 -3.70529009679073
-0.0319447496916599 -1.0100469905643 4.42946688518658 0.996367879034104 -4.39474439294296 -3.69383901701785
-0.0327794364085625 -1.00468939504333 4.40400748516755 1.00288332889264 -4.37284020553652 -3.68241944571908
-0.0336073422489063 -0.999346374316934 4.37862240633098 1.00934137913254 -4.35098049520546 -3.67103120804249
-0.03442850848105 -0.994017910312402 4.35331177341528 1.01574243789186 -4.32916660050256 -3.65967412727795
-0.0352429764856055 -0.988703982674809 4.3280757009265 1.02208691794059 -4.30739982856627 -3.64834802509442
-0.0360507877439999 -0.983404568896313 4.30291429349259 1.02837523638679 -4.28568145527921 -3.6370527217749
-0.0368519838271797 -0.978119644444061 4.27782764621707 1.03460781438698 -4.26401272544251 -3.62578803644907
-0.0376466063844612 -0.972849182886676 4.25281584503217 1.04078507686087 -4.24239485296552 -3.61455378732346
-0.038434697132528 -0.967593156019302 4.22787896705104 1.04690745221052 -4.22082902107056 -3.603349791909
-0.0392162978445807 -0.96235153398717 4.20301708091912 1.05297537204404 -4.19931638251222 -3.59217586724612
-0.0399914503396389 -0.957124285407669 4.17823024716443 1.05898927090377 -4.1778580598108 -3.58103183012703
-0.0407601964720008 -0.951911377490896 4.15351851854669 1.06494958599911 -4.15645514549953 -3.56991749731541
-0.0415225781208599 -0.946712776158651 4.12888194040515 1.07085675694406 -4.13510870238519 -3.5588326857632
-0.0422786371800825 -0.941528446161873 4.10432055100493 1.07671122549942 -4.11381976382149 -3.54777721282465
-0.0430284155481477 -0.936358351196488 4.07983438188191 1.08251343531975 -4.09258933399513 -3.53675089646738
-0.0437719551182504 -0.931202454017635 4.05542345818593 1.08826383170522 -4.07141838822386 -3.52575355548053
-0.0445092977685706 -0.926060716552286 4.03108779902217 1.0939628613582 -4.05030787326626 -3.51478500967997
-0.0452404853527092 -0.920933100010207 4.00682741779072 1.09961097214478 -4.02925870764274 -3.50384508011035
-0.0459655596902914 -0.915819564993266 3.98264232252412 1.10520861286117 -4.00827178196751 -3.49293358924421
-0.0466845625577386 -0.910720071603064 3.95853251622279 1.11075623300506 -3.98734795929087 -3.48205036117782
-0.0473975356792072 -0.905634579546879 3.93449799718832 1.11625428255187 -3.96648807545166 -3.47119522182396
-0.048104520717695 -0.900563048241906 3.91053875935437 1.12170321173604 -3.9456929394393 -3.4603679991015
-0.0488055592663159 -0.895505436917782 3.88665479261524 1.12710347083723 -3.92496333376508 -3.44956852312167
-0.0495006928397466 -0.890461704717392 3.86284608315191 1.13245550997154 -3.90430001484227 -3.43879662637116
-0.0501899628658444 -0.885431810795932 3.83911261375547 1.13775977888772 -3.88370371337472 -3.42805214389188
-0.0508734106774343 -0.880415714418241 3.81545436414793 1.14301672676837 -3.8631751347535 -3.41733491345743
-0.0515510775042651 -0.875413375054361 3.79187131130015 1.14822680203613 -3.84271495946112 -3.40664477574618
-0.0522230044651331 -0.870424752473358 3.76836342974701 1.15339045216492 -3.82232384348313 -3.3959815745111
-0.0528892325601777 -0.865449806835357 3.74493069189953 1.15850812349603 -3.80200241872652 -3.38534515674603
-0.0535498026633452 -0.860488498781819 3.72157306835399 1.16358026105937 -3.78175129344462 -3.37473537284874
-0.0542047555150229 -0.855540789524031 3.698290528198 1.16860730839948 -3.76157105266819 -3.36415207678044
-0.0548541317148436 -0.850606640929823 3.67508303931322 1.17358970740667 -3.74146225864214 -3.35359512622188
-0.0554979717146584 -0.845686015608489 3.65195056867494 1.17852789815298 -3.72142545126773 -3.34306438272605
-0.0561363158116784 -0.840778876993926 3.62889308264821 1.18342231873307 -3.70146114854967 -3.33255971186738
-0.056769204141786 -0.835885189425981 3.60591054728059 1.18827340510997 -3.68156984704791 -3.32208098338745
-0.057396676673012 -0.831004918230002 3.58300292859133 1.19308159096577 -3.66175202233369 -3.31162807133728
-0.0580187731991818 -0.826138029794599 3.56017019285706 1.19784730755702 -3.64200812944952 -3.30120085421609
-0.0586355333337271 -0.821284491647607 3.53741230689369 1.20257098357504 -3.62233860337267 -3.29079921510653
-0.0592469965036644 -0.816444272530254 3.51472923833477 1.2072530450109 -3.60274385948194 -3.28042304180654
-0.0598532019437379 -0.811617342469541 3.49212095590587 1.21189391502517 -3.58322429402722 -3.27007222695751
-0.0604541886907275 -0.806803672848817 3.46958742969524 1.21649401382241 -3.56378028460166 -3.25974666816913
-0.0610499955779195 -0.802003236476578 3.44712863142048 1.22105375853019 -3.54441219061594 -3.24944626814058
-0.0616406612297396 -0.797216007653456 3.42474453469126 1.22557356308286 -3.5251203537745 -3.23917093477831
-0.0622262240565473 -0.792441962237442 3.40243511526795 1.23005383810977 -3.50590509855318 -3.22892058131022
-0.06280672224959 -0.787681077707305 3.38020035131617 1.23449499082809 -3.48676673267819 -3.21869512639643
-0.0633821937761151 -0.782933333224239 3.35804022365715 1.23889742494008 -3.46770554760585 -3.20849449423643
-0.0639526763746401 -0.778198709691731 3.33595471601389 1.24326154053477 -3.44872181900301 -3.19831861467281
-0.0645182075503782 -0.773477189813645 3.31394381525298 1.24758773399407 -3.42981580722764 -3.18816742329143
-0.0650788245708189 -0.768768758150548 3.2920075116221 1.25187639790316 -3.41098775780949 -3.17804086151812
-0.0656345644614625 -0.764073401174259 3.27014579898313 1.25612792096515 -3.39223790193028 -3.16793887671187
-0.0661854640017065 -0.759391107320639 3.24835867504079 1.26034268792004 -3.37356645690341 -3.15786142225452
-0.066731559720883 -0.754721867040623 3.22664614156675 1.26452107946777 -3.35497362665258 -3.14780845763697
-0.0672728878944461 -0.750065672849497 3.20500820461919 1.2686634721954 -3.33645960218935 -3.13777994854191
-0.0678094845403071 -0.745422519374434 3.18344487475775 1.27277023850836 -3.31802456208916 -3.12777586692303
-0.0683413854153172 -0.740792403400279 3.16195616725378 1.27684174656573 -3.29966867296551 -3.11779619108086
-0.0688686260118968 -0.7361753239136 3.14054210229589 1.28087836021937 -3.28139208994225 -3.107840905735
-0.0693912415548096 -0.731571282145011 3.11920270519071 1.28488043895703 -3.26319495712346 -3.09791000209303
-0.0699092669980805 -0.726980281609755 3.09793800655878 1.28884833784923 -3.24507740806081 -3.08800347791585
-0.0704227370220533 -0.722402328146578 3.07674804252569 1.29278240749993 -3.2270395662181 -3.07812133757965
-0.07093168603059 -0.717837429954877 3.05563285490808 1.29668299400082 -3.20908154543272 -3.06826359213441
-0.0714361481484069 -0.713285597630141 3.03459249139489 1.30055043888939 -3.19120345037382 -3.05843025935898
-0.071936157218549 -0.708746844197686 3.01362700572341 1.30438507911044 -3.17340537699689 -3.04862136381269
-0.072431746799999 -0.704221185144691 2.99273645785037 1.30818724698118 -3.15568741299462 -3.03883693688359
-0.0729229501654217 -0.699708638450541 2.97192091411782 1.31195727015974 -3.13804963824363 -3.02907701683327
-0.0734098002990397 -0.695209224615482 2.95118044741393 1.3156954716171 -3.12049212524705 -3.01934164883829
-0.0738923298946414 -0.6907229666876 2.9305151373285 1.31940216961231 -3.10301493957262 -3.00963088502811
-0.0743705713537185 -0.686249890288116 2.9099250703033 1.32307767767097 -3.08561814028604 -2.99994478451979
-0.0748445567837325 -0.681790023635018 2.88941033977698 1.32672230456693 -3.06830178037947 -2.99028341344917
-0.0753143179965078 -0.677343397565026 2.86897104632479 1.33033635430709 -3.05106590719499 -2.98064684499876
-0.0757798865067507 -0.672910045553904 2.84860729779277 1.33392012611928 -3.03391056284262 -2.9710351594222
-0.0762412935306933 -0.668490003735111 2.82831920942655 1.33747391444312 -3.01683578461293 -2.96144844406538
-0.0766985699848604 -0.664083310916818 2.80810690399471 1.34099800892386 -2.99984160538398 -2.95188679338421
-0.077151746484958 -0.659690008597271 2.78797051190656 1.344492694409 -2.9829280540223 -2.942350308959
-0.0776008533448824 -0.655310140978528 2.76791017132436 1.34795825094785 -2.9660951557779 -2.93283909950556
-0.0780459205758496 -0.650943754978561 2.74792602826995 1.35139495379369 -2.94934293267292 -2.92335328088285
-0.0784869778856424 -0.646590900241735 2.72801823672572 1.35480307340871 -2.932671403884 -2.91389297609741
-0.0789240546779783 -0.642251629147671 2.70818695872982 1.35818287547151 -2.91608058611801 -2.90445831530436
-0.0793571800519959 -0.637925996818489 2.68843236446579 1.36153462088721 -2.89957049398099 -2.89504943580515
-0.0797863828018579 -0.633614061124453 2.66875463234621 1.36485856579993 -2.88314114034029 -2.8856664820419
-0.0802116914164692 -0.629315882687993 2.64915394909064 1.36815496160786 -2.86679253667956 -2.8763096055885
-0.0806331340793087 -0.625031524886149 2.62963050979771 1.37142405498052 -2.85052469344658 -2.86697896513833
-0.0810507386683769 -0.6207610538514 2.61018451801124 1.37466608787849 -2.83433762039376 -2.8576747264887
-0.0814645327562601 -0.616504538470918 2.59081618578042 1.37788129757521 -2.81823132691107 -2.84839706252196
-0.0818745436103069 -0.61226205038423 2.57152573371407 1.3810699166811 -2.8022058223514 -2.83914615318332
-0.0822807981929189 -0.608033663979295 2.55231339102876 1.38423217316973 -2.78626111634817 -2.82992218545531
-0.0826833231619521 -0.60381945638701 2.53317939559097 1.38736829040602 -2.77039721912503 -2.82072535332901
-0.0830821448712306 -0.599619507474136 2.51412399395306 1.39047848717651 -2.7546141417975 -2.81155585777189
-0.08347728937117 -0.595433899834657 2.49514744138315 1.39356297772154 -2.73891189666659 -2.8024139066924
-0.0838687824095112 -0.591262718779568 2.47625000188873 1.39662197176927 -2.72329049750406 -2.79329971490128
-0.0842566494321633 -0.587106052325107 2.45743194823414 1.39965567457158 -2.70774995982942 -2.78421350406945
-0.0846409155841532 -0.582963991179417 2.43869356195172 1.40266428694174 -2.6922903011784 -2.77515550268274
-0.0850216057106827 -0.578836628727661 2.42003513334667 1.40564800529371 -2.67691154136289 -2.7661259459932
-0.0853987443582921 -0.574724061015584 2.40145696149562 1.40860702168319 -2.66161370272226 -2.75712507596718
-0.0857723557761313 -0.570626386731521 2.38295935423872 1.41154152385024 -2.64639681036583 -2.74815314123009
-0.0861424639173385 -0.56654370718687 2.36454262816548 1.4144516952634 -2.63126089240661 -2.73921039700779
-0.0865090924405225 -0.562476126295011 2.34620710859398 1.41733771516538 -2.61620598018608 -2.73029710506479
-0.0868722647113497 -0.558423750548693 2.32795312954376 1.42019975862011 -2.60123210848989 -2.72141353363904
-0.0872320038042347 -0.554386688995879 2.30978103370211 1.42303799656127 -2.58633931575462 -2.71255995737346
-0.0875883325041364 -0.550365053214069 2.29169117238384 1.42585259584205 -2.57152764426528 -2.70373665724414
-0.0879412733084591 -0.546358957283082 2.27368390548448 1.42864371928633 -2.55679714034363 -2.69494392048525
-0.0882908484290567 -0.54236851775632 2.25575960142685 1.43141152574095 -2.54214785452726 -2.68618204051061
-0.0886370797943405 -0.538393853630506 2.23791863710103 1.43415617012928 -2.52757984173919 -2.67745131683196
-0.0889799890514866 -0.534435086313896 2.22016139779761 1.43687780350593 -2.51309316144826 -2.6687520549739
-0.0893195975687415 -0.530492339592978 2.20248827713428 1.43957657311245 -2.49868787781991 -2.66008456638555
-0.0896559264378241 -0.52656573959765 2.18489967697565 1.44225262243423 -2.4843640598575 -2.65144916834877
-0.0899889964764243 -0.522655414764883 2.16739600734635 1.44490609125833 -2.47012178153412 -2.6428461838832
-0.0903188282307976 -0.518761495800882 2.14997768633731 1.44753711573224 -2.45596112191475 -2.63427594164788
-0.0906454419784552 -0.514884115641727 2.13264514000529 1.45014582842364 -2.44188216526886 -2.62573877583954
-0.0909688577309505 -0.511023409412517 2.1153988022655 1.45273235838097 -2.42788500117326 -2.6172350260876
-0.0912890952367595 -0.50717951438501 2.09823911477742 1.4552968311949 -2.41396972460535 -2.60876503734583
-0.0916061739842576 -0.503352569933757 2.08116652682373 1.45783936906054 -2.40013643602663 -2.6003291597806
-0.0919201132047904 -0.499542717490749 2.06418149518235 1.46036009084044 -2.38638524145643 -2.59192774865592
-0.092230931875838 -0.495750100498562 2.04728448399154 1.46285911212829 -2.37271625253595 -2.58356116421502
-0.0925386487242748 -0.491974864362013 2.03047596460809 1.46533654531332 -2.35912958658246 -2.57522977155868
-0.092843282229721 -0.48821715639833 2.01375641545856 1.46779249964534 -2.34562536663386 -2.56693394052017
-0.0931448506279882 -0.484477125785838 1.99712632188356 1.47022708130033 -2.33220372148326 -2.55867404553691
-0.093443371914617 -0.480754923511164 1.98058617597504 1.47264039344673 -2.31886478570397 -2.55045046551871
-0.093738863848507 -0.477050702314964 1.96413647640664 1.47503253631211 -2.30560869966458 -2.54226358371275
-0.0940313439556385 -0.473364616636184 1.94777772825701 1.47740360725045 -2.2924356095343 -2.53411378756521
-0.0943208295328851 -0.469696822554844 1.93151044282615 1.47975370080989 -2.27934566727856 -2.52600146857959
-0.0946073376519177 -0.466047477733371 1.91533513744477 1.48208290880082 -2.26633903064483 -2.51792702217163
-0.0948908851631977 -0.462416741356466 1.89925233527662 1.48439132036451 -2.25341586313869 -2.50989084752103
-0.0951714887000615 -0.458804774069523 1.88326256511383 1.48667902204198 -2.24057633399022 -2.50189334741974
-0.0954491646828924 -0.455211737915598 1.86736636116531 1.48894609784334 -2.22782061811068 -2.49393492811706
-0.0957239293233831 -0.451637796270944 1.85156426283807 1.49119262931736 -2.21514889603953 -2.48601599916132
-0.0959957986288849 -0.448083113779109 1.83585681451162 1.49341869562136 -2.20256135388181 -2.47813697323841
-0.096264788406846 -0.444547856283606 1.82024456530544 1.49562437359136 -2.19005818323598 -2.47029826600687
-0.0965309142693355 -0.441032190759169 1.80472806883938 1.49780973781245 -2.17763958111211 -2.46250029592987
-0.0967941916376555 -0.437536285241597 1.78930788298725 1.49997486068938 -2.16530574984068 -2.45474348410379
-0.0970546357470446 -0.434060308756193 1.77398456962342 1.5021198125173 -2.15305689697184 -2.44702825408369
-0.0973122616514963 -0.430604431244814 1.75875869436249 1.50424466155274 -2.14089323516527 -2.43935503170543
-0.0975670842286925 -0.427168823491509 1.74363082629193 1.50634947408463 -2.12881498207056 -2.43172424490453
-0.0978191181849874 -0.423753657046668 1.72860153769762 1.50843431450553 -2.11682236019816 -2.42413632353177
-0.0980683780603646 -0.420359104149629 1.7136714037821 1.510499245383 -2.10491559678088 -2.41659169916536
-0.0983148782333708 -0.416985337649743 1.69884100237577 1.51254432753102 -2.09309492362596 -2.4090908049199
-0.0985586329260686 -0.41363253092593 1.68411091364101 1.51456962008152 -2.08136057695799 -2.40163407525203
-0.0987996562090041 -0.410300857804749 1.66948171976912 1.5165751805559 -2.06971279725247 -2.39422194576285
-0.0990379620061594 -0.406990492476966 1.65495400467044 1.51856106493669 -2.05815182906034 -2.38685485299712
-0.0992735640999067 -0.403701609412665 1.64052835365737 1.52052732773904 -2.04667792082342 -2.37953323423928
-0.0995064761359944 -0.400434383274908 1.6262053531206 1.5224740220823 -2.03529132468097 -2.37225752730633
-0.0997367116285513 -0.397188988831988 1.61198559019853 1.52440119976154 -2.02399229626728 -2.36502817033763
-0.0999642839650786 -0.393965600868237 1.59786965243984 1.5263089113189 -2.01278109450062 -2.35784560158155
-0.100189206411445 -0.390764394093445 1.58385812745948 1.52819720611496 -2.00165798136346 -2.35071025917914
-0.100411492116914 -0.387585543050911 1.56995160258796 1.53006613239993 -1.99062322167417 -2.34362258094479
-0.10063115411919 -0.38442922202415 1.55615066451422 1.53191573738471 -1.97967708285031 -2.33658300414395
-0.100848205349457 -0.381295604942243 1.54245589892192 1.53374606731181 -1.96881983466356 -2.3295919652679
-0.101062658637415 -0.378184865283879 1.52886789011948 1.53555716752606 -1.95805174898648 -2.32264989980569
-0.101274526716353 -0.375097175980122 1.51538722066383 1.53734908254512 -1.94737309953121 -2.31575724201326
-0.101483822228242 -0.37203270931591 1.50201447097797 1.53912185612987 -1.93678416158021 -2.30891442467982
-0.101690557728817 -0.368991636830317 1.48875021896249 1.54087553135439 -1.92628521170923 -2.30212187889151
-0.101894745692661 -0.365974129215587 1.47559503960119 1.54261015067585 -1.91587652750261 -2.29538003379236
-0.102096398518324 -0.362980356215005 1.46254950456078 1.54432575600402 -1.90555838726102 -2.28868931634279
-0.10229552853346 -0.360010486519618 1.44961418178498 1.54602238877056 -1.89533106970194 -2.28205015107547
-0.102492147999948 -0.35706468766381 1.43678963508294 1.54770008999797 -1.8851948536528 -2.27546295984876
-0.102686269119025 -0.354143125919795 1.42407642371226 1.54935890036819 -1.87515001773722 -2.26892816159778
-0.102877904036439 -0.351245966191055 1.41147510195676 1.55099886029091 -1.8651968400542 -2.26244617208316
-0.103067064847627 -0.348373371904756 1.39898621869899 1.5526200099715 -1.85533559785082 -2.25601740363754
-0.103253763602894 -0.345525504903189 1.38661031698786 1.55422238947855 -1.8455665671882 -2.24964226490994
-0.103438012312601 -0.342702525334251 1.37434793360135 1.55580603881102 -1.83589002260129 -2.243321160608
-0.103619822952385 -0.339904591541028 1.36219959860459 1.55737099796499 -1.82630623675236 -2.23705449123831
-0.10379920746839 -0.337131859950519 1.35016583490342 1.55891730699997 -1.81681548007866 -2.23084265284476
-0.103976177782503 -0.33438448496152 1.33824715779364 1.56044500610481 -1.80741802043418 -2.22468603674515
-0.104150745797569 -0.331662618831719 1.32644407450609 1.56195413566307 -1.79811412272592 -2.21858502926597
-0.104322923402643 -0.328966411564076 1.31475708374794 1.56344473631798 -1.78890404854485 -2.21254001147579
-0.104492722478292 -0.326296010792568 1.30318667524027 1.56491684903688 -1.77978805579183 -2.20655135891697
-0.104660154901997 -0.323651561667372 1.29173332925228 1.56637051517506 -1.77076639829855 -2.20061944133619
-0.104825232553608 -0.321033206739493 1.28039751613216 1.56780577653923 -1.76183932544398 -2.19474462241357
-0.104987967320791 -0.318441085844842 1.26917969583483 1.56922267545028 -1.75300708176611 -2.18892725949066
-0.105148371104436 -0.315875335987782 1.25808031744676 1.5706212548056 -1.74426990656958 -2.18316770329726
-0.105306455824054 -0.31333609122423 1.2470998187081 1.57200155814083 -1.73562803352924 -2.17746629767738
-0.105462233423172 -0.310823482544363 1.23623862553251 1.57336362969095 -1.72708169029002 -2.17182337931432
-0.105615715874726 -0.308337637755012 1.22549715152468 1.5747075144508 -1.71863109806323 -2.16623927745506
-0.105766915186465 -0.305878681361791 1.21487579749611 1.57603325823501 -1.7102764712197 -2.16071431363413
-0.105915843406342 -0.303446734451026 1.20437495097918 1.57734090773722 -1.70201801687993 -2.15524880139697
-0.106062512627903 -0.301041914571537 1.19399498573982 1.57863051058866 -1.6938559345015 -2.14984304602316
-0.106206934995659 -0.298664335616346 1.18373626128923 1.57990211541609 -1.68579041546412 -2.14449734424932
-0.106349122710451 -0.296314107704361 1.17359912239461 1.58115577189896 -1.67782164265244 -2.13921198399218
-0.106489088034781 -0.293991337062118 1.16358389858955 1.58239153082597 -1.66994979003708 -2.13398724407173
-0.106626843298125 -0.291696125905625 1.15369090368409 1.58360944415074 -1.66217502225401 -2.1288233939347
-0.106762400902211 -0.289428572322396 1.1439204352749 1.58480956504691 -1.65449749418272 -2.12372069337849
-0.10689577332626 -0.287188770153744 1.13427277425591 1.58599194796228 -1.64691735052336 -2.11867939227581
-0.107026973132185 -0.284976808877387 1.12474818432963 1.58715664867229 -1.63943472537324 -2.11369973030011
-0.107156012969741 -0.282792773490469 1.11534691151952 1.58830372433262 -1.63204974180297 -2.10878193665192
-0.107282905581623 -0.280636744393047 1.10606918368385 1.58943323353097 -1.62476251143258 -2.10392622978648
-0.107407663808503 -0.278508797272135 1.09691521003119 1.59054523633796 -1.61757313400791 -2.09913281714262
-0.107530300594005 -0.276409002986387 1.08788518063809 1.59163979435722 -1.61048169697766 -2.09440189487324
-0.107650828989604 -0.274337427451489 1.07897926596923 1.59271697077444 -1.60348827507142 -2.08973364757747
-0.107769262159451 -0.272294131526358 1.07019761640038 1.59377683040563 -1.59659292987893 -2.0851282480348
-0.107885613385117 -0.270279170900217 1.06154036174463 1.59481943974437 -1.58979570943115 -2.08058585694131
-0.107999896070241 -0.268292595980649 1.05300761078219 1.59584486700804 -1.58309664778317 -2.07610662264825
-0.108112123745087 -0.26633445178271 1.04459945079423 1.59685318218316 -1.57649576459972 -2.07169068090312
-0.108222310070998 -0.264404777819199 1.03631594710118 1.59784445706956 -1.56999306474322 -2.06733815459362
-0.108330468844745 -0.262503607992171 1.02815714260578 1.59881876532364 -1.56358853786513 -2.06304915349441
-0.108436614002754 -0.260630970485793 1.02012305734149 1.59977618250042 -1.55728215800074 -2.05882377401728
-0.108540759625226 -0.258786887660641 1.01221368802652 1.60071678609458 -1.55107388316788 -2.05466209896455
-0.108642919940115 -0.256971375949535 1.00442900762401 1.60164065558033 -1.5449636549699 -2.05056419728628
-0.108743109326988 -0.255184445755019 0.996768964908812 1.60254787245005 -1.53895139820338 -2.04653012384135
-0.108841342320736 -0.253426101348573 0.989233484041276 1.60343852025187 -1.53303702047096 -2.04255991916265
-0.108937633615148 -0.251696340771693 0.981822464148578 1.60431268462589 -1.5272204117996 -2.0386536092267
-0.109031998066333 -0.249995155738907 0.974535778913984 1.60517045333922 -1.52150144426489 -2.03481120522794
-0.109124450695985 -0.248322531542879 0.967373276174593 1.60601191631972 -1.51587997162162 -2.03103270335786
-0.109215006694489 -0.246678446961678 0.96033477752802 1.60683716568839 -1.51035582894121 -2.02731808458939
-0.109303681423861 -0.245062874168345 0.953420077948528 1.60764629579044 -1.5049288322563 -2.02366731446661
-0.109390490420518 -0.243475778642874 0.946628945413117 1.60843940322494 -1.49959877821304 -2.02008034290029
-0.109475449397873 -0.24191711908672 0.939961120538078 1.60921658687309 -1.49436544373151 -2.01655710396929
-0.109558574248745 -0.240386847339952 0.93341631622655 1.60997794792499 -1.48922858567469 -2.01309751572834
-0.109639881047599 -0.238884908301192 0.926994217327598 1.61072358990492 -1.48418794052647 -2.00970148002224
-0.109719386052576 -0.237411239850445 0.920694480307376 1.61145361869512 -1.47924322407913 -2.00636888230704
-0.109797105707359 -0.23596577277496 0.914516732932897 1.61216814255797 -1.47439413113085 -2.00309959147819
-0.109873056642815 -0.234548430698252 0.908460573969001 1.61286727215658 -1.4696403351936 -1.99989345970627
-0.109947255678468 -0.233159130012415 0.902525572889065 1.61355112057372 -1.46498148821204 -1.99675032228036
-0.110019719823747 -0.231797779813859 0.896711269600044 1.61421980332904 -1.46041722029376 -1.99366999745947
-0.110090466279044 -0.230464281842619 0.891017174182421 1.61487343839465 -1.45594713945152 -1.99065228633236
-0.110159512436562 -0.229158530425356 0.885442766645659 1.61551214620882 -1.45157083135786 -1.98769697268595
-0.110226875880955 -0.227880412422213 0.879987496699761 1.61613604968797 -1.44728785911268 -1.98480382288284
-0.110292574389756 -0.226629807177655 0.874650783543527 1.6167452742367 -1.4430977630242 -1.98197258574802
-0.110356625933589 -0.225406586475436 0.86943201567015 1.61733994775606 -1.43900006040395 -1.97920299246529
-0.110419048676168 -0.224210614497857 0.864330550690741 1.61792020064973 -1.43499424537618 -1.97649475648365
-0.110479860974078 -0.223041747789439 0.859345715176433 1.61848616582834 -1.43107978870229 -1.973847573434
-0.110539081376331 -0.221899835225181 0.854476804519686 1.61903797871169 -1.42725613762083 -1.97126112105644
-0.110596728623703 -0.220784717983547 0.849723082815435 1.61957577722893 -1.42352271570351 -1.96873505913867
-0.110652821647837 -0.219696229524328 0.845083782762733 1.62009970181661 -1.41987892272785 -1.96626902946556
-0.11070737957013 -0.218634195571548 0.840558105587528 1.62060989541456 -1.416324134567 -1.96386265578059
-0.110760421700376 -0.217598434101554 0.836145220987247 1.62110650345956 -1.4128577030972 -1.96151554375919
-0.110811967535183 -0.216588755336464 0.831844267097831 1.62158967387674 -1.40947895612351 -1.95922728099452
-0.110862036756148 -0.215604961743114 0.827654350483906 1.6220595570687 -1.40618719732439 -1.95699743699601
-0.110910649227797 -0.214646848037671 0.82357454615275 1.62251630590224 -1.40298170621556 -1.95482556320096
-0.110957824995279 -0.21371420119608 0.819603897592737 1.62296007569273 -1.3998617381338 -1.9527111929997
-0.111003584281815 -0.212806800470492 0.815741416836942 1.62339102418594 -1.39682652424126 -1.95065384177448
-0.111047947485899 -0.211924417411846 0.811986084552585 1.62380931153748 -1.39387527155077 -1.94865300695261
-0.111090935178249 -0.211066815898764 0.80833685015701 1.62421510028957 -1.39100716297277 -1.9467081680742
-0.111132568098499 -0.210233752172928 0.804792631960886 1.62460855534532 -1.38822135738444 -1.94481878687478
-0.111172867151636 -0.209424974881095 0.801352317339332 1.62498984394024 -1.38551698972159 -1.94298430738332
-0.111211853404179 -0.208640225123926 0.798014762931655 1.62535913561112 -1.3828931710938 -1.94120415603581
-0.111249548080084 -0.207879236511793 0.794778794870413 1.62571660216216 -1.38034898892357 -1.93947774180505
-0.111285972556391 -0.207141735227726 0.791643209040505 1.6260624176282 -1.37788350710985 -1.93780445634677
-0.111321148358594 -0.206427440097668 0.78860677136898 1.62639675823519 -1.37549576621671 -1.93618367416268
-0.111355097155742 -0.205736062668222 0.785668218146298 1.62671980235767 -1.37318478368757 -1.93461475278057
-0.111387840755251 -0.205067307292033 0.782826256379725 1.62703173047334 -1.37094955408568 -1.93309703295216
-0.111419401097452 -0.204420871220994 0.780079564179595 1.62733272511456 -1.3687890493614 -1.9316298388688
-0.111449800249834 -0.203796444707435 0.77742679117913 1.62762297081683 -1.36670221914686 -1.93021247839555
-0.111479060401013 -0.203193711113472 0.774866558988551 1.62790265406404 -1.36468799107848 -1.92884424332396
-0.111507203854405 -0.202612347028673 0.77239746168417 1.62817196323072 -1.3627452711482 -1.92752440964405
-0.111534253021601 -0.202052022396228 0.770018066333186 1.62843108852084 -1.36087294408362 -1.92625223783564
-0.111560230415443 -0.201512400647773 0.7677269135549 1.62868022190349 -1.359069873758 -1.92502697317965
-0.111585158642799 -0.200993138847049 0.765522518119041 1.62891955704516 -1.35733490363037 -1.92384784608963
-0.111609060397031 -0.200493887842566 0.763403369581932 1.62914928923858 -1.35566685721665 -1.92271407246391
-0.111631958450152 -0.20001429242943 0.761367932961188 1.62936961532822 -1.354064538592 -1.92162485405878
-0.111653875644668 -0.19955399152051 0.75941464944965 1.62958073363216 -1.3525267329253 -1.92057937888303
-0.111674834885107 -0.199112618327109 0.757541937169272 1.62978284386053 -1.3510522070461 -1.91957682161427
-0.111694859129217 -0.198689800549306 0.755748191965639 1.62997614703022 -1.3496397100447 -1.91861634403744
-0.111713971378852 -0.19828516057613 0.754031788243824 1.63016084537604 -1.34828797390596 -1.91769709550573
-0.111732194670519 -0.197898315695744 0.752391079846272 1.63033714225811 -1.34699571417723 -1.9168182134245
-0.111749552065597 -0.197528878315784 0.750824400973398 1.63050524206547 -1.34576163067123 -1.91597882375838
-0.111766066640222 -0.197176456194037 0.749330067147582 1.63066535011587 -1.34458440820415 -1.91517804156202
-0.111781761474825 -0.196840652679599 0.747906376221237 1.63081767255178 -1.34346271736969 -1.91441497153483
-0.111796659643336 -0.19652106696469 0.746551609429624 1.63096241623233 -1.34239521534953 -1.91368870860006
-0.111810784202036 -0.196217294347275 0.745264032489076 1.63109978862137 -1.34138054676077 -1.91299833850858
-0.111824158178061 -0.195928926504656 0.744041896741298 1.6312299976715 -1.34041734454088 -1.91234293846774
-0.111836804557547 -0.195655551778185 0.742883440344382 1.631353251704 -1.33950423087064 -1.91172157779561
-0.111848746273428 -0.195396755469248 0.741786889511204 1.63146975928462 -1.33863981813567 -1.91113331860101
-0.111860006192862 -0.195152120146693 0.74075045979581 1.63157972909522 -1.33782270992704 -1.91057721648962
-0.111870607104302 -0.194921225965826 0.739772357428455 1.63168336980119 -1.33705150208134 -1.91005232129655
-0.111880571704192 -0.194703650999143 0.738850780699886 1.63178088991456 -1.33632478376094 -1.90955767784562
-0.1118899225833 -0.19449897157893 0.737983921395498 1.63187249765283 -1.33564113857473 -1.90909232673585
-0.111898682212668 -0.194306762651896 0.737169966279953 1.63195840079337 -1.33499914573994 -1.90865530515524
-0.111906872929197 -0.194126598145953 0.736407098632872 1.6320388065235 -1.33439738128545 -1.90824564772241
-0.111914516920838 -0.193958051349305 0.735693499836154 1.63211392128601 -1.33383441929708 -1.90786238735626
-0.111921636211409 -0.193800695301971 0.735027351013517 1.63218395062025 -1.33330883320535 -1.90750455617391
-0.111928252645026 -0.193654103199887 0.734406834722805 1.63224909899859 -1.3328191971161 -1.90717118641743
-0.111934387870137 -0.193517848811695 0.733830136701614 1.63230956965839 -1.33236408718444 -1.90686131140943
-0.111940063323175 -0.193391506908384 0.733295447666765 1.63236556442923 -1.33194208303248 -1.90657396653794
-0.111945300211803 -0.193274653705868 0.732800965168154 1.63241728355554 -1.33155176921116 -1.90630819027077
-0.11195011949778 -0.193166867320657 0.732344895497478 1.63246492551447 -1.33119173670677 -1.90606302519973
-0.111954541879406 -0.193067728238715 0.731925455652333 1.63250868682905 -1.33086058449235 -1.90583751911481
-0.111958587773584 -0.192976819797638 0.731540875356171 1.63254876187645 -1.33055692112447 -1.90563072610881
-0.111962277297463 -0.192893728682254 0.731189399134567 1.6325853426916 -1.33027936638578 -1.90544170771238
-0.111965630249685 -0.192818045433756 0.730869288448259 1.63261861876571 -1.33002655297359 -1.90526953406003
-0.111968666091218 -0.192749364972473 0.730578823883381 1.63264877684009 -1.32979712823493 -1.90511328508704
-0.111971403925779 -0.192687287134381 0.730316307399322 1.63267600069491 -1.32958975594838 -1.90497205175773
-0.111973862479846 -0.192631417221449 0.730080064634597 1.63270047093307 -1.32940311815295 -1.90484493732517
-0.111976060082253 -0.192581366565915 0.729868447271122 1.63272236475898 -1.32923591702437 -1.90473105862258
-0.111978014643373 -0.192536753108572 0.729679835457263 1.63274185575245 -1.32908687679912 -1.90462954738661
-0.111979743633876 -0.192497201991169 0.729512640289987 1.63275911363741 -1.32895474574637 -1.90453955161271
-0.111981264063079 -0.192462346162978 0.729365306356478 1.63277430404558 -1.32883829818817 -1.90446023694275
-0.111982592456864 -0.192431827001634 0.729236314335497 1.63278758827507 -1.32873633656811 -1.90439078808498
-0.111983744835185 -0.192405294948289 0.729124183658795 1.63279912304381 -1.3286476935687 -1.90433041026668
-0.111984736689141 -0.192382410157169 0.729027475232846 1.63280906023787 -1.32857123427769 -1.90427833071942
-0.111985582957636 -0.192362843159587 0.728944794221157 1.63281754665457 -1.32850585840351 -1.90423380019724
-0.111986298003607 -0.192346275542461 0.728874792887377 1.6328247237404 -1.32845050253998 -1.90419609452776
-0.111986895589834 -0.19233240064141 0.728816173499422 1.63283072732381 -1.32840414248061 -1.90416451619641
-0.111987388854318 -0.192320924248446 0.728767691294809 1.63283568734265 -1.32836579558239 -1.90413839596385
-0.111987790285237 -0.192311565334331 0.728728157507364 1.63283972756652 -1.32833452317947 -1.90411709451661
-0.111988111695477 -0.192304056785614 0.728696442455438 1.63284296531374 -1.32830943304666 -1.90410000415119
-0.111988364196733 -0.192298146156392 0.728671478691781 1.63284551116317 -1.32828968191293 -1.9040865504915
-0.111988558173189 -0.192293596434818 0.728652264215153 1.6328474686607 -1.32827447802495 -1.9040761942398
-0.111988703254767 -0.192290186824365 0.728637865743756 1.63284893402052 -1.32826308376079 -1.90406843296121
