2.1871	0	3.6994	15.8	0	0
2.1871	1.98952E-13	3.699400528	15.80003016	0	0
2.1871	3.18179E-12	3.699402111	15.8001206	0	0
2.1871	1.61038E-11	3.699404748	15.80027133	0	0
2.1871	5.08824E-11	3.69940844	15.80048229	0	0
2.1871	1.24191E-10	3.699413186	15.80075348	0	0
2.1871	2.57454E-10	3.699418985	15.80108487	0	0
2.1871	4.76839E-10	3.699425837	15.80147643	0	0
2.1871	8.13248E-10	3.699433742	15.80192814	0	0
2.1871	1.30232E-09	3.699442699	15.80243997	0	0
2.1871	1.98441E-09	3.699452708	15.80301191	0	0
2.1871	2.9046E-09	3.699463769	15.80364392	0	0
2.1871	4.11268E-09	3.69947588	15.80433599	0	0
2.1871	5.66313E-09	3.699489041	15.80508809	0	0
2.1871	7.61517E-09	3.699503253	15.80590019	0	0
2.1871	1.00327E-08	3.699518515	15.80677227	0	0
2.1871	1.29842E-08	3.699534825	15.80770431	0	0
2.1871	1.6543E-08	3.699552185	15.80869628	0	0
2.1871	2.07871E-08	3.699570593	15.80974816	0	0
2.1871	2.57989E-08	3.699590049	15.81085992	0	0
2.1871	3.16658E-08	3.699610552	15.81203155	0	0
2.1871	3.84797E-08	3.699632103	15.81326301	0	0
2.1871	4.63372E-08	3.6996547	15.81455428	0	0
2.1871	5.53393E-08	3.699678343	15.81590534	0	0
2.1871	6.55921E-08	3.699703033	15.81731616	0	0
2.1871	7.72058E-08	3.699728768	15.81878672	0	0
2.1871	9.02958E-08	3.699755548	15.820317	0	0
2.1871	1.04981E-07	3.699783372	15.82190697	0	0
2.1871	1.21387E-07	3.699812241	15.82355661	0	0
2.1871	1.39642E-07	3.699842153	15.82526589	0	0
2.1871	1.5988E-07	3.699873109	15.82703479	0	0
2.1871	1.82238E-07	3.699905107	15.82886328	0	0
2.1871	2.0686E-07	3.699938148	15.83075134	0	0
2.1871	2.33892E-07	3.699972232	15.83269895	0	0
2.1871	2.63487E-07	3.700007356	15.83470608	0	0
2.1871	2.95801E-07	3.700043522	15.83677271	0	0
2.1871	3.30995E-07	3.700080729	15.83889882	0	0
2.1871	3.69234E-07	3.700118977	15.84108437	0	0
2.1871	4.10689E-07	3.700158264	15.84332935	0	0
2.1871	4.55533E-07	3.70019859	15.84563373	0	0
2.1871	5.03948E-07	3.700239956	15.84799749	0	0
2.1871	5.56115E-07	3.700282361	15.8504206	0	0
2.1871	6.12223E-07	3.700325803	15.85290305	0	0
2.1871	6.72465E-07	3.700370284	15.85544479	0	0
2.1871	7.37039E-07	3.700415802	15.85804582	0	0
2.1871	8.06145E-07	3.700462357	15.8607061	0	0
2.1871	8.7999E-07	3.700509948	15.86342562	0	0
2.1871	9.58785E-07	3.700558576	15.86620434	0	0
2.1871	1.04275E-06	3.700608239	15.86904225	0	0
2.1871	1.13209E-06	3.700658938	15.87193932	0	0
2.1871	1.22704E-06	3.700710672	15.87489553	0	0
2.1871	1.32784E-06	3.70076344	15.87791084	0	0
2.1871	1.4347E-06	3.700817242	15.88098525	0	0
2.1871	1.54787E-06	3.700872077	15.88411871	0	0
2.1871	1.66759E-06	3.700927946	15.88731122	0	0
2.1871	1.7941E-06	3.700984848	15.89056274	0	0
2.1871	1.92767E-06	3.701042782	15.89387325	0	0
2.1871	2.06854E-06	3.701101748	15.89724273	0	0
2.1871	2.21696E-06	3.701161745	15.90067115	0	0
2.1871	2.37322E-06	3.701222774	15.90415849	0	0
2.1871	2.53757E-06	3.701284833	15.90770472	0	0
2.1871	2.71029E-06	3.701347922	15.91130983	0	0
2.1871	2.89166E-06	3.701412041	15.91497378	0	0
2.1871	3.08195E-06	3.70147719	15.91869655	0	0
2.1871	3.28145E-06	3.701543367	15.92247811	0	0
2.1871	3.49046E-06	3.701610573	15.92631846	0	0
2.1871	3.70927E-06	3.701678807	15.93021754	0	0
2.1871	3.93817E-06	3.701748069	15.93417536	0	0
2.1871	4.17748E-06	3.701818358	15.93819187	0	0
2.1871	4.4275E-06	3.701889674	15.94226706	0	0
2.1871	4.68853E-06	3.701962016	15.94640091	0	0
2.1871	4.96091E-06	3.702035384	15.95059338	0	0
2.1871	5.24495E-06	3.702109778	15.95484445	0	0
2.1871	5.54097E-06	3.702185197	15.9591541	0	0
2.1871	5.8493E-06	3.70226164	15.96352231	0	0
2.1871	6.17028E-06	3.702339108	15.96794905	0	0
2.1871	6.50425E-06	3.7024176	15.97243429	0	0
2.1871	6.85155E-06	3.702497115	15.97697802	0	0
2.1871	7.21252E-06	3.702577654	15.98158021	0	0
2.1871	7.58753E-06	3.702659214	15.98624083	0	0
2.1871	7.97691E-06	3.702741797	15.99095985	0	0
2.1871	8.38104E-06	3.702825402	15.99573727	0	0
2.1871	8.80027E-06	3.702910028	16.00057304	0	0
2.1871	9.23497E-06	3.702995675	16.00546715	0	0
2.1871	9.68553E-06	3.703082343	16.01041957	0	0
2.1871	1.01523E-05	3.70317003	16.01543028	0	0
2.1871	1.06357E-05	3.703258737	16.02049926	0	0
2.1871	1.11361E-05	3.703348463	16.02562647	0	0
2.1871	1.16538E-05	3.703439208	16.0308119	0	0
2.1871	1.21893E-05	3.703530971	16.03605551	0	0
2.1871	1.2743E-05	3.703623753	16.0413573	0	0
2.1871	1.33153E-05	3.703717551	16.04671722	0	0
2.1871	1.39066E-05	3.703812367	16.05213527	0	0
2.1871	1.45172E-05	3.7039082	16.0576114	0	0
2.1871	1.51476E-05	3.704005048	16.06314561	0	0
2.1871	1.57983E-05	3.704102912	16.06873786	0	0
2.1871	1.64696E-05	3.704201792	16.07438813	0	0
2.1871	1.7162E-05	3.704301687	16.08009639	0	0
2.1871	1.78759E-05	3.704402596	16.08586263	0	0
2.1871	1.86118E-05	3.704504519	16.09168681	0	0
2.1871	1.937E-05	3.704607456	16.09756891	0	0
2.1871	2.0151E-05	3.704711406	16.10350891	0	0
2.1871	2.09554E-05	3.704816369	16.10950679	0	0
2.1871	2.17834E-05	3.704922344	16.11556251	0	0
2.1871	2.26356E-05	3.705029331	16.12167606	0	0
2.1871	2.35125E-05	3.70513733	16.12784741	0	0
2.1871	2.44145E-05	3.705246339	16.13407653	0	0
2.1871	2.5342E-05	3.70535636	16.14036341	0	0
2.1871	2.62957E-05	3.70546739	16.14670801	0	0
2.1871	2.72758E-05	3.70557943	16.15311031	0	0
2.1871	2.82829E-05	3.70569248	16.15957029	0	0
2.1871	2.93176E-05	3.705806539	16.16608792	0	0
2.1871	3.03802E-05	3.705921606	16.17266319	0	0
2.1871	3.14713E-05	3.706037681	16.17929605	0	0
2.1871	3.25914E-05	3.706154764	16.18598649	0	0
2.1871	3.37409E-05	3.706272854	16.19273449	0	0
2.1871	3.49204E-05	3.70639195	16.19954002	0	0
2.1871	3.61304E-05	3.706512053	16.20640305	0	0
2.1871	3.73715E-05	3.706633162	16.21332357	0	0
2.1871	3.8644E-05	3.706755277	16.22030154	0	0
2.1871	3.99486E-05	3.706878396	16.22733694	0	0
2.1871	4.12857E-05	3.707002521	16.23442975	0	0
2.1871	4.2656E-05	3.707127649	16.24157994	0	0
2.1871	4.40599E-05	3.707253781	16.24878748	0	0
2.1871	4.54979E-05	3.707380916	16.25605236	0	0
2.1871	4.69707E-05	3.707509055	16.26337455	0	0
2.1871	4.84787E-05	3.707638195	16.27075402	0	0
2.1871	5.00226E-05	3.707768338	16.27819075	0	0
2.1871	5.16028E-05	3.707899483	16.28568472	0	0
2.1871	5.32199E-05	3.708031628	16.29323589	0	0
2.1871	5.48745E-05	3.708164774	16.30084424	0	0
2.1871	5.65671E-05	3.708298921	16.30850976	0	0
2.1871	5.82984E-05	3.708434067	16.31623241	0	0
2.1871	6.00689E-05	3.708570213	16.32401217	0	0
2.1871	6.18791E-05	3.708707358	16.33184901	0	0
2.1871	6.37297E-05	3.708845501	16.33974292	0	0
2.1871	6.56212E-05	3.708984642	16.34769385	0	0
2.1871	6.75542E-05	3.709124782	16.3557018	0	0
2.1871	6.95294E-05	3.709265918	16.36376674	0	0
2.1871	7.15473E-05	3.709408051	16.37188863	0	0
2.1871	7.36085E-05	3.709551181	16.38006746	0	0
2.1871	7.57136E-05	3.709695306	16.3883032	0	0
2.1871	7.78633E-05	3.709840427	16.39659583	0	0
2.1871	8.00581E-05	3.709986543	16.40494531	0	0
2.1871	8.22986E-05	3.710133654	16.41335163	0	0
2.1871	8.45856E-05	3.710281758	16.42181477	0	0
2.1871	8.69195E-05	3.710430857	16.43033468	0	0
2.1871	8.93011E-05	3.710580949	16.43891136	0	0
2.1871	9.1731E-05	3.710732033	16.44754477	0	0
2.1871	9.42098E-05	3.710884111	16.45623489	0	0
2.1871	9.67381E-05	3.71103718	16.4649817	0	0
2.1871	9.93166E-05	3.71119124	16.47378516	0	0
2.1871	0.000101946	3.711346292	16.48264526	0	0
2.1871	0.000104627	3.711502335	16.49156197	0	0
2.1871	0.00010736	3.711659367	16.50053527	0	0
2.1871	0.000110145	3.71181739	16.50956512	0	0
2.1871	0.000112985	3.711976401	16.51865151	0	0
2.1871	0.000115878	3.712136402	16.5277944	0	0
2.1871	0.000118826	3.712297391	16.53699378	0	0
2.1871	0.00012183	3.712459368	16.54624961	0	0
2.1871	0.00012489	3.712622333	16.55556188	0	0
2.1871	0.000128006	3.712786285	16.56493055	0	0
2.1871	0.000131181	3.712951223	16.57435561	0	0
2.1871	0.000134413	3.713117148	16.58383702	0	0
2.1871	0.000137704	3.713284058	16.59337476	0	0
2.1871	0.000141055	3.713451954	16.60296881	0	0
2.1871	0.000144466	3.713620835	16.61261914	0	0
2.1871	0.000147939	3.7137907	16.62232572	0	0
2.1871	0.000151473	3.713961549	16.63208853	0	0
2.1871	0.000155069	3.714133382	16.64190754	0	0
2.1871	0.000158729	3.714306198	16.65178273	0	0
2.1871	0.000162452	3.714479996	16.66171408	0	0
2.1871	0.00016624	3.714654777	16.67170154	0	0
2.1871	0.000170093	3.714830539	16.68174511	0	0
2.1871	0.000174013	3.715007283	16.69184476	0	0
2.1871	0.000177999	3.715185008	16.70200045	0	0
2.1871	0.000182052	3.715363713	16.71221217	0	0
2.1871	0.000186174	3.715543398	16.72247988	0	0
2.1871	0.000190365	3.715724062	16.73280357	0	0
2.1871	0.000194626	3.715905706	16.7431832	0	0
2.1871	0.000198957	3.716088328	16.75361876	0	0
2.1871	0.00020336	3.716271929	16.76411021	0	0
2.1871	0.000207834	3.716456507	16.77465752	0	0
2.1871	0.000212381	3.716642062	16.78526068	0	0
2.1871	0.000217002	3.716828594	16.79591966	0	0
2.1871	0.000221697	3.717016102	16.80663442	0	0
2.1871	0.000226468	3.717204587	16.81740495	0	0
2.1871	0.000231314	3.717394046	16.82823122	0	0
2.1871	0.000236237	3.717584481	16.83911321	0	0
2.1871	0.000241237	3.71777589	16.85005087	0	0
2.1871	0.000246315	3.717968274	16.8610442	0	0
2.1871	0.000251473	3.71816163	16.87209317	0	0
2.1871	0.00025671	3.71835596	16.88319774	0	0
2.1871	0.000262028	3.718551263	16.89435789	0	0
2.1871	0.000267428	3.718747538	16.9055736	0	0
2.1871	0.000272909	3.718944785	16.91684484	0	0
2.1871	0.000278474	3.719143003	16.92817158	0	0
2.1871	0.000284123	3.719342191	16.93955379	0	0
2.1871	0.000289856	3.719542351	16.95099146	0	0
2.1871	0.000295675	3.71974348	16.96248455	0	0
2.1871	0.00030158	3.719945578	16.97403304	0	0
2.1871	0.000307572	3.720148646	16.9856369	0	0
2.1871	0.000313652	3.720352682	16.9972961	0	0
2.1871	0.000319821	3.720557686	17.00901062	0	0
2.1871	0.00032608	3.720763658	17.02078043	0	0
2.1871	0.000332429	3.720970596	17.03260551	0	0
2.1871	0.00033887	3.721178502	17.04448582	0	0
2.1871	0.000345403	3.721387374	17.05642135	0	0
2.1871	0.000352029	3.721597211	17.06841206	0	0
2.1871	0.000358748	3.721808014	17.08045792	0	0
2.1871	0.000365563	3.722019781	17.09255892	0	0
2.1871	0.000372473	3.722232513	17.10471502	0	0
2.1871	0.00037948	3.722446209	17.1169262	0	0
2.1871	0.000386584	3.722660868	17.12919243	0	0
2.1871	0.000393786	3.722876489	17.14151369	0	0
2.1871	0.000401088	3.723093074	17.15388993	0	0
2.1871	0.000408489	3.72331062	17.16632115	0	0
2.1871	0.000415991	3.723529128	17.17880731	0	0
2.1871	0.000423595	3.723748597	17.19134839	0	0
2.1871	0.000431302	3.723969026	17.20394435	0	0
2.1871	0.000439113	3.724190416	17.21659518	0	0
2.1871	0.000447027	3.724412765	17.22930083	0	0
2.1871	0.000455047	3.724636073	17.2420613	0	0
2.1871	0.000463174	3.724860339	17.25487654	0	0
2.1871	0.000471407	3.725085564	17.26774653	0	0
2.1871	0.000479749	3.725311747	17.28067125	0	0
2.1871	0.0004882	3.725538887	17.29365067	0	0
2.1871	0.00049676	3.725766983	17.30668475	0	0
2.1871	0.000505432	3.725996036	17.31977348	0	0
2.1871	0.000514215	3.726226044	17.33291682	0	0
2.1871	0.000523111	3.726457008	17.34611475	0	0
2.1871	0.00053212	3.726688927	17.35936724	0	0
2.1871	0.000541245	3.726921799	17.37267426	0	0
2.1871	0.000550484	3.727155626	17.38603578	0	0
2.1871	0.00055984	3.727390406	17.39945178	0	0
2.1871	0.000569314	3.727626139	17.41292222	0	0
2.1871	0.000578905	3.727862824	17.42644709	0	0
2.1871	0.000588616	3.728100461	17.44002635	0	0
2.1871	0.000598448	3.728339049	17.45365997	0	0
2.1871	0.0006084	3.728578589	17.46734793	0	0
2.1871	0.000618475	3.728819078	17.4810902	0	0
2.1871	0.000628673	3.729060518	17.49488674	0	0
2.1871	0.000638994	3.729302907	17.50873754	0	0
2.1871	0.000649441	3.729546245	17.52264257	0	0
2.1871	0.000660014	3.729790531	17.53660179	0	0
2.1871	0.000670714	3.730035766	17.55061517	0	0
2.1871	0.000681542	3.730281947	17.5646827	0	0
2.1871	0.000692499	3.730529076	17.57880434	0	0
2.1871	0.000703586	3.730777151	17.59298006	0	0
2.1871	0.000714804	3.731026172	17.60720983	0	0
2.1871	0.000726154	3.731276138	17.62149363	0	0
2.1871	0.000737637	3.73152705	17.63583142	0	0
2.1871	0.000749254	3.731778906	17.65022319	0	0
2.1871	0.000761005	3.732031706	17.66466889	0	0
2.1871	0.000772893	3.732285449	17.6791685	0	0
2.1871	0.000784918	3.732540135	17.693722	0	0
2.1871	0.00079708	3.732795764	17.70832935	0	0
2.1871	0.000809382	3.733052334	17.72299052	0	0
2.1871	0.000821824	3.733309846	17.73770549	0	0
2.1871	0.000834406	3.733568299	17.75247422	0	0
2.1871	0.000847131	3.733827692	17.7672967	0	0
2.1871	0.000859999	3.734088025	17.78217288	0	0
2.1871	0.000873011	3.734349298	17.79710274	0	0
2.1871	0.000886168	3.734611509	17.81208624	0	0
2.1871	0.000899472	3.734874659	17.82712337	0	0
2.1871	0.000912922	3.735138747	17.8422141	0	0
2.1871	0.000926521	3.735403772	17.85735838	0	0
2.1871	0.00094027	3.735669733	17.8725562	0	0
2.1871	0.000954168	3.735936632	17.88780751	0	0
2.1871	0.000968219	3.736204465	17.90311231	0	0
2.1871	0.000982421	3.736473235	17.91847054	0	0
2.1871	0.000996778	3.736742938	17.9338822	0	0
2.1871	0.001011288	3.737013577	17.94934723	0	0
2.1871	0.001025955	3.737285148	17.96486562	0	0
2.1871	0.001040778	3.737557653	17.98043734	0	0
2.1871	0.00105576	3.737831091	17.99606235	0	0
2.1871	0.0010709	3.738105461	18.01174063	0	0
2.1871	0.0010862	3.738380762	18.02747214	0	0
2.1871	0.001101661	3.738656995	18.04325685	0	0
2.1871	0.001117284	3.738934158	18.05909475	0	0
2.1871	0.001133071	3.739212251	18.07498578	0	0
2.1871	0.001149022	3.739491274	18.09092994	0	0
2.1871	0.001165138	3.739771226	18.10692717	0	0
2.1871	0.001181421	3.740052106	18.12297746	0	0
2.1871	0.001197872	3.740333914	18.13908078	0	0
2.1871	0.001214491	3.740616649	18.15523708	0	0
2.1871	0.00123128	3.740900311	18.17144636	0	0
2.1871	0.00124824	3.7411849	18.18770856	0	0
2.1871	0.001265372	3.741470414	18.20402366	0	0
2.1871	0.001282677	3.741756854	18.22039164	0	0
2.1871	0.001300157	3.742044218	18.23681245	0	0
2.1871	0.001317812	3.742332506	18.25328607	0	0
2.1871	0.001335643	3.742621718	18.26981247	0	0
2.1871	0.001353653	3.742911853	18.28639162	0	0
2.1871	0.001371841	3.743202911	18.30302349	0	0
2.1871	0.001390209	3.743494891	18.31970804	0	0
2.1871	0.001408758	3.743787792	18.33644524	0	0
2.1871	0.001427489	3.744081614	18.35323507	0	0
2.1871	0.001446403	3.744376356	18.37007749	0	0
2.1871	0.001465502	3.744672018	18.38697246	0	0
2.1871	0.001484787	3.744968599	18.40391997	0	0
2.1871	0.001504258	3.745266099	18.42091997	0	0
2.1871	0.001523918	3.745564518	18.43797244	0	0
2.1871	0.001543766	3.745863853	18.45507734	0	0
2.1871	0.001563805	3.746164106	18.47223464	0	0
2.1871	0.001584035	3.746465276	18.48944432	0	0
2.1871	0.001604458	3.746767361	18.50670633	0	0
2.1871	0.001625074	3.747070361	18.52402065	0	0
2.1871	0.001645886	3.747374277	18.54138724	0	0
2.1871	0.001666893	3.747679106	18.55880607	0	0
2.1871	0.001688098	3.74798485	18.57627712	0	0
2.1871	0.001709501	3.748291506	18.59380034	0	0
2.1871	0.001731104	3.748599075	18.61137571	0	0
2.1871	0.001752908	3.748907556	18.62900319	0	0
2.1871	0.001774913	3.749216948	18.64668275	0	0
2.1871	0.001797122	3.749527251	18.66441436	0	0
2.1871	0.001819535	3.749838465	18.68219799	0	0
2.1871	0.001842154	3.750150588	18.70003359	0	0
2.1871	0.00186498	3.75046362	18.71792115	0	0
2.1871	0.001888013	3.750777561	18.73586063	0	0
2.1871	0.001911256	3.75109241	18.75385199	0	0
2.1871	0.001934709	3.751408166	18.7718952	0	0
2.1871	0.001958374	3.751724829	18.78999023	0	0
2.1871	0.001982251	3.752042398	18.80813705	0	0
2.1871	0.002006343	3.752360873	18.82633562	0	0
2.1871	0.002030649	3.752680253	18.84458591	0	0
2.1871	0.002055172	3.753000538	18.86288788	0	0
2.1871	0.002079913	3.753321726	18.88124151	0	0
2.1871	0.002104873	3.753643818	18.89964675	0	0
2.1871	0.002130053	3.753966813	18.91810358	0	0
2.1871	0.002155454	3.754290709	18.93661196	0	0
2.1871	0.002181078	3.754615508	18.95517186	0	0
2.1871	0.002206926	3.754941207	18.97378324	0	0
2.1871	0.002232999	3.755267806	18.99244608	0	0
2.1871	0.002259298	3.755595306	19.01116032	0	0
2.1871	0.002285824	3.755923704	19.02992595	0	0
2.1871	0.00231258	3.756253001	19.04874293	0	0
2.1871	0.002339565	3.756583196	19.06761122	0	0
2.1871	0.002366782	3.756914289	19.0865308	0	0
2.1871	0.002394232	3.757246278	19.10550161	0	0
2.1871	0.002421915	3.757579164	19.12452364	0	0
2.1871	0.002449833	3.757912945	19.14359684	0	0
2.1871	0.002477988	3.758247621	19.16272118	0	0
2.1871	0.00250638	3.758583191	19.18189663	0	0
2.1871	0.002535011	3.758919655	19.20112316	0	0
2.1871	0.002563882	3.759257012	19.22040071	0	0
2.1871	0.002592995	3.759595262	19.23972927	0	0
2.1871	0.002622351	3.759934404	19.2591088	0	0
2.1871	0.00265195	3.760274437	19.27853926	0	0
2.1871	0.002681795	3.760615361	19.29802061	0	0
2.1871	0.002711886	3.760957174	19.31755283	0	0
2.1871	0.002742225	3.761299878	19.33713587	0	0
2.1871	0.002772813	3.76164347	19.3567697	0	0
2.1871	0.002803651	3.76198795	19.37645429	0	0
2.1871	0.002834742	3.762333318	19.39618959	0	0
2.1871	0.002866085	3.762679573	19.41597558	0	0
2.1871	0.002897682	3.763026714	19.43581221	0	0
2.1871	0.002929535	3.76337474	19.45569946	0	0
2.1871	0.002961645	3.763723652	19.47563728	0	0
2.1871	0.002994014	3.764073449	19.49562564	0	0
2.1871	0.003026641	3.764424129	19.5156645	0	0
2.1871	0.00305953	3.764775692	19.53575383	0	0
2.1871	0.003092681	3.765128138	19.55589359	0	0
2.1871	0.003126095	3.765481465	19.57608374	0	0
2.1871	0.003159774	3.765835674	19.59632425	0	0
2.1871	0.003193719	3.766190764	19.61661508	0	0
2.1871	0.003227931	3.766546733	19.63695619	0	0
2.1871	0.003262412	3.766903582	19.65734755	0	0
2.1871	0.003297163	3.76726131	19.67778912	0	0
2.1871	0.003332186	3.767619915	19.69828086	0	0
2.1871	0.003367481	3.767979398	19.71882274	0	0
2.1871	0.003403051	3.768339757	19.73941471	0	0
2.1871	0.003438895	3.768700993	19.76005675	0	0
2.1871	0.003475017	3.769063104	19.78074881	0	0
2.1871	0.003511417	3.76942609	19.80149085	0	0
2.1871	0.003548096	3.76978995	19.82228284	0	0
2.1871	0.003585056	3.770154683	19.84312475	0	0
2.1871	0.003622298	3.770520289	19.86401652	0	0
2.1871	0.003659823	3.770886767	19.88495813	0	0
2.1871	0.003697633	3.771254117	19.90594954	0	0
2.1871	0.00373573	3.771622337	19.92699071	0	0
2.1871	0.003774114	3.771991428	19.94808159	0	0
2.1871	0.003812787	3.772361388	19.96922216	0	0
2.1871	0.00385175	3.772732216	19.99041237	0	0
2.1871	0.003891005	3.773103913	20.01165219	0	0
2.1871	0.003930553	3.773476477	20.03294157	0	0
2.1871	0.003970395	3.773849908	20.05428048	0	0
2.1871	0.004010533	3.774224205	20.07566888	0	0
2.1871	0.004050968	3.774599368	20.09710672	0	0
2.1871	0.004091702	3.774975395	20.11859398	0	0
2.1871	0.004132735	3.775352286	20.14013061	0	0
2.1871	0.00417407	3.77573004	20.16171657	0	0
2.1871	0.004215707	3.776108657	20.18335183	0	0
2.1871	0.004257649	3.776488136	20.20503634	0	0
2.1871	0.004299896	3.776868476	20.22677006	0	0
2.1871	0.004342449	3.777249677	20.24855296	0	0
2.1871	0.004385311	3.777631737	20.27038499	0	0
2.1871	0.004428483	3.778014657	20.29226611	0	0
2.1871	0.004471965	3.778398435	20.31419629	0	0
2.1871	0.00451576	3.778783071	20.33617549	0	0
2.1871	0.004559869	3.779168564	20.35820366	0	0
2.1871	0.004604293	3.779554913	20.38028076	0	0
2.1871	0.004649033	3.779942118	20.40240675	0	0
2.1871	0.004694092	3.780330178	20.4245816	0	0
2.1871	0.00473947	3.780719092	20.44680526	0	0
2.1871	0.004785168	3.78110886	20.4690777	0	0
2.1871	0.004831189	3.78149948	20.49139886	0	0
2.1871	0.004877534	3.781890952	20.51376871	0	0
2.1871	0.004924204	3.782283276	20.53618721	0	0
2.1871	0.0049712	3.782676451	20.55865432	0	0
2.1871	0.005018524	3.783070475	20.58116999	0	0
2.1871	0.005066178	3.783465348	20.60373419	0	0
2.1871	0.005114162	3.78386107	20.62634688	0	0
2.1871	0.005162479	3.78425764	20.649008	0	0
2.1871	0.005211129	3.784655057	20.67171752	0	0
2.1871	0.005260114	3.78505332	20.6944754	0	0
2.1871	0.005309436	3.785452428	20.7172816	0	0
2.1871	0.005359096	3.785852381	20.74013607	0	0
2.1871	0.005409095	3.786253179	20.76303877	0	0
2.1871	0.005459435	3.786654819	20.78598967	0	0
2.1871	0.005510117	3.787057302	20.8089887	0	0
2.1871	0.005561143	3.787460627	20.83203585	0	0
2.1871	0.005612514	3.787864793	20.85513105	0	0
2.1871	0.005664232	3.7882698	20.87827427	0	0
2.1871	0.005716298	3.788675646	20.90146547	0	0
2.1871	0.005768713	3.789082331	20.9247046	0	0
2.1871	0.00582148	3.789489853	20.94799162	0	0
2.1871	0.005874598	3.789898214	20.97132649	0	0
2.1871	0.005928071	3.79030741	20.99470916	0	0
2.1871	0.005981899	3.790717443	21.01813959	0	0
2.1871	0.006036084	3.79112831	21.04161773	0	0
2.1871	0.006090627	3.791540012	21.06514355	0	0
2.1871	0.00614553	3.791952547	21.08871699	0	0
2.1871	0.006200794	3.792365915	21.11233802	0	0
2.1871	0.006256421	3.792780115	21.13600659	0	0
2.1871	0.006312411	3.793195146	21.15972266	0	0
2.1871	0.006368768	3.793611008	21.18348617	0	0
2.1871	0.006425492	3.794027699	21.2072971	0	0
2.1871	0.006482584	3.794445219	21.23115538	0	0
2.1871	0.006540046	3.794863567	21.25506099	0	0
2.1871	0.00659788	3.795282743	21.27901386	0	0
2.1871	0.006656087	3.795702744	21.30301397	0	0
2.1871	0.006714669	3.796123572	21.32706125	0	0
2.1871	0.006773626	3.796545224	21.35115568	0	0
2.1871	0.006832961	3.796967701	21.37529719	0	0
2.1871	0.006892675	3.797391001	21.39948576	0	0
2.1871	0.00695277	3.797815123	21.42372132	0	0
2.1871	0.007013246	3.798240067	21.44800384	0	0
2.1871	0.007074106	3.798665832	21.47233327	0	0
2.1871	0.007135351	3.799092417	21.49670956	0	0
2.1871	0.007196982	3.799519822	21.52113267	0	0
2.1871	0.007259002	3.799948045	21.54560255	0	0
2.1871	0.007321411	3.800377085	21.57011915	0	0
2.1871	0.00738421	3.800806943	21.59468244	0	0
2.1871	0.007447403	3.801237616	21.61929235	0	0
2.1871	0.007510989	3.801669105	21.64394885	0	0
2.1871	0.007574971	3.802101408	21.66865189	0	0
2.1871	0.00763935	3.802534525	21.69340142	0	0
2.1871	0.007704127	3.802968454	21.71819739	0	0
2.1871	0.007769305	3.803403196	21.74303976	0	0
2.1871	0.007834884	3.803838748	21.76792848	0	0
2.1871	0.007900866	3.804275111	21.7928635	0	0
2.1871	0.007967253	3.804712284	21.81784477	0	0
2.1871	0.008034046	3.805150264	21.84287225	0	0
2.1871	0.008101247	3.805589053	21.86794589	0	0
2.1871	0.008168856	3.806028649	21.89306564	0	0
2.1871	0.008236877	3.80646905	21.91823145	0	0
2.1871	0.00830531	3.806910257	21.94344327	0	0
2.1871	0.008374156	3.807352269	21.96870106	0	0
2.1871	0.008443418	3.807795083	21.99400476	0	0
2.1871	0.008513097	3.808238701	22.01935433	0	0
2.1871	0.008583194	3.80868312	22.04474972	0	0
2.1871	0.008653711	3.80912834	22.07019088	0	0
2.1871	0.00872465	3.809574361	22.09567776	0	0
2.1871	0.008796011	3.810021181	22.12121032	0	0
2.1871	0.008867797	3.810468799	22.14678849	0	0
2.1871	0.008940009	3.810917214	22.17241223	0	0
2.1871	0.009012649	3.811366426	22.1980815	0	0
2.1871	0.009085718	3.811816434	22.22379624	0	0
2.1871	0.009159217	3.812267237	22.24955641	0	0
2.1871	0.009233149	3.812718834	22.27536194	0	0
2.1871	0.009307515	3.813171224	22.3012128	0	0
2.1871	0.009382316	3.813624406	22.32710893	0	0
2.1871	0.009457554	3.81407838	22.35305028	0	0
2.1871	0.009533231	3.814533144	22.3790368	0	0
2.1871	0.009609348	3.814988698	22.40506844	0	0
2.1871	0.009685906	3.81544504	22.43114515	0	0
2.1871	0.009762907	3.81590217	22.45726687	0	0
2.1871	0.009840353	3.816360087	22.48343356	0	0
2.1871	0.009918246	3.81681879	22.50964517	0	0
2.1871	0.009996586	3.817278279	22.53590164	0	0
2.1871	0.010075376	3.817738551	22.56220292	0	0
2.1871	0.010154616	3.818199607	22.58854896	0	0
2.1871	0.01023431	3.818661445	22.61493971	0	0
2.1871	0.010314457	3.819124064	22.64137511	0	0
2.1871	0.01039506	3.819587465	22.66785512	0	0
2.1871	0.01047612	3.820051644	22.69437968	0	0
2.1871	0.010557639	3.820516603	22.72094873	0	0
2.1871	0.010639619	3.820982339	22.74756223	0	0
2.1871	0.010722061	3.821448852	22.77422013	0	0
2.1871	0.010804966	3.821916141	22.80092236	0	0
2.1871	0.010888336	3.822384205	22.82766888	0	0
2.1871	0.010972173	3.822853044	22.85445963	0	0
2.1871	0.011056479	3.823322655	22.88129456	0	0
2.1871	0.011141254	3.823793038	22.90817362	0	0
2.1871	0.011226501	3.824264193	22.93509675	0	0
2.1871	0.011312221	3.824736118	22.96206389	0	0
2.1871	0.011398415	3.825208813	22.98907501	0	0
2.1871	0.011485086	3.825682275	23.01613003	0	0
2.1871	0.011572235	3.826156506	23.0432289	0	0
2.1871	0.011659863	3.826631503	23.07037158	0	0
2.1871	0.011747972	3.827107265	23.097558	0	0
2.1871	0.011836563	3.827583792	23.12478812	0	0
2.1871	0.011925639	3.828061083	23.15206187	0	0
2.1871	0.012015201	3.828539136	23.1793792	0	0
2.1871	0.01210525	3.829017951	23.20674006	0	0
2.1871	0.012195788	3.829497527	23.23414439	0	0
2.1871	0.012286817	3.829977862	23.26159213	0	0
2.1871	0.012378338	3.830458957	23.28908324	0	0
2.1871	0.012470353	3.830940809	23.31661764	0	0
2.1871	0.012562863	3.831423418	23.3441953	0	0
2.1871	0.01265587	3.831906782	23.37181614	0	0
2.1871	0.012749376	3.832390902	23.39948012	0	0
2.1871	0.012843382	3.832875776	23.42718717	0	0
2.1871	0.01293789	3.833361402	23.45493725	0	0
2.1871	0.013032902	3.83384778	23.48273029	0	0
2.1871	0.013128418	3.834334909	23.51056624	0	0
2.1871	0.013224441	3.834822788	23.53844504	0	0
2.1871	0.013320972	3.835311416	23.56636664	0	0
2.1871	0.013418014	3.835800792	23.59433096	0	0
2.1871	0.013515566	3.836290914	23.62233797	0	0
2.1871	0.013613632	3.836781783	23.65038759	0	0
2.1871	0.013712213	3.837273396	23.67847978	0	0
2.1871	0.01381131	3.837765753	23.70661447	0	0
2.1871	0.013910925	3.838258853	23.73479161	0	0
2.1871	0.01401106	3.838752695	23.76301113	0	0
2.1871	0.014111715	3.839247277	23.79127298	0	0
2.1871	0.014212894	3.839742599	23.8195771	0	0
2.1871	0.014314597	3.84023866	23.84792344	0	0
2.1871	0.014416826	3.840735459	23.87631192	0	0
2.1871	0.014519583	3.841232994	23.9047425	0	0
2.1871	0.014622869	3.841731264	23.9332151	0	0
2.1871	0.014726687	3.84223027	23.96172969	0	0
2.1871	0.014831036	3.842730008	23.99028618	0	0
2.1871	0.01493592	3.843230479	24.01888453	0	0
2.1871	0.01504134	3.843731682	24.04752467	0	0
2.1871	0.015147298	3.844233615	24.07620655	0	0
2.1871	0.015253794	3.844736277	24.1049301	0	0
2.1871	0.015360831	3.845239667	24.13369526	0	0
2.1871	0.015468411	3.845743784	24.16250197	0	0
2.1871	0.015576534	3.846248628	24.19135017	0	0
2.1871	0.015685203	3.846754197	24.2202398	0	0
2.1871	0.01579442	3.847260489	24.2491708	0	0
2.1871	0.015904185	3.847767504	24.27814311	0	0
2.1871	0.016014501	3.848275242	24.30715666	0	0
2.1871	0.016125369	3.848783699	24.3362114	0	0
2.1871	0.016236791	3.849292877	24.36530725	0	0
2.1871	0.016348769	3.849802773	24.39444417	0	0
2.1871	0.016461303	3.850313386	24.42362208	0	0
2.1871	0.016574397	3.850824716	24.45284093	0	0
2.1871	0.01668805	3.851336761	24.48210065	0	0
2.1871	0.016802266	3.851849521	24.51140118	0	0
2.1871	0.016917045	3.852362993	24.54074245	0	0
2.1871	0.01703239	3.852877177	24.57012441	0	0
2.1871	0.017148302	3.853392072	24.59954699	0	0
2.1871	0.017264782	3.853907677	24.62901013	0	0
2.1871	0.017381833	3.854423991	24.65851375	0	0
2.1871	0.017499455	3.854941012	24.68805781	0	0
2.1871	0.017617651	3.855458739	24.71764223	0	0
2.1871	0.017736422	3.855977172	24.74726695	0	0
2.1871	0.01785577	3.856496308	24.77693191	0	0
2.1871	0.017975697	3.857016148	24.80663704	0	0
2.1871	0.018096204	3.85753669	24.83638227	0	0
2.1871	0.018217292	3.858057932	24.86616755	0	0
2.1871	0.018338964	3.858579874	24.89599281	0	0
2.1871	0.018461221	3.859102515	24.92585798	0	0
2.1871	0.018584065	3.859625852	24.95576299	0	0
2.1871	0.018707497	3.860149886	24.98570779	0	0
2.1871	0.01883152	3.860674615	25.0156923	0	0
2.1871	0.018956134	3.861200038	25.04571646	0	0
2.1871	0.019081341	3.861726154	25.0757802	0	0
2.1871	0.019207144	3.862252961	25.10588346	0	0
2.1871	0.019333543	3.862780458	25.13602618	0	0
2.1871	0.01946054	3.863308645	25.16620827	0	0
2.1871	0.019588138	3.863837519	25.19642968	0	0
2.1871	0.019716337	3.864367081	25.22669035	0	0
2.1871	0.019845139	3.864897328	25.25699019	0	0
2.1871	0.019974547	3.86542826	25.28732915	0	0
2.1871	0.020104561	3.865959875	25.31770716	0	0
2.1871	0.020235183	3.866492173	25.34812415	0	0
2.1871	0.020366416	3.867025151	25.37858005	0	0
2.1871	0.02049826	3.867558809	25.4090748	0	0
2.1871	0.020630717	3.868093146	25.43960832	0	0
2.1871	0.020763789	3.86862816	25.47018055	0	0
2.1871	0.020897478	3.86916385	25.50079142	0	0
2.1871	0.021031785	3.869700215	25.53144086	0	0
2.1871	0.021166712	3.870237254	25.5621288	0	0
2.1871	0.021302261	3.870774965	25.59285517	0	0
2.1871	0.021438433	3.871313348	25.6236199	0	0
2.1871	0.021575229	3.871852401	25.65442293	0	0
2.1871	0.021712653	3.872392123	25.68526418	0	0
2.1871	0.021850704	3.872932513	25.71614359	0	0
2.1871	0.021989386	3.873473569	25.74706107	0	0
2.1871	0.022128699	3.87401529	25.77801657	0	0
2.1871	0.022268646	3.874557675	25.80901002	0	0
2.1871	0.022409227	3.875100723	25.84004133	0	0
2.1871	0.022550445	3.875644433	25.87111045	0	0
2.1871	0.022692301	3.876188803	25.9022173	0	0
2.1871	0.022834797	3.876733832	25.9333618	0	0
2.1871	0.022977935	3.877279518	25.9645439	0	0
2.1871	0.023121716	3.877825861	25.99576351	0	0
2.1871	0.023266141	3.87837286	26.02702056	0	0
2.1871	0.023411214	3.878920512	26.05831499	0	0
2.1871	0.023556934	3.879468817	26.08964671	0	0
2.1871	0.023703305	3.880017774	26.12101566	0	0
2.1871	0.023850327	3.880567381	26.15242177	0	0
2.1871	0.023998003	3.881117637	26.18386496	0	0
2.1871	0.024146333	3.88166854	26.21534516	0	0
2.1871	0.02429532	3.88222009	26.2468623	0	0
2.1871	0.024444965	3.882772285	26.2784163	0	0
2.1871	0.02459527	3.883325124	26.31000709	0	0
2.1871	0.024746237	3.883878605	26.3416346	0	0
2.1871	0.024897867	3.884432728	26.37329874	0	0
2.1871	0.025050162	3.884987491	26.40499946	0	0
2.1871	0.025203124	3.885542892	26.43673667	0	0
2.1871	0.025356754	3.88609893	26.4685103	0	0
2.1871	0.025511054	3.886655605	26.50032027	0	0
2.1871	0.025666025	3.887212914	26.53216652	0	0
2.1871	0.02582167	3.887770857	26.56404896	0	0
2.1871	0.02597799	3.888329431	26.59596751	0	0
2.1871	0.026134986	3.888888637	26.62792212	0	0
2.1871	0.026292661	3.889448472	26.65991269	0	0
2.1871	0.026451016	3.890008935	26.69193915	0	0
2.1871	0.026610052	3.890570025	26.72400143	0	0
2.1871	0.026769772	3.89113174	26.75609946	0	0
2.1871	0.026930177	3.89169408	26.78823314	0	0
2.1871	0.027091268	3.892257042	26.82040242	0	0
2.1871	0.027253048	3.892820626	26.8526072	0	0
2.1871	0.027415518	3.89338483	26.88484742	0	0
2.1871	0.027578679	3.893949653	26.917123	0	0
2.1871	0.027742534	3.894515092	26.94943386	0	0
2.1871	0.027907084	3.895081149	26.98177991	0	0
2.1871	0.02807233	3.895647819	27.0141611	0	0
2.1871	0.028238275	3.896215103	27.04657733	0	0
2.1871	0.02840492	3.896782999	27.07902852	0	0
2.1871	0.028572266	3.897351506	27.11151461	0	0
2.1871	0.028740316	3.897920621	27.14403551	0	0
2.1871	0.028909071	3.898490345	27.17659114	0	0
2.1871	0.029078533	3.899060675	27.20918142	0	0
2.1871	0.029248703	3.89963161	27.24180628	0	0
2.1871	0.029419583	3.900203149	27.27446564	0	0
2.1871	0.029591175	3.90077529	27.30715941	0	0
2.1871	0.02976348	3.901348032	27.33988751	0	0
2.1871	0.0299365	3.901921373	27.37264988	0	0
2.1871	0.030110237	3.902495312	27.40544641	0	0
2.1871	0.030284693	3.903069848	27.43827705	0	0
2.1871	0.030459868	3.90364498	27.4711417	0	0
2.1871	0.030635765	3.904220705	27.50404028	0	0
2.1871	0.030812386	3.904797023	27.53697272	0	0
2.1871	0.030989731	3.905373931	27.56993892	0	0
2.1871	0.031167804	3.905951429	27.60293882	0	0
2.1871	0.031346604	3.906529516	27.63597233	0	0
2.1871	0.031526135	3.907108189	27.66903937	0	0
2.1871	0.031706397	3.907687447	27.70213985	0	0
2.1871	0.031887393	3.90826729	27.73527369	0	0
2.1871	0.032069124	3.908847714	27.76844082	0	0
2.1871	0.032251592	3.90942872	27.80164115	0	0
2.1871	0.032434798	3.910010305	27.83487459	0	0
2.1871	0.032618744	3.910592469	27.86814106	0	0
2.1871	0.032803431	3.911175208	27.90144048	0	0
2.1871	0.032988863	3.911758524	27.93477277	0	0
2.1871	0.033175039	3.912342412	27.96813785	0	0
2.1871	0.033361961	3.912926873	28.00153562	0	0
2.1871	0.033549633	3.913511905	28.034966	0	0
2.1871	0.033738054	3.914097506	28.06842892	0	0
2.1871	0.033927227	3.914683675	28.10192428	0	0
2.1871	0.034117153	3.91527041	28.13545201	0	0
2.1871	0.034307834	3.91585771	28.16901201	0	0
2.1871	0.034499272	3.916445574	28.2026042	0	0
2.1871	0.034691468	3.917033999	28.2362285	0	0
2.1871	0.034884424	3.917622984	28.26988483	0	0
2.1871	0.035078142	3.918212529	28.30357308	0	0
2.1871	0.035272623	3.918802631	28.33729319	0	0
2.1871	0.035467869	3.919393289	28.37104506	0	0
2.1871	0.035663882	3.919984501	28.40482861	0	0
2.1871	0.035860663	3.920576266	28.43864375	0	0
2.1871	0.036058213	3.921168582	28.4724904	0	0
2.1871	0.036256536	3.921761448	28.50636846	0	0
2.1871	0.036455631	3.922354862	28.54027785	0	0
2.1871	0.036655502	3.922948823	28.57421848	0	0
2.1871	0.036856149	3.92354333	28.60819027	0	0
2.1871	0.037057574	3.92413838	28.64219313	0	0
2.1871	0.037259779	3.924733972	28.67622697	0	0
2.1871	0.037462765	3.925330105	28.7102917	0	0
2.1871	0.037666535	3.925926777	28.74438723	0	0
2.1871	0.037871089	3.926523986	28.77851348	0	0
2.1871	0.03807643	3.927121731	28.81267036	0	0
2.1871	0.038282558	3.927720011	28.84685777	0	0
2.1871	0.038489477	3.928318824	28.88107563	0	0
2.1871	0.038697187	3.928918167	28.91532385	0	0
2.1871	0.03890569	3.929518041	28.94960233	0	0
2.1871	0.039114987	3.930118443	28.983911	0	0
2.1871	0.039325081	3.930719371	29.01824976	0	0
2.1871	0.039535973	3.931320824	29.05261851	0	0
2.1871	0.039747664	3.931922801	29.08701717	0	0
2.1871	0.039960157	3.932525299	29.12144565	0	0
2.1871	0.040173452	3.933128318	29.15590386	0	0
2.1871	0.040387552	3.933731855	29.1903917	0	0
2.1871	0.040602458	3.934335909	29.22490909	0	0
2.1871	0.040818172	3.934940479	29.25945593	0	0
2.1871	0.041034695	3.935545562	29.29403213	0	0
2.1871	0.041252029	3.936151158	29.3286376	0	0
2.1871	0.041470176	3.936757264	29.36327225	0	0
2.1871	0.041689137	3.93736388	29.39793598	0	0
2.1871	0.041908914	3.937971002	29.4326287	0	0
2.1871	0.042129509	3.938578631	29.46735033	0	0
2.1871	0.042350923	3.939186763	29.50210076	0	0
2.1871	0.042573158	3.939795398	29.5368799	0	0
2.1871	0.042796215	3.940404534	29.57168766	0	0
2.1871	0.043020097	3.941014169	29.60652395	0	0
2.1871	0.043244804	3.941624302	29.64138867	0	0
2.1871	0.043470338	3.94223493	29.67628173	0	0
2.1871	0.043696702	3.942846053	29.71120303	0	0
2.1871	0.043923896	3.943457668	29.74615248	0	0
2.1871	0.044151922	3.944069775	29.78112999	0	0
2.1871	0.044380782	3.94468237	29.81613545	0	0
2.1871	0.044610478	3.945295454	29.85116878	0	0
2.1871	0.04484101	3.945909023	29.88622988	0	0
2.1871	0.045072382	3.946523076	29.92131865	0	0
2.1871	0.045304593	3.947137612	29.956435	0	0
2.1871	0.045537647	3.947752629	29.99157883	0	0
2.1871	0.045771544	3.948368126	30.02675004	0	0
2.1871	0.046006287	3.9489841	30.06194855	0	0
2.1871	0.046241876	3.949600549	30.09717424	0	0
2.1871	0.046478313	3.950217473	30.13242703	0	0
2.1871	0.046715601	3.950834869	30.16770682	0	0
2.1871	0.04695374	3.951452736	30.20301351	0	0
2.1871	0.047192732	3.952071073	30.238347	0	0
2.1871	0.047432579	3.952689876	30.2737072	0	0
2.1871	0.047673283	3.953309145	30.30909401	0	0
2.1871	0.047914844	3.953928878	30.34450732	0	0
2.1871	0.048157266	3.954549073	30.37994705	0	0
2.1871	0.048400548	3.955169729	30.41541308	0	0
2.1871	0.048644693	3.955790843	30.45090533	0	0
2.1871	0.048889703	3.956412415	30.4864237	0	0
2.1871	0.049135579	3.957034441	30.52196808	0	0
2.1871	0.049382322	3.957656921	30.55753837	0	0
2.1871	0.049629935	3.958279853	30.59313448	0	0
2.1871	0.049878418	3.958903235	30.62875631	0	0
2.1871	0.050127774	3.959527066	30.66440375	0	0
2.1871	0.050378004	3.960151342	30.7000767	0	0
2.1871	0.05062911	3.960776064	30.73577507	0	0
2.1871	0.050881092	3.961401228	30.77149876	0	0
2.1871	0.051133954	3.962026834	30.80724765	0	0
2.1871	0.051387695	3.962652879	30.84302166	0	0
2.1871	0.051642319	3.963279362	30.87882068	0	0
2.1871	0.051897826	3.96390628	30.9146446	0	0
2.1871	0.052154219	3.964533633	30.95049333	0	0
2.1871	0.052411498	3.965161418	30.98636677	0	0
2.1871	0.052669665	3.965789634	31.0222648	0	0
2.1871	0.052928722	3.966418278	31.05818734	0	0
2.1871	0.05318867	3.96704735	31.09413427	0	0
2.1871	0.053449512	3.967676846	31.13010549	0	0
2.1871	0.053711248	3.968306766	31.1661009	0	0
2.1871	0.05397388	3.968937107	31.2021204	0	0
2.1871	0.05423741	3.969567868	31.23816389	0	0
2.1871	0.054501839	3.970199047	31.27423125	0	0
2.1871	0.054767169	3.970830642	31.31032238	0	0
2.1871	0.055033401	3.971462651	31.34643719	0	0
2.1871	0.055300537	3.972095072	31.38257556	0	0
2.1871	0.055568579	3.972727904	31.41873739	0	0
2.1871	0.055837528	3.973361145	31.45492258	0	0
2.1871	0.056107385	3.973994793	31.49113102	0	0
2.1871	0.056378152	3.974628846	31.5273626	0	0
2.1871	0.056649832	3.975263301	31.56361722	0	0
2.1871	0.056922424	3.975898159	31.59989478	0	0
2.1871	0.057195932	3.976533415	31.63619516	0	0
2.1871	0.057470356	3.97716907	31.67251826	0	0
2.1871	0.057745697	3.97780512	31.70886398	0	0
2.1871	0.058021958	3.978441564	31.7452322	0	0
2.1871	0.058299141	3.9790784	31.78162283	0	0
2.1871	0.058577245	3.979715626	31.81803575	0	0
2.1871	0.058856274	3.98035324	31.85447085	0	0
2.1871	0.059136229	3.980991241	31.89092803	0	0
2.1871	0.05941711	3.981629626	31.92740718	0	0
2.1871	0.059698921	3.982268393	31.9639082	0	0
2.1871	0.059981661	3.982907542	32.00043096	0	0
2.1871	0.060265334	3.983547069	32.03697537	0	0
2.1871	0.060549939	3.984186973	32.07354132	0	0
2.1871	0.06083548	3.984827252	32.1101287	0	0
2.1871	0.061121957	3.985467904	32.14673739	0	0
2.1871	0.061409371	3.986108928	32.18336729	0	0
2.1871	0.061697726	3.98675032	32.22001829	0	0
2.1871	0.061987021	3.98739208	32.25669027	0	0
2.1871	0.062277258	3.988034205	32.29338314	0	0
2.1871	0.062568439	3.988676694	32.33009677	0	0
2.1871	0.062860566	3.989319544	32.36683106	0	0
2.1871	0.06315364	3.989962753	32.4035859	0	0
2.1871	0.063447662	3.990606321	32.44036117	0	0
2.1871	0.063742634	3.991250243	32.47715677	0	0
2.1871	0.064038558	3.99189452	32.51397258	0	0
2.1871	0.064335435	3.992539149	32.55080849	0	0
2.1871	0.064633266	3.993184127	32.58766439	0	0
2.1871	0.064932053	3.993829453	32.62454017	0	0
2.1871	0.065231798	3.994475125	32.66143571	0	0
2.1871	0.065532501	3.995121141	32.6983509	0	0
2.1871	0.065834165	3.995767499	32.73528563	0	0
2.1871	0.066136791	3.996414196	32.77223979	0	0
2.1871	0.066440381	3.997061232	32.80921326	0	0
2.1871	0.066744935	3.997708604	32.84620593	0	0
2.1871	0.067050456	3.998356309	32.88321768	0	0
2.1871	0.067356945	3.999004347	32.92024841	0	0
2.1871	0.067664403	3.999652715	32.95729799	0	0
2.1871	0.067972832	4.000301411	32.99436632	0	0
2.1871	0.068282233	4.000950432	33.03145327	0	0
2.1871	0.068592608	4.001599778	33.06855874	0	0
2.1871	0.068903959	4.002249446	33.10568261	0	0
2.1871	0.069216286	4.002899433	33.14282476	0	0
2.1871	0.069529591	4.003549739	33.17998507	0	0
2.1871	0.069843876	4.00420036	33.21716344	0	0
2.1871	0.070159142	4.004851296	33.25435974	0	0
2.1871	0.070475391	4.005502543	33.29157387	0	0
2.1871	0.070792624	4.0061541	33.32880569	0	0
2.1871	0.071110842	4.006805964	33.3660551	0	0
2.1871	0.071430047	4.007458135	33.40332199	0	0
2.1871	0.071750241	4.008110609	33.44060622	0	0
2.1871	0.072071424	4.008763385	33.47790769	0	0
2.1871	0.072393599	4.00941646	33.51522627	0	0
2.1871	0.072716766	4.010069833	33.55256186	0	0
2.1871	0.073040928	4.010723501	33.58991433	0	0
2.1871	0.073366085	4.011377462	33.62728356	0	0
2.1871	0.07369224	4.012031715	33.66466943	0	0
2.1871	0.074019392	4.012686257	33.70207184	0	0
2.1871	0.074347545	4.013341086	33.73949065	0	0
2.1871	0.074676699	4.013996201	33.77692574	0	0
2.1871	0.075006856	4.014651598	33.81437701	0	0
2.1871	0.075338017	4.015307276	33.85184433	0	0
2.1871	0.075670183	4.015963233	33.88932757	0	0
2.1871	0.076003357	4.016619466	33.92682663	0	0
2.1871	0.076337539	4.017275974	33.96434137	0	0
2.1871	0.076672731	4.017932755	34.00187169	0	0
2.1871	0.077008934	4.018589805	34.03941745	0	0
2.1871	0.07734615	4.019247124	34.07697854	0	0
2.1871	0.07768438	4.01990471	34.11455483	0	0
2.1871	0.078023625	4.020562559	34.15214621	0	0
2.1871	0.078363887	4.02122067	34.18975256	0	0
2.1871	0.078705168	4.02187904	34.22737374	0	0
2.1871	0.079047468	4.022537669	34.26500965	0	0
2.1871	0.079390789	4.023196553	34.30266015	0	0
2.1871	0.079735133	4.02385569	34.34032512	0	0
2.1871	0.0800805	4.024515078	34.37800445	0	0
2.1871	0.080426893	4.025174715	34.41569801	0	0
2.1871	0.080774312	4.025834599	34.45340567	0	0
2.1871	0.081122759	4.026494728	34.49112732	0	0
2.1871	0.081472236	4.027155099	34.52886282	0	0
2.1871	0.081822743	4.027815711	34.56661206	0	0
2.1871	0.082174283	4.028476561	34.60437491	0	0
2.1871	0.082526855	4.029137647	34.64215125	0	0
2.1871	0.082880463	4.029798967	34.67994095	0	0
2.1871	0.083235107	4.030460518	34.71774388	0	0
2.1871	0.083590788	4.031122299	34.75555993	0	0
2.1871	0.083947508	4.031784307	34.79338897	0	0
2.1871	0.084305269	4.03244654	34.83123087	0	0
2.1871	0.084664071	4.033108996	34.8690855	0	0
2.1871	0.085023916	4.033771673	34.90695275	0	0
2.1871	0.085384805	4.034434568	34.94483248	0	0
2.1871	0.08574674	4.03509768	34.98272457	0	0
2.1871	0.086109722	4.035761006	35.02062889	0	0
2.1871	0.086473752	4.036424543	35.05854532	0	0
2.1871	0.086838831	4.03708829	35.09647373	0	0
2.1871	0.087204962	4.037752245	35.13441398	0	0
2.1871	0.087572145	4.038416404	35.17236596	0	0
2.1871	0.087940382	4.039080767	35.21032954	0	0
2.1871	0.088309673	4.03974533	35.24830458	0	0
2.1871	0.088680021	4.040410092	35.28629097	0	0
2.1871	0.089051426	4.04107505	35.32428857	0	0
2.1871	0.08942389	4.041740202	35.36229725	0	0
2.1871	0.089797414	4.042405545	35.40031688	0	0
2.1871	0.090172	4.043071079	35.43834735	0	0
2.1871	0.090547648	4.043736799	35.47638851	0	0
2.1871	0.090924361	4.044402704	35.51444023	0	0
2.1871	0.091302139	4.045068792	35.5525024	0	0
2.1871	0.091680983	4.04573506	35.59057487	0	0
2.1871	0.092060896	4.046401507	35.62865752	0	0
2.1871	0.092441878	4.047068129	35.66675022	0	0
2.1871	0.09282393	4.047734925	35.70485283	0	0
2.1871	0.093207054	4.048401892	35.74296524	0	0
2.1871	0.093591251	4.049069028	35.7810873	0	0
2.1871	0.093976522	4.04973633	35.81921888	0	0
2.1871	0.094362869	4.050403797	35.85735986	0	0
2.1871	0.094750293	4.051071427	35.8955101	0	0
2.1871	0.095138795	4.051739216	35.93366946	0	0
2.1871	0.095528377	4.052407162	35.97183783	0	0
2.1871	0.095919039	4.053075264	36.01001506	0	0
2.1871	0.096310783	4.053743518	36.04820103	0	0
2.1871	0.09670361	4.054411923	36.0863956	0	0
2.1871	0.097097521	4.055080476	36.12459863	0	0
2.1871	0.097492518	4.055749175	36.16281	0	0
2.1871	0.097888602	4.056418017	36.20102957	0	0
2.1871	0.098285774	4.057087001	36.23925721	0	0
2.1871	0.098684036	4.057756124	36.27749278	0	0
2.1871	0.099083388	4.058425383	36.31573616	0	0
2.1871	0.099483832	4.059094776	36.3539872	0	0
2.1871	0.099885369	4.059764301	36.39224577	0	0
2.1871	0.100288	4.060433955	36.43051174	0	0
2.1871	0.100691726	4.061103737	36.46878497	0	0
2.1871	0.10109655	4.061773643	36.50706533	0	0
2.1871	0.101502471	4.062443672	36.54535268	0	0
2.1871	0.101909491	4.06311382	36.58364688	0	0
2.1871	0.102317612	4.063784087	36.62194781	0	0
2.1871	0.102726834	4.064454468	36.66025532	0	0
2.1871	0.103137158	4.065124962	36.69856928	0	0
2.1871	0.103548587	4.065795567	36.73688956	0	0
2.1871	0.10396112	4.06646628	36.77521601	0	0
2.1871	0.10437476	4.067137099	36.81354849	0	0
2.1871	0.104789507	4.067808021	36.85188689	0	0
2.1871	0.105205363	4.068479043	36.89023104	0	0
2.1871	0.105622329	4.069150164	36.92858082	0	0
2.1871	0.106040405	4.069821382	36.9669361	0	0
2.1871	0.106459594	4.070492693	37.00529672	0	0
2.1871	0.106879896	4.071164095	37.04366256	0	0
2.1871	0.107301312	4.071835586	37.08203348	0	0
2.1871	0.107723844	4.072507163	37.12040933	0	0
2.1871	0.108147493	4.073178825	37.15878998	0	0
2.1871	0.108572259	4.073850568	37.19717529	0	0
2.1871	0.108998145	4.07452239	37.23556512	0	0
2.1871	0.109425151	4.075194288	37.27395934	0	0
2.1871	0.109853277	4.075866261	37.31235779	0	0
2.1871	0.110282527	4.076538306	37.35076035	0	0
2.1871	0.1107129	4.07721042	37.38916686	0	0
2.1871	0.111144397	4.077882601	37.4275772	0	0
2.1871	0.111577021	4.078554846	37.46599122	0	0
2.1871	0.112010771	4.079227154	37.50440879	0	0
2.1871	0.112445649	4.079899521	37.54282975	0	0
2.1871	0.112881657	4.080571944	37.58125397	0	0
2.1871	0.113318795	4.081244423	37.61968131	0	0
2.1871	0.113757064	4.081916953	37.65811162	0	0
2.1871	0.114196465	4.082589534	37.69654477	0	0
2.1871	0.114637	4.083262161	37.73498062	0	0
2.1871	0.11507867	4.083934833	37.77341901	0	0
2.1871	0.115521475	4.084607547	37.81185981	0	0
2.1871	0.115965417	4.0852803	37.85030288	0	0
2.1871	0.116410497	4.085953091	37.88874807	0	0
2.1871	0.116856716	4.086625917	37.92719524	0	0
2.1871	0.117304075	4.087298774	37.96564425	0	0
2.1871	0.117752575	4.087971662	38.00409495	0	0
2.1871	0.118202217	4.088644576	38.0425472	0	0
2.1871	0.118653003	4.089317515	38.08100086	0	0
2.1871	0.119104932	4.089990476	38.11945578	0	0
2.1871	0.119558007	4.090663457	38.15791182	0	0
2.1871	0.120012228	4.091336455	38.19636884	0	0
2.1871	0.120467597	4.092009467	38.23482668	0	0
2.1871	0.120924114	4.092682491	38.27328521	0	0
2.1871	0.12138178	4.093355525	38.31174428	0	0
2.1871	0.121840597	4.094028566	38.35020374	0	0
2.1871	0.122300565	4.09470161	38.38866346	0	0
2.1871	0.122761686	4.095374657	38.42712327	0	0
2.1871	0.123223961	4.096047703	38.46558305	0	0
2.1871	0.12368739	4.096720746	38.50404263	0	0
2.1871	0.124151974	4.097393783	38.54250189	0	0
2.1871	0.124617715	4.098066812	38.58096066	0	0
2.1871	0.125084614	4.098739829	38.6194188	0	0
2.1871	0.125552671	4.099412833	38.65787617	0	0
2.1871	0.126021888	4.100085821	38.69633262	0	0
2.1871	0.126492265	4.10075879	38.734788	0	0
2.1871	0.126963804	4.101431738	38.77324217	0	0
2.1871	0.127436505	4.102104662	38.81169497	0	0
2.1871	0.12791037	4.10277756	38.85014626	0	0
2.1871	0.128385399	4.103450428	38.88859589	0	0
2.1871	0.128861594	4.104123265	38.92704371	0	0
2.1871	0.129338955	4.104796068	38.96548958	0	0
2.1871	0.129817483	4.105468834	39.00393335	0	0
2.1871	0.13029718	4.10614156	39.04237486	0	0
2.1871	0.130778046	4.106814244	39.08081396	0	0
2.1871	0.131260081	4.107486884	39.11925052	0	0
2.1871	0.131743288	4.108159477	39.15768438	0	0
2.1871	0.132227667	4.108832019	39.19611538	0	0
2.1871	0.132713219	4.109504509	39.23454339	0	0
2.1871	0.133199945	4.110176944	39.27296824	0	0
2.1871	0.133687846	4.110849321	39.31138979	0	0
2.1871	0.134176922	4.111521638	39.3498079	0	0
2.1871	0.134667175	4.112193892	39.3882224	0	0
2.1871	0.135158606	4.11286608	39.42663315	0	0
2.1871	0.135651215	4.1135382	39.46503999	0	0
2.1871	0.136145003	4.114210249	39.50344278	0	0
2.1871	0.136639972	4.114882224	39.54184137	0	0
2.1871	0.137136121	4.115554123	39.5802356	0	0
2.1871	0.137633453	4.116225943	39.61862532	0	0
2.1871	0.138131968	4.116897682	39.65701037	0	0
2.1871	0.138631666	4.117569336	39.69539062	0	0
2.1871	0.139132549	4.118240903	39.7337659	0	0
2.1871	0.139634617	4.118912381	39.77213606	0	0
2.1871	0.140137872	4.119583767	39.81050094	0	0
2.1871	0.140642314	4.120255057	39.84886041	0	0
2.1871	0.141147944	4.12092625	39.8872143	0	0
2.1871	0.141654763	4.121597343	39.92556245	0	0
2.1871	0.142162772	4.122268333	39.96390473	0	0
2.1871	0.142671971	4.122939217	40.00224096	0	0
2.1871	0.143182362	4.123609993	40.04057101	0	0
2.1871	0.143693945	4.124280657	40.07889471	0	0
2.1871	0.144206721	4.124951208	40.11721191	0	0
2.1871	0.144720691	4.125621643	40.15552245	0	0
2.1871	0.145235856	4.126291958	40.19382619	0	0
2.1871	0.145752216	4.126962152	40.23212296	0	0
2.1871	0.146269772	4.127632221	40.27041262	0	0
2.1871	0.146788526	4.128302162	40.308695	0	0
2.1871	0.147308477	4.128971974	40.34696995	0	0
2.1871	0.147829628	4.129641653	40.38523731	0	0
2.1871	0.148351977	4.130311196	40.42349694	0	0
2.1871	0.148875527	4.130980602	40.46174867	0	0
2.1871	0.149400278	4.131649866	40.49999234	0	0
2.1871	0.149926231	4.132318987	40.53822781	0	0
2.1871	0.150453387	4.132987961	40.57645491	0	0
2.1871	0.150981746	4.133656786	40.61467349	0	0
2.1871	0.151511308	4.134325459	40.65288339	0	0
2.1871	0.152042076	4.134993978	40.69108446	0	0
2.1871	0.152574049	4.135662339	40.72927653	0	0
2.1871	0.153107229	4.13633054	40.76745945	0	0
2.1871	0.153641616	4.136998579	40.80563306	0	0
2.1871	0.15417721	4.137666451	40.8437972	0	0
2.1871	0.154714013	4.138334155	40.88195173	0	0
2.1871	0.155252025	4.139001688	40.92009647	0	0
2.1871	0.155791248	4.139669047	40.95823126	0	0
2.1871	0.156331681	4.140336229	40.99635596	0	0
2.1871	0.156873325	4.141003232	41.03447041	0	0
2.1871	0.157416181	4.141670053	41.07257443	0	0
2.1871	0.15796025	4.142336688	41.11066788	0	0
2.1871	0.158505533	4.143003135	41.1487506	0	0
2.1871	0.159052029	4.143669392	41.18682242	0	0
2.1871	0.159599741	4.144335456	41.22488319	0	0
2.1871	0.160148668	4.145001323	41.26293274	0	0
2.1871	0.160698811	4.145666991	41.30097092	0	0
2.1871	0.161250171	4.146332457	41.33899757	0	0
2.1871	0.161802748	4.146997719	41.37701252	0	0
2.1871	0.162356544	4.147662773	41.41501562	0	0
2.1871	0.162911558	4.148327617	41.45300671	0	0
2.1871	0.163467792	4.148992248	41.49098562	0	0
2.1871	0.164025246	4.149656663	41.52895219	0	0
2.1871	0.16458392	4.15032086	41.56690627	0	0
2.1871	0.165143816	4.150984834	41.60484768	0	0
2.1871	0.165704934	4.151648585	41.64277628	0	0
2.1871	0.166267274	4.152312108	41.68069189	0	0
2.1871	0.166830838	4.152975401	41.71859436	0	0
2.1871	0.167395625	4.153638462	41.75648353	0	0
2.1871	0.167961637	4.154301286	41.79435922	0	0
2.1871	0.168528874	4.154963873	41.83222129	0	0
2.1871	0.169097336	4.155626217	41.87006956	0	0
2.1871	0.169667024	4.156288318	41.90790388	0	0
2.1871	0.17023794	4.156950171	41.94572408	0	0
2.1871	0.170810082	4.157611775	41.98353	0	0
2.1871	0.171383452	4.158273126	42.02132148	0	0
2.1871	0.171958051	4.158934221	42.05909834	0	0
2.1871	0.172533879	4.159595058	42.09686044	0	0
2.1871	0.173110936	4.160255633	42.1346076	0	0
2.1871	0.173689224	4.160915944	42.17233966	0	0
2.1871	0.174268742	4.161575988	42.21005646	0	0
2.1871	0.174849491	4.162235762	42.24775783	0	0
2.1871	0.175431472	4.162895263	42.28544361	0	0
2.1871	0.176014685	4.163554489	42.32311364	0	0
2.1871	0.176599131	4.164213436	42.36076775	0	0
2.1871	0.17718481	4.164872101	42.39840577	0	0
2.1871	0.177771723	4.165530482	42.43602754	0	0
2.1871	0.17835987	4.166188576	42.4736329	0	0
2.1871	0.178949252	4.166846379	42.51122167	0	0
2.1871	0.179539869	4.16750389	42.5487937	0	0
2.1871	0.180131722	4.168161104	42.58634882	0	0
2.1871	0.180724811	4.16881802	42.62388687	0	0
2.1871	0.181319136	4.169474634	42.66140767	0	0
2.1871	0.181914699	4.170130944	42.69891106	0	0
2.1871	0.1825115	4.170786945	42.73639688	0	0
2.1871	0.183109538	4.171442637	42.77386495	0	0
2.1871	0.183708816	4.172098015	42.81131512	0	0
2.1871	0.184309332	4.172753076	42.84874721	0	0
2.1871	0.184911087	4.173407819	42.88616106	0	0
2.1871	0.185514083	4.174062239	42.9235565	0	0
2.1871	0.186118318	4.174716334	42.96093337	0	0
2.1871	0.186723795	4.175370101	42.99829149	0	0
2.1871	0.187330512	4.176023537	43.03563071	0	0
2.1871	0.187938471	4.17667664	43.07295085	0	0
2.1871	0.188547672	4.177329405	43.11025174	0	0
2.1871	0.189158116	4.177981831	43.14753321	0	0
2.1871	0.189769802	4.178633914	43.18479511	0	0
2.1871	0.190382731	4.179285652	43.22203726	0	0
2.1871	0.190996904	4.179937041	43.25925949	0	0
2.1871	0.19161232	4.180588079	43.29646163	0	0
2.1871	0.192228981	4.181238762	43.33364352	0	0
2.1871	0.192846886	4.181889087	43.37080498	0	0
2.1871	0.193466037	4.182539052	43.40794585	0	0
2.1871	0.194086432	4.183188654	43.44506596	0	0
2.1871	0.194708074	4.18383789	43.48216514	0	0
2.1871	0.195330961	4.184486756	43.51924322	0	0
2.1871	0.195955095	4.185135251	43.55630003	0	0
2.1871	0.196580475	4.18578337	43.5933354	0	0
2.1871	0.197207103	4.18643111	43.63034916	0	0
2.1871	0.197834977	4.18707847	43.66734114	0	0
2.1871	0.1984641	4.187725446	43.70431118	0	0
2.1871	0.19909447	4.188372034	43.74125909	0	0
2.1871	0.199726089	4.189018233	43.77818472	0	0
2.1871	0.200358956	4.189664038	43.81508788	0	0
2.1871	0.200993072	4.190309447	43.85196842	0	0
2.1871	0.201628437	4.190954458	43.88882615	0	0
2.1871	0.202265051	4.191599066	43.92566091	0	0
2.1871	0.202902915	4.192243269	43.96247253	0	0
2.1871	0.203542029	4.192887065	43.99926084	0	0
2.1871	0.204182393	4.193530449	44.03602566	0	0
2.1871	0.204824008	4.194173419	44.07276682	0	0
2.1871	0.205466873	4.194815973	44.10948415	0	0
2.1871	0.206110989	4.195458106	44.14617749	0	0
2.1871	0.206756356	4.196099816	44.18284665	0	0
2.1871	0.207402974	4.196741101	44.21949147	0	0
2.1871	0.208050845	4.197381956	44.25611177	0	0
2.1871	0.208699967	4.198022379	44.29270739	0	0
2.1871	0.20935034	4.198662367	44.32927814	0	0
2.1871	0.210001967	4.199301918	44.36582386	0	0
2.1871	0.210654845	4.199941027	44.40234438	0	0
2.1871	0.211308976	4.200579692	44.43883952	0	0
2.1871	0.21196436	4.201217909	44.47530911	0	0
2.1871	0.212620997	4.201855677	44.51175297	0	0
2.1871	0.213278887	4.202492991	44.54817094	0	0
2.1871	0.21393803	4.20312985	44.58456284	0	0
2.1871	0.214598427	4.203766249	44.62092849	0	0
2.1871	0.215260077	4.204402185	44.65726773	0	0
2.1871	0.215922981	4.205037657	44.69358038	0	0
2.1871	0.216587139	4.20567266	44.72986626	0	0
2.1871	0.217252551	4.206307191	44.76612521	0	0
2.1871	0.217919217	4.206941248	44.80235704	0	0
2.1871	0.218587137	4.207574828	44.83856159	0	0
2.1871	0.219256312	4.208207927	44.87473868	0	0
2.1871	0.219926741	4.208840542	44.91088813	0	0
2.1871	0.220598425	4.209472671	44.94700978	0	0
2.1871	0.221271363	4.21010431	44.98310344	0	0
2.1871	0.221945557	4.210735457	45.01916894	0	0
2.1871	0.222621005	4.211366107	45.05520612	0	0
2.1871	0.223297708	4.211996259	45.09121478	0	0
2.1871	0.223975666	4.212625908	45.12719477	0	0
2.1871	0.224654879	4.213255053	45.16314589	0	0
2.1871	0.225335347	4.21388369	45.19906799	0	0
2.1871	0.22601707	4.214511815	45.23496087	0	0
2.1871	0.226700049	4.215139427	45.27082437	0	0
2.1871	0.227384283	4.215766521	45.30665832	0	0
2.1871	0.228069772	4.216393094	45.34246253	0	0
2.1871	0.228756516	4.217019144	45.37823683	0	0
2.1871	0.229444516	4.217644668	45.41398104	0	0
2.1871	0.230133771	4.218269662	45.44969499	0	0
2.1871	0.230824281	4.218894124	45.48537851	0	0
2.1871	0.231516047	4.21951805	45.52103141	0	0
2.1871	0.232209068	4.220141437	45.55665352	0	0
2.1871	0.232903344	4.220764282	45.59224466	0	0
2.1871	0.233598876	4.221386582	45.62780466	0	0
2.1871	0.234295663	4.222008333	45.66333334	0	0
2.1871	0.234993705	4.222629534	45.69883052	0	0
2.1871	0.235693002	4.223250181	45.73429603	0	0
2.1871	0.236393555	4.22387027	45.76972969	0	0
2.1871	0.237095362	4.224489798	45.80513133	0	0
2.1871	0.237798425	4.225108763	45.84050076	0	0
2.1871	0.238502742	4.225727162	45.8758378	0	0
2.1871	0.239208315	4.22634499	45.91114229	0	0
2.1871	0.239915142	4.226962246	45.94641405	0	0
2.1871	0.240623224	4.227578926	45.98165289	0	0
2.1871	0.24133256	4.228195026	46.01685864	0	0
2.1871	0.242043151	4.228810545	46.05203112	0	0
2.1871	0.242754997	4.229425478	46.08717015	0	0
2.1871	0.243468096	4.230039822	46.12227556	0	0
2.1871	0.24418245	4.230653576	46.15734717	0	0
2.1871	0.244898058	4.231266734	46.1923848	0	0
2.1871	0.24561492	4.231879295	46.22738827	0	0
2.1871	0.246333036	4.232491255	46.2623574	0	0
2.1871	0.247052405	4.23310261	46.29729202	0	0
2.1871	0.247773028	4.233713359	46.33219195	0	0
2.1871	0.248494904	4.234323498	46.36705701	0	0
2.1871	0.249218033	4.234933023	46.40188701	0	0
2.1871	0.249942415	4.235541931	46.43668179	0	0
2.1871	0.25066805	4.23615022	46.47144116	0	0
2.1871	0.251394938	4.236757886	46.50616494	0	0
2.1871	0.252123078	4.237364927	46.54085296	0	0
2.1871	0.25285247	4.237971338	46.57550504	0	0
2.1871	0.253583114	4.238577117	46.61012099	0	0
2.1871	0.25431501	4.239182261	46.64470064	0	0
2.1871	0.255048157	4.239786767	46.67924381	0	0
2.1871	0.255782556	4.240390631	46.71375032	0	0
2.1871	0.256518206	4.24099385	46.74821999	0	0
2.1871	0.257255106	4.241596421	46.78265264	0	0
2.1871	0.257993258	4.242198342	46.81704809	0	0
2.1871	0.258732659	4.242799608	46.85140616	0	0
2.1871	0.259473311	4.243400217	46.88572668	0	0
2.1871	0.260215212	4.244000165	46.92000946	0	0
2.1871	0.260958363	4.244599451	46.95425432	0	0
2.1871	0.261702763	4.245198069	46.98846108	0	0
2.1871	0.262448412	4.245796017	47.02262957	0	0
2.1871	0.26319531	4.246393293	47.0567596	0	0
2.1871	0.263943456	4.246989892	47.09085099	0	0
2.1871	0.26469285	4.247585812	47.12490356	0	0
2.1871	0.265443491	4.24818105	47.15891714	0	0
2.1871	0.26619538	4.248775602	47.19289154	0	0
2.1871	0.266948517	4.249369465	47.22682658	0	0
2.1871	0.267702899	4.249962637	47.26072209	0	0
2.1871	0.268458528	4.250555113	47.29457787	0	0
2.1871	0.269215404	4.251146891	47.32839376	0	0
2.1871	0.269973524	4.251737967	47.36216956	0	0
2.1871	0.27073289	4.252328339	47.39590511	0	0
2.1871	0.271493501	4.252918004	47.42960021	0	0
2.1871	0.272255356	4.253506957	47.46325469	0	0
2.1871	0.273018456	4.254095196	47.49686837	0	0
2.1871	0.273782799	4.254682719	47.53044106	0	0
2.1871	0.274548385	4.25526952	47.56397259	0	0
2.1871	0.275315215	4.255855599	47.59746278	0	0
2.1871	0.276083287	4.25644095	47.63091143	0	0
2.1871	0.2768526	4.257025572	47.66431838	0	0
2.1871	0.277623156	4.25760946	47.69768344	0	0
2.1871	0.278394952	4.258192613	47.73100643	0	0
2.1871	0.27916799	4.258775026	47.76428717	0	0
2.1871	0.279942267	4.259356696	47.79752548	0	0
2.1871	0.280717785	4.259937621	47.83072117	0	0
2.1871	0.281494541	4.260517796	47.86387407	0	0
2.1871	0.282272537	4.26109722	47.89698399	0	0
2.1871	0.283051771	4.261675888	47.93005075	0	0
2.1871	0.283832243	4.262253798	47.96307417	0	0
2.1871	0.284613952	4.262830946	47.99605407	0	0
2.1871	0.285396898	4.26340733	48.02899027	0	0
2.1871	0.286181081	4.263982945	48.06188258	0	0
2.1871	0.286966499	4.264557789	48.09473082	0	0
2.1871	0.287753152	4.265131859	48.12753482	0	0
2.1871	0.288541041	4.265705152	48.16029439	0	0
2.1871	0.289330163	4.266277663	48.19300934	0	0
2.1871	0.29012052	4.266849391	48.2256795	0	0
2.1871	0.290912109	4.267420332	48.25830469	0	0
2.1871	0.291704931	4.267990483	48.29088472	0	0
2.1871	0.292498985	4.26855984	48.3234194	0	0
2.1871	0.293294271	4.2691284	48.35590857	0	0
2.1871	0.294090787	4.269696161	48.38835203	0	0
2.1871	0.294888533	4.270263118	48.42074961	0	0
2.1871	0.29568751	4.27082927	48.45310112	0	0
2.1871	0.296487715	4.271394612	48.48540638	0	0
2.1871	0.297289148	4.271959141	48.5176652	0	0
2.1871	0.29809181	4.272522855	48.54987742	0	0
2.1871	0.298895698	4.27308575	48.58204283	0	0
2.1871	0.299700814	4.273647822	48.61416127	0	0
2.1871	0.300507155	4.27420907	48.64623255	0	0
2.1871	0.301314721	4.274769488	48.67825648	0	0
2.1871	0.302123512	4.275329075	48.71023289	0	0
2.1871	0.302933526	4.275887828	48.74216158	0	0
2.1871	0.303744764	4.276445742	48.77404239	0	0
2.1871	0.304557225	4.277002815	48.80587513	0	0
2.1871	0.305370907	4.277559043	48.83765961	0	0
2.1871	0.306185811	4.278114424	48.86939565	0	0
2.1871	0.307001935	4.278668954	48.90108307	0	0
2.1871	0.307819279	4.27922263	48.93272169	0	0
2.1871	0.308637841	4.279775448	48.96431133	0	0
2.1871	0.309457623	4.280327406	48.99585179	0	0
2.1871	0.310278621	4.280878501	49.02734291	0	0
2.1871	0.311100837	4.281428729	49.05878449	0	0
2.1871	0.311924269	4.281978086	49.09017636	0	0
2.1871	0.312748916	4.282526571	49.12151833	0	0
2.1871	0.313574777	4.283074179	49.15281022	0	0
2.1871	0.314401852	4.283620907	49.18405185	0	0
2.1871	0.315230141	4.284166753	49.21524303	0	0
2.1871	0.316059641	4.284711713	49.24638358	0	0
2.1871	0.316890353	4.285255783	49.27747333	0	0
2.1871	0.317722276	4.285798961	49.30851208	0	0
2.1871	0.318555409	4.286341244	49.33949965	0	0
2.1871	0.31938975	4.286882628	49.37043587	0	0
2.1871	0.3202253	4.287423109	49.40132054	0	0
2.1871	0.321062057	4.287962686	49.43215349	0	0
2.1871	0.321900021	4.288501354	49.46293454	0	0
2.1871	0.32273919	4.289039111	49.49366349	0	0
2.1871	0.323579564	4.289575953	49.52434018	0	0
2.1871	0.324421142	4.290111877	49.55496441	0	0
2.1871	0.325263924	4.29064688	49.585536	0	0
2.1871	0.326107907	4.291180959	49.61605477	0	0
2.1871	0.326953092	4.29171411	49.64652054	0	0
2.1871	0.327799477	4.29224633	49.67693313	0	0
2.1871	0.328647062	4.292777616	49.70729235	0	0
2.1871	0.329495845	4.293307965	49.73759802	0	0
2.1871	0.330345826	4.293837374	49.76784996	0	0
2.1871	0.331197004	4.29436584	49.79804798	0	0
2.1871	0.332049378	4.294893358	49.82819191	0	0
2.1871	0.332902947	4.295419927	49.85828155	0	0
2.1871	0.33375771	4.295945543	49.88831674	0	0
2.1871	0.334613665	4.296470202	49.91829728	0	0
2.1871	0.335470813	4.296993902	49.94822299	0	0
2.1871	0.336329152	4.29751664	49.97809369	0	0
2.1871	0.337188681	4.298038411	50.0079092	0	0
2.1871	0.3380494	4.298559213	50.03766933	0	0
2.1871	0.338911306	4.299079043	50.06737391	0	0
2.1871	0.3397744	4.299597898	50.09702275	0	0
2.1871	0.340638679	4.300115774	50.12661566	0	0
2.1871	0.341504144	4.300632668	50.15615248	0	0
2.1871	0.342370793	4.301148578	50.185633	0	0
2.1871	0.343238625	4.301663499	50.21505706	0	0
2.1871	0.34410764	4.302177428	50.24442446	0	0
2.1871	0.344977835	4.302690363	50.27373504	0	0
2.1871	0.34584921	4.3032023	50.30298859	0	0
2.1871	0.346721764	4.303713237	50.33218495	0	0
2.1871	0.347595496	4.304223169	50.36132393	0	0
2.1871	0.348470405	4.304732094	50.39040535	0	0
2.1871	0.349346489	4.305240008	50.41942902	0	0
2.1871	0.350223748	4.305746908	50.44839477	0	0
2.1871	0.35110218	4.306252792	50.47730241	0	0
2.1871	0.351981785	4.306757656	50.50615176	0	0
2.1871	0.352862561	4.307261496	50.53494264	0	0
2.1871	0.353744507	4.30776431	50.56367486	0	0
2.1871	0.354627622	4.308266094	50.59234825	0	0
2.1871	0.355511906	4.308766846	50.62096262	0	0
2.1871	0.356397355	4.309266561	50.64951779	0	0
2.1871	0.357283971	4.309765238	50.67801358	0	0
2.1871	0.35817175	4.310262872	50.7064498	0	0
2.1871	0.359060694	4.31075946	50.73482629	0	0
2.1871	0.359950799	4.311255	50.76314284	0	0
2.1871	0.360842065	4.311749488	50.79139929	0	0
2.1871	0.36173449	4.31224292	50.81959545	0	0
2.1871	0.362628075	4.312735295	50.84773114	0	0
2.1871	0.363522816	4.313226608	50.87580617	0	0
2.1871	0.364418714	4.313716857	50.90382038	0	0
2.1871	0.365315766	4.314206037	50.93177357	0	0
2.1871	0.366213972	4.314694147	50.95966556	0	0
2.1871	0.367113331	4.315181183	50.98749617	0	0
2.1871	0.36801384	4.315667142	51.01526523	0	0
2.1871	0.3689155	4.31615202	51.04297255	0	0
2.1871	0.369818308	4.316635814	51.07061794	0	0
2.1871	0.370722263	4.317118522	51.09820124	0	0
2.1871	0.371627365	4.317600139	51.12572225	0	0
2.1871	0.372533611	4.318080664	51.1531808	0	0
2.1871	0.373441001	4.318560092	51.18057671	0	0
2.1871	0.374349533	4.319038421	51.20790979	0	0
2.1871	0.375259206	4.319515648	51.23517987	0	0
2.1871	0.376170018	4.319991768	51.26238676	0	0
2.1871	0.377081969	4.32046678	51.28953028	0	0
2.1871	0.377995056	4.320940679	51.31661025	0	0
2.1871	0.378909279	4.321413464	51.3436265	0	0
2.1871	0.379824637	4.32188513	51.37057884	0	0
2.1871	0.380741127	4.322355674	51.3974671	0	0
2.1871	0.381658749	4.322825094	51.42429108	0	0
2.1871	0.382577501	4.323293386	51.45105062	0	0
2.1871	0.383497381	4.323760547	51.47774553	0	0
2.1871	0.384418389	4.324226573	51.50437563	0	0
2.1871	0.385340523	4.324691463	51.53094074	0	0
2.1871	0.386263782	4.325155212	51.55744068	0	0
2.1871	0.387188163	4.325617817	51.58387528	0	0
2.1871	0.388113667	4.326079276	51.61024435	0	0
2.1871	0.38904029	4.326539585	51.63654771	0	0
2.1871	0.389968033	4.326998741	51.66278519	0	0
2.1871	0.390896893	4.32745674	51.68895659	0	0
2.1871	0.391826869	4.327913581	51.71506176	0	0
2.1871	0.392757959	4.328369259	51.7411005	0	0
2.1871	0.393690163	4.328823771	51.76707263	0	0
2.1871	0.394623478	4.329277115	51.79297799	0	0
2.1871	0.395557903	4.329729287	51.81881638	0	0
2.1871	0.396493437	4.330180284	51.84458763	0	0
2.1871	0.397430078	4.330630102	51.87029156	0	0
2.1871	0.398367824	4.33107874	51.895928	0	0
2.1871	0.399306675	4.331526193	51.92149676	0	0
2.1871	0.400246628	4.331972459	51.94699766	0	0
2.1871	0.401187682	4.332417534	51.97243053	0	0
2.1871	0.402129836	4.332861416	51.99779518	0	0
2.1871	0.403073087	4.3333041	52.02309145	0	0
2.1871	0.404017435	4.333745585	52.04831915	0	0
2.1871	0.404962878	4.334185867	52.0734781	0	0
2.1871	0.405909414	4.334624942	52.09856813	0	0
2.1871	0.406857042	4.335062809	52.12358906	0	0
2.1871	0.40780576	4.335499462	52.1485407	0	0
2.1871	0.408755566	4.335934901	52.17342289	0	0
2.1871	0.409706459	4.33636912	52.19823545	0	0
2.1871	0.410658438	4.336802118	52.22297819	0	0
2.1871	0.4116115	4.337233892	52.24765095	0	0
2.1871	0.412565645	4.337664437	52.27225353	0	0
2.1871	0.413520869	4.338093751	52.29678577	0	0
2.1871	0.414477173	4.338521831	52.3212475	0	0
2.1871	0.415434553	4.338948674	52.34563852	0	0
2.1871	0.416393009	4.339374277	52.36995867	0	0
2.1871	0.417352539	4.339798636	52.39420777	0	0
2.1871	0.418313141	4.340221749	52.41838564	0	0
2.1871	0.419274814	4.340643612	52.44249211	0	0
2.1871	0.420237555	4.341064222	52.466527	0	0
2.1871	0.421201363	4.341483577	52.49049013	0	0
2.1871	0.422166237	4.341901673	52.51438133	0	0
2.1871	0.423132174	4.342318507	52.53820042	0	0
2.1871	0.424099174	4.342734077	52.56194723	0	0
2.1871	0.425067233	4.343148378	52.58562158	0	0
2.1871	0.426036351	4.343561408	52.60922329	0	0
2.1871	0.427006526	4.343973163	52.6327522	0	0
2.1871	0.427977755	4.344383642	52.65620811	0	0
2.1871	0.428950038	4.34479284	52.67959087	0	0
2.1871	0.429923372	4.345200755	52.70290029	0	0
2.1871	0.430897756	4.345607384	52.7261362	0	0
2.1871	0.431873188	4.346012722	52.74929842	0	0
2.1871	0.432849666	4.346416769	52.77238679	0	0
2.1871	0.433827188	4.34681952	52.79540112	0	0
2.1871	0.434805753	4.347220972	52.81834124	0	0
2.1871	0.435785358	4.347621122	52.84120698	0	0
2.1871	0.436766002	4.348019968	52.86399816	0	0
2.1871	0.437747684	4.348417506	52.88671461	0	0
2.1871	0.4387304	4.348813733	52.90935615	0	0
2.1871	0.43971415	4.349208646	52.93192262	0	0
2.1871	0.440698931	4.349602242	52.95441383	0	0
2.1871	0.441684742	4.349994518	52.97682962	0	0
2.1871	0.44267158	4.350385472	52.99916981	0	0
2.1871	0.443659444	4.350775099	53.02143422	0	0
2.1871	0.444648333	4.351163397	53.0436227	0	0
2.1871	0.445638243	4.351550363	53.06573505	0	0
2.1871	0.446629173	4.351935995	53.08777112	0	0
2.1871	0.447621122	4.352320288	53.10973072	0	0
2.1871	0.448614087	4.35270324	53.13161369	0	0
2.1871	0.449608067	4.353084847	53.15341985	0	0
2.1871	0.450603059	4.353465108	53.17514904	0	0
2.1871	0.451599061	4.353844019	53.19680107	0	0
2.1871	0.452596072	4.354221576	53.21837578	0	0
2.1871	0.45359409	4.354597777	53.23987299	0	0
2.1871	0.454593112	4.35497262	53.26129254	0	0
2.1871	0.455593137	4.3553461	53.28263426	0	0
2.1871	0.456594163	4.355718214	53.30389796	0	0
2.1871	0.457596187	4.356088961	53.32508349	0	0
2.1871	0.458599209	4.356458337	53.34619067	0	0
2.1871	0.459603224	4.356826338	53.36721933	0	0
2.1871	0.460608233	4.357192963	53.3881693	0	0
2.1871	0.461614232	4.357558207	53.40904041	0	0
2.1871	0.46262122	4.357922068	53.42983248	0	0
2.1871	0.463629194	4.358284544	53.45054536	0	0
2.1871	0.464638153	4.35864563	53.47117887	0	0
2.1871	0.465648094	4.359005325	53.49173284	0	0
2.1871	0.466659016	4.359363624	53.5122071	0	0
2.1871	0.467670916	4.359720526	53.53260148	0	0
2.1871	0.468683793	4.360076027	53.55291581	0	0
2.1871	0.469697643	4.360430124	53.57314993	0	0
2.1871	0.470712466	4.360782814	53.59330367	0	0
2.1871	0.471728259	4.361134095	53.61337685	0	0
2.1871	0.47274502	4.361483963	53.63336931	0	0
2.1871	0.473762746	4.361832415	53.65328088	0	0
2.1871	0.474781436	4.362179449	53.67311139	0	0
2.1871	0.475801088	4.362525062	53.69286068	0	0
2.1871	0.476821699	4.36286925	53.71252858	0	0
2.1871	0.477843267	4.363212011	53.73211491	0	0
2.1871	0.47886579	4.363553342	53.75161952	0	0
2.1871	0.479889266	4.363893239	53.77104224	0	0
2.1871	0.480913693	4.364231701	53.79038289	0	0
2.1871	0.481939068	4.364568723	53.80964132	0	0
2.1871	0.48296539	4.364904304	53.82881735	0	0
2.1871	0.483992656	4.365238439	53.84791082	0	0
2.1871	0.485020864	4.365571127	53.86692157	0	0
2.1871	0.486050012	4.365902365	53.88584942	0	0
2.1871	0.487080097	4.366232149	53.90469422	0	0
2.1871	0.488111117	4.366560476	53.9234558	0	0
2.1871	0.489143071	4.366887345	53.94213398	0	0
2.1871	0.490175955	4.367212751	53.96072862	0	0
2.1871	0.491209768	4.367536692	53.97923953	0	0
2.1871	0.492244507	4.367859165	53.99766657	0	0
2.1871	0.49328017	4.368180167	54.01600955	0	0
2.1871	0.494316755	4.368499696	54.03426833	0	0
2.1871	0.49535426	4.368817748	54.05244273	0	0
2.1871	0.496392681	4.36913432	54.07053259	0	0
2.1871	0.497432018	4.369449411	54.08853775	0	0
2.1871	0.498472267	4.369763016	54.10645804	0	0
2.1871	0.499513427	4.370075133	54.12429331	0	0
2.1871	0.500555494	4.370385759	54.14204338	0	0
2.1871	0.501598467	4.370694892	54.1597081	0	0
2.1871	0.502642343	4.371002528	54.1772873	0	0
2.1871	0.503687121	4.371308664	54.19478082	0	0
2.1871	0.504732796	4.371613299	54.21218851	0	0
2.1871	0.505779368	4.371916428	54.22951018	0	0
2.1871	0.506826834	4.37221805	54.2467457	0	0
2.1871	0.507875192	4.37251816	54.26389489	0	0
2.1871	0.508924438	4.372816758	54.28095759	0	0
2.1871	0.509974571	4.373113839	54.29793364	0	0
2.1871	0.511025589	4.3734094	54.31482288	0	0
2.1871	0.512077488	4.37370344	54.33162515	0	0
2.1871	0.513130267	4.373995955	54.3483403	0	0
2.1871	0.514183923	4.374286943	54.36496815	0	0
2.1871	0.515238453	4.3745764	54.38150856	0	0
2.1871	0.516293856	4.374864324	54.39796135	0	0
2.1871	0.517350128	4.375150712	54.41432638	0	0
2.1871	0.518407268	4.375435561	54.43060348	0	0
2.1871	0.519465273	4.375718869	54.4467925	0	0
2.1871	0.520524139	4.376000632	54.46289327	0	0
2.1871	0.521583866	4.376280849	54.47890563	0	0
2.1871	0.52264445	4.376559515	54.49482944	0	0
2.1871	0.523705889	4.376836629	54.51066452	0	0
2.1871	0.524768181	4.377112188	54.52641073	0	0
2.1871	0.525831322	4.377386188	54.54206791	0	0
2.1871	0.526895311	4.377658628	54.55763589	0	0
2.1871	0.527960144	4.377929504	54.57311452	0	0
2.1871	0.52902582	4.378198814	54.58850365	0	0
2.1871	0.530092336	4.378466555	54.60380312	0	0
2.1871	0.531159689	4.378732724	54.61901277	0	0
2.1871	0.532227876	4.378997318	54.63413245	0	0
2.1871	0.533296896	4.379260335	54.649162	0	0
2.1871	0.534366745	4.379521772	54.66410126	0	0
2.1871	0.535437421	4.379781626	54.67895008	0	0
2.1871	0.536508922	4.380039895	54.69370831	0	0
2.1871	0.537581244	4.380296576	54.70837579	0	0
2.1871	0.538654385	4.380551666	54.72295237	0	0
2.1871	0.539728344	4.380805163	54.73743788	0	0
2.1871	0.540803116	4.381057063	54.75183219	0	0
2.1871	0.541878699	4.381307365	54.76613513	0	0
2.1871	0.542955091	4.381556065	54.78034655	0	0
2.1871	0.544032289	4.38180316	54.7944663	0	0
2.1871	0.545110291	4.382048649	54.80849423	0	0
2.1871	0.546189093	4.382292528	54.82243018	0	0
2.1871	0.547268694	4.382534795	54.836274	0	0
2.1871	0.54834909	4.382775447	54.85002553	0	0
2.1871	0.549430278	4.383014481	54.86368464	0	0
2.1871	0.550512257	4.383251895	54.87725116	0	0
2.1871	0.551595023	4.383487686	54.89072494	0	0
2.1871	0.552678574	4.383721852	54.90410584	0	0
2.1871	0.553762907	4.38395439	54.9173937	0	0
2.1871	0.554848019	4.384185297	54.93058837	0	0
2.1871	0.555933907	4.38441457	54.94368971	0	0
2.1871	0.55702057	4.384642207	54.95669755	0	0
2.1871	0.558108003	4.384868206	54.96961176	0	0
2.1871	0.559196205	4.385092563	54.98243219	0	0
2.1871	0.560285173	4.385315277	54.99515868	0	0
2.1871	0.561374903	4.385536344	55.00779108	0	0
2.1871	0.562465393	4.385755762	55.02032925	0	0
2.1871	0.563556641	4.385973528	55.03277304	0	0
2.1871	0.564648643	4.38618964	55.04512231	0	0
2.1871	0.565741397	4.386404096	55.05737689	0	0
2.1871	0.566834899	4.386616891	55.06953666	0	0
2.1871	0.567929148	4.386828025	55.08160145	0	0
2.1871	0.56902414	4.387037495	55.09357113	0	0
2.1871	0.570119873	4.387245297	55.10544554	0	0
2.1871	0.571216343	4.38745143	55.11722455	0	0
2.1871	0.572313548	4.38765589	55.128908	0	0
2.1871	0.573411485	4.387858676	55.14049575	0	0
2.1871	0.574510151	4.388059784	55.15198765	0	0
2.1871	0.575609544	4.388259212	55.16338356	0	0
2.1871	0.57670966	4.388456958	55.17468334	0	0
2.1871	0.577810496	4.38865302	55.18588684	0	0
2.1871	0.57891205	4.388847394	55.19699392	0	0
2.1871	0.580014319	4.389040077	55.20800442	0	0
2.1871	0.5811173	4.389231069	55.21891822	0	0
2.1871	0.58222099	4.389420365	55.22973517	0	0
2.1871	0.583325385	4.389607965	55.24045512	0	0
2.1871	0.584430484	4.389793864	55.25107793	0	0
2.1871	0.585536284	4.38997806	55.26160346	0	0
2.1871	0.58664278	4.390160552	55.27203156	0	0
2.1871	0.587749971	4.390341337	55.28236211	0	0
2.1871	0.588857853	4.390520412	55.29259494	0	0
2.1871	0.589966424	4.390697774	55.30272994	0	0
2.1871	0.59107568	4.390873421	55.31276694	0	0
2.1871	0.592185619	4.391047352	55.32270582	0	0
2.1871	0.593296238	4.391219563	55.33254643	0	0
2.1871	0.594407533	4.391390051	55.34228864	0	0
2.1871	0.595519501	4.391558815	55.3519323	0	0
2.1871	0.596632141	4.391725852	55.36147727	0	0
2.1871	0.597745448	4.39189116	55.37092342	0	0
2.1871	0.598859419	4.392054736	55.38027061	0	0
2.1871	0.599974052	4.392216577	55.3895187	0	0
2.1871	0.601089344	4.392376682	55.39866755	0	0
2.1871	0.602205291	4.392535048	55.40771703	0	0
2.1871	0.603321891	4.392691673	55.416667	0	0
2.1871	0.60443914	4.392846553	55.42551732	0	0
2.1871	0.605557035	4.392999687	55.43426785	0	0
2.1871	0.606675574	4.393151073	55.44291847	0	0
2.1871	0.607794753	4.393300708	55.45146903	0	0
2.1871	0.60891457	4.393448589	55.45991939	0	0
2.1871	0.61003502	4.393594715	55.46826943	0	0
2.1871	0.611156102	4.393739083	55.47651901	0	0
2.1871	0.612277811	4.39388169	55.48466799	0	0
2.1871	0.613400145	4.394022534	55.49271625	0	0
2.1871	0.614523102	4.394161614	55.50066364	0	0
2.1871	0.615646676	4.394298926	55.50851003	0	0
2.1871	0.616770866	4.394434468	55.5162553	0	0
2.1871	0.617895669	4.394568238	55.5238993	0	0
2.1871	0.61902108	4.394700233	55.53144191	0	0
2.1871	0.620147098	4.394830452	55.53888299	0	0
2.1871	0.621273719	4.394958892	55.54622242	0	0
2.1871	0.622400939	4.395085551	55.55346005	0	0
2.1871	0.623528757	4.395210426	55.56059577	0	0
2.1871	0.624657167	4.395333515	55.56762944	0	0
2.1871	0.625786168	4.395454816	55.57456092	0	0
2.1871	0.626915756	4.395574327	55.5813901	0	0
2.1871	0.628045927	4.395692045	55.58811684	0	0
2.1871	0.62917668	4.395807968	55.59474101	0	0
2.1871	0.63030801	4.395922093	55.60126248	0	0
2.1871	0.631439914	4.39603442	55.60768112	0	0
2.1871	0.632572389	4.396144944	55.61399681	0	0
2.1871	0.633705432	4.396253665	55.62020942	0	0
2.1871	0.63483904	4.396360579	55.62631882	0	0
2.1871	0.635973209	4.396465686	55.63232489	0	0
2.1871	0.637107936	4.396568981	55.63822749	0	0
2.1871	0.638243217	4.396670464	55.64402651	0	0
2.1871	0.639379051	4.396770132	55.64972181	0	0
2.1871	0.640515432	4.396867982	55.65531327	0	0
2.1871	0.641652359	4.396964013	55.66080077	0	0
2.1871	0.642789828	4.397058223	55.66618417	0	0
2.1871	0.643927835	4.397150609	55.67146337	0	0
2.1871	0.645066377	4.397241169	55.67663822	0	0
2.1871	0.646205451	4.397329901	55.68170862	0	0
2.1871	0.647345053	4.397416803	55.68667443	0	0
2.1871	0.648485181	4.397501872	55.69153553	0	0
2.1871	0.649625831	4.397585107	55.6962918	0	0
2.1871	0.650766999	4.397666505	55.70094313	0	0
2.1871	0.651908682	4.397746064	55.70548937	0	0
2.1871	0.653050878	4.397823782	55.70993043	0	0
2.1871	0.654193582	4.397899658	55.71426616	0	0
2.1871	0.655336791	4.397973688	55.71849647	0	0
2.1871	0.656480502	4.398045871	55.72262121	0	0
2.1871	0.657624712	4.398116205	55.72664028	0	0
2.1871	0.658769416	4.398184687	55.73055355	0	0
2.1871	0.659914613	4.398251316	55.73436091	0	0
2.1871	0.661060297	4.398316089	55.73806223	0	0
2.1871	0.662206467	4.398379005	55.74165741	0	0
2.1871	0.663353118	4.39844006	55.74514631	0	0
2.1871	0.664500247	4.398499254	55.74852883	0	0
2.1871	0.665647851	4.398556585	55.75180484	0	0
2.1871	0.666795927	4.398612049	55.75497423	0	0
2.1871	0.66794447	4.398665646	55.75803689	0	0
2.1871	0.669093478	4.398717372	55.76099269	0	0
2.1871	0.670242946	4.398767227	55.76384152	0	0
2.1871	0.671392872	4.398815207	55.76658328	0	0
2.1871	0.672543253	4.398861312	55.76921783	0	0
2.1871	0.673694083	4.398905539	55.77174507	0	0
2.1871	0.674845362	4.398947886	55.77416489	0	0
2.1871	0.675997083	4.39898835	55.77647716	0	0
2.1871	0.677149245	4.399026931	55.77868179	0	0
2.1871	0.678301844	4.399063626	55.78077865	0	0
2.1871	0.679454876	4.399098434	55.78276763	0	0
2.1871	0.680608338	4.399131351	55.78464862	0	0
2.1871	0.681762226	4.399162377	55.78642152	0	0
2.1871	0.682916536	4.399191508	55.7880862	0	0
2.1871	0.684071266	4.399218745	55.78964255	0	0
2.1871	0.685226412	4.399244083	55.79109048	0	0
2.1871	0.68638197	4.399267523	55.79242987	0	0
2.1871	0.687537936	4.39928906	55.7936606	0	0
2.1871	0.688694307	4.399308695	55.79478257	0	0
2.1871	0.68985108	4.399326424	55.79579567	0	0
2.1871	0.691008251	4.399342247	55.7966998	0	0
2.1871	0.692165817	4.39935616	55.79749484	0	0
2.1871	0.693323773	4.399368162	55.79818069	0	0
2.1871	0.694482117	4.399378252	55.79875724	0	0
2.1871	0.695640844	4.399386427	55.79922439	0	0
2.1871	0.696799951	4.399392685	55.79958203	0	0
2.1871	0.697959435	4.399397026	55.79983004	0	0
2.1871	0.699119292	4.399399446	55.79996834	0	0
2.1871	0.700279519	4.399399944	55.79999681	0	0
2.1871	0.70144011	4.399398519	55.79991535	0	0
2.1871	0.702601065	4.399395167	55.79972385	0	0
2.1871	0.703762377	4.399389889	55.79942222	0	0
2.1871	0.704924045	4.399382681	55.79901035	0	0
2.1871	0.706086063	4.399373542	55.79848813	0	0
2.1871	0.707248429	4.399362471	55.79785546	0	0
2.1871	0.70841114	4.399349464	55.79711225	0	0
2.1871	0.70957419	4.399334522	55.79625839	0	0
2.1871	0.710737577	4.399317641	55.79529378	0	0
2.1871	0.711901297	4.399298821	55.79421832	0	0
2.1871	0.713065347	4.399278058	55.79303191	0	0
2.1871	0.714229722	4.399255353	55.79173445	0	0
2.1871	0.715394419	4.399230702	55.79032585	0	0
2.1871	0.716559434	4.399204105	55.78880599	0	0
2.1871	0.717724764	4.399175559	55.78717479	0	0
2.1871	0.718890405	4.399145063	55.78543215	0	0
2.1871	0.720056353	4.399112614	55.78357796	0	0
2.1871	0.721222604	4.399078213	55.78161214	0	0
2.1871	0.722389155	4.399041855	55.77953459	0	0
2.1871	0.723556002	4.399003541	55.77734521	0	0
2.1871	0.724723142	4.398963268	55.7750439	0	0
2.1871	0.72589057	4.398921035	55.77263057	0	0
2.1871	0.727058283	4.39887684	55.77010513	0	0
2.1871	0.728226277	4.398830681	55.76746748	0	0
2.1871	0.729394548	4.398782557	55.76471752	0	0
2.1871	0.730563093	4.398732466	55.76185517	0	0
2.1871	0.731731907	4.398680406	55.75888034	0	0
2.1871	0.732900988	4.398626376	55.75579292	0	0
2.1871	0.734070331	4.398570374	55.75259283	0	0
2.1871	0.735239933	4.398512399	55.74927997	0	0
2.1871	0.736409789	4.39845245	55.74585426	0	0
2.1871	0.737579896	4.398390523	55.74231561	0	0
2.1871	0.738750251	4.398326619	55.73866392	0	0
2.1871	0.739920848	4.398260734	55.7348991	0	0
2.1871	0.741091686	4.398192869	55.73102107	0	0
2.1871	0.742262759	4.39812302	55.72702974	0	0
2.1871	0.743434064	4.398051188	55.72292501	0	0
2.1871	0.744605597	4.397977369	55.71870681	0	0
2.1871	0.745777354	4.397901563	55.71437504	0	0
2.1871	0.746949331	4.397823768	55.70992962	0	0
2.1871	0.748121526	4.397743983	55.70537046	0	0
2.1871	0.749293933	4.397662206	55.70069748	0	0
2.1871	0.750466549	4.397578435	55.69591059	0	0
2.1871	0.75163937	4.39749267	55.6910097	0	0
2.1871	0.752812392	4.397404908	55.68599473	0	0
2.1871	0.753985611	4.397315148	55.6808656	0	0
2.1871	0.755159024	4.397223389	55.67562222	0	0
2.1871	0.756332627	4.397129629	55.67026451	0	0
2.1871	0.757506415	4.397033867	55.66479239	0	0
2.1871	0.758680385	4.396936101	55.65920578	0	0
2.1871	0.759854533	4.39683633	55.65350459	0	0
2.1871	0.761028855	4.396734553	55.64768874	0	0
2.1871	0.762203347	4.396630768	55.64175816	0	0
2.1871	0.763378006	4.396524973	55.63571276	0	0
2.1871	0.764552826	4.396417168	55.62955246	0	0
2.1871	0.765727805	4.396307351	55.62327719	0	0
2.1871	0.766902939	4.39619552	55.61688686	0	0
2.1871	0.768078223	4.396081674	55.6103814	0	0
2.1871	0.769253654	4.395965813	55.60376073	0	0
2.1871	0.770429227	4.395847933	55.59702477	0	0
2.1871	0.771604939	4.395728035	55.59017344	0	0
2.1871	0.772780786	4.395606117	55.58320668	0	0
2.1871	0.773956764	4.395482177	55.5761244	0	0
2.1871	0.775132869	4.395356214	55.56892652	0	0
2.1871	0.776309096	4.395228227	55.56161299	0	0
2.1871	0.777485443	4.395098215	55.55418371	0	0
2.1871	0.778661904	4.394966176	55.54663861	0	0
2.1871	0.779838477	4.394832109	55.53897763	0	0
2.1871	0.781015156	4.394696012	55.53120069	0	0
2.1871	0.782191939	4.394557885	55.52330772	0	0
2.1871	0.783368821	4.394417726	55.51529864	0	0
2.1871	0.784545797	4.394275534	55.50717339	0	0
2.1871	0.785722865	4.394131308	55.49893189	0	0
2.1871	0.78690002	4.393985046	55.49057407	0	0
2.1871	0.788077258	4.393836748	55.48209987	0	0
2.1871	0.789254575	4.393686411	55.47350922	0	0
2.1871	0.790431967	4.393534036	55.46480203	0	0
2.1871	0.79160943	4.39337962	55.45597826	0	0
2.1871	0.79278696	4.393223162	55.44703783	0	0
2.1871	0.793964552	4.393064662	55.43798067	0	0
2.1871	0.795142204	4.392904118	55.42880672	0	0
2.1871	0.79631991	4.392741528	55.4195159	0	0
2.1871	0.797497668	4.392576893	55.41010816	0	0
2.1871	0.798675472	4.39241021	55.40058343	0	0
2.1871	0.799853319	4.392241479	55.39094165	0	0
2.1871	0.801031204	4.392070698	55.38118274	0	0
2.1871	0.802209124	4.391897866	55.37130665	0	0
2.1871	0.803387074	4.391722983	55.36131332	0	0
2.1871	0.804565051	4.391546047	55.35120267	0	0
2.1871	0.805743051	4.391367056	55.34097466	0	0
2.1871	0.806921068	4.391186011	55.33062921	0	0
2.1871	0.8080991	4.39100291	55.32016627	0	0
2.1871	0.809277141	4.390817751	55.30958577	0	0
2.1871	0.810455189	4.390630534	55.29888766	0	0
2.1871	0.811633239	4.390441258	55.28807187	0	0
2.1871	0.812811286	4.390249921	55.27713836	0	0
2.1871	0.813989327	4.390056523	55.26608705	0	0
2.1871	0.815167358	4.389861063	55.25491789	0	0
2.1871	0.816345374	4.389663539	55.24363083	0	0
2.1871	0.817523371	4.389463952	55.2322258	0	0
2.1871	0.818701346	4.389262298	55.22070275	0	0
2.1871	0.819879294	4.389058579	55.20906163	0	0
2.1871	0.82105721	4.388852792	55.19730238	0	0
2.1871	0.822235092	4.388644936	55.18542494	0	0
2.1871	0.823412934	4.388435012	55.17342926	0	0
2.1871	0.824590732	4.388223018	55.16131529	0	0
2.1871	0.825768483	4.388008952	55.14908297	0	0
2.1871	0.826946182	4.387792814	55.13673225	0	0
2.1871	0.828123825	4.387574604	55.12426308	0	0
2.1871	0.829301408	4.38735432	55.1116754	0	0
2.1871	0.830478927	4.387131961	55.09896917	0	0
2.1871	0.831656377	4.386907526	55.08614434	0	0
2.1871	0.832833755	4.386681015	55.07320085	0	0
2.1871	0.834011056	4.386452427	55.06013866	0	0
2.1871	0.835188276	4.38622176	55.04695772	0	0
2.1871	0.83636541	4.385989015	55.03365797	0	0
2.1871	0.837542456	4.385754189	55.02023938	0	0
2.1871	0.838719407	4.385517283	55.00670188	0	0
2.1871	0.839896261	4.385278295	54.99304545	0	0
2.1871	0.841073013	4.385037225	54.97927002	0	0
2.1871	0.842249659	4.384794072	54.96537556	0	0
2.1871	0.843426195	4.384548835	54.95136202	0	0
2.1871	0.844602616	4.384301514	54.93722936	0	0
2.1871	0.845778918	4.384052107	54.92297752	0	0
2.1871	0.846955097	4.383800613	54.90860648	0	0
2.1871	0.848131149	4.383547033	54.89411617	0	0
2.1871	0.849307069	4.383291365	54.87950657	0	0
2.1871	0.850482853	4.383033609	54.86477763	0	0
2.1871	0.851658498	4.382773763	54.84992931	0	0
2.1871	0.852833999	4.382511827	54.83496157	0	0
2.1871	0.854009351	4.382247801	54.81987437	0	0
2.1871	0.85518455	4.381981684	54.80466766	0	0
2.1871	0.856359593	4.381713475	54.78934141	0	0
2.1871	0.857534474	4.381443173	54.77389559	0	0
2.1871	0.85870919	4.381170778	54.75833014	0	0
2.1871	0.859883736	4.380896288	54.74264504	0	0
2.1871	0.861058108	4.380619704	54.72684025	0	0
2.1871	0.862232302	4.380341025	54.71091574	0	0
2.1871	0.863406314	4.38006025	54.69487145	0	0
2.1871	0.864580139	4.379777379	54.67870737	0	0
2.1871	0.865753773	4.379492411	54.66242346	0	0
2.1871	0.866927211	4.379205344	54.64601968	0	0
2.1871	0.86810045	4.37891618	54.62949599	0	0
2.1871	0.869273485	4.378624917	54.61285237	0	0
2.1871	0.870446312	4.378331554	54.59608879	0	0
2.1871	0.871618926	4.378036091	54.57920521	0	0
2.1871	0.872791324	4.377738528	54.56220159	0	0
2.1871	0.873963501	4.377438864	54.54507792	0	0
2.1871	0.875135452	4.377137098	54.52783415	0	0
2.1871	0.876307173	4.37683323	54.51047026	0	0
2.1871	0.877478661	4.376527259	54.49298623	0	0
2.1871	0.87864991	4.376219185	54.47538201	0	0
2.1871	0.879820917	4.375909008	54.45765759	0	0
2.1871	0.880991677	4.375596726	54.43981294	0	0
2.1871	0.882162186	4.37528234	54.42184802	0	0
2.1871	0.883332439	4.374965849	54.40376282	0	0
2.1871	0.884502432	4.374647253	54.38555731	0	0
2.1871	0.885672161	4.374326551	54.36723146	0	0
2.1871	0.886841622	4.374003742	54.34878525	0	0
2.1871	0.888010809	4.373678826	54.33021865	0	0
2.1871	0.88917972	4.373351804	54.31153164	0	0
2.1871	0.890348348	4.373022673	54.2927242	0	0
2.1871	0.891516691	4.372691435	54.2737963	0	0
2.1871	0.892684744	4.372358089	54.25474793	0	0
2.1871	0.893852502	4.372022634	54.23557907	0	0
2.1871	0.895019962	4.371685069	54.21628968	0	0
2.1871	0.896187118	4.371345396	54.19687976	0	0
2.1871	0.897353966	4.371003612	54.17734928	0	0
2.1871	0.898520502	4.370659719	54.15769822	0	0
2.1871	0.899686722	4.370313715	54.13792657	0	0
2.1871	0.900852622	4.3699656	54.11803431	0	0
2.1871	0.902018196	4.369615375	54.09802142	0	0
2.1871	0.90318344	4.369263038	54.07788788	0	0
2.1871	0.904348351	4.368908589	54.05763368	0	0
2.1871	0.905512924	4.368552029	54.03725881	0	0
2.1871	0.906677154	4.368193357	54.01676324	0	0
2.1871	0.907841037	4.367832572	53.99614697	0	0
2.1871	0.909004569	4.367469675	53.97540998	0	0
2.1871	0.910167745	4.367104665	53.95455226	0	0
2.1871	0.911330561	4.366737541	53.93357379	0	0
2.1871	0.912493012	4.366368305	53.91247457	0	0
2.1871	0.913655095	4.365996955	53.89125458	0	0
2.1871	0.914816804	4.365623492	53.86991381	0	0
2.1871	0.915978135	4.365247914	53.84845225	0	0
2.1871	0.917139085	4.364870223	53.82686989	0	0
2.1871	0.918299648	4.364490418	53.80516673	0	0
2.1871	0.91945982	4.364108498	53.78334275	0	0
2.1871	0.920619597	4.363724464	53.76139794	0	0
2.1871	0.921778974	4.363338315	53.73933231	0	0
2.1871	0.922937947	4.362950052	53.71714584	0	0
2.1871	0.924096512	4.362559674	53.69483853	0	0
2.1871	0.925254663	4.362167181	53.67241037	0	0
2.1871	0.926412397	4.361772574	53.64986135	0	0
2.1871	0.92756971	4.361375851	53.62719148	0	0
2.1871	0.928726596	4.360977013	53.60440074	0	0
2.1871	0.929883052	4.36057606	53.58148915	0	0
2.1871	0.931039073	4.360172992	53.55845668	0	0
2.1871	0.932194654	4.359767809	53.53530335	0	0
2.1871	0.933349791	4.35936051	53.51202915	0	0
2.1871	0.93450448	4.358951096	53.48863408	0	0
2.1871	0.935658717	4.358539567	53.46511813	0	0
2.1871	0.936812496	4.358125923	53.44148132	0	0
2.1871	0.937965814	4.357710164	53.41772364	0	0
2.1871	0.939118665	4.357292289	53.39384509	0	0
2.1871	0.940271046	4.356872299	53.36984567	0	0
2.1871	0.941422952	4.356450194	53.3457254	0	0
2.1871	0.942574379	4.356025975	53.32148426	0	0
2.1871	0.943725322	4.35559964	53.29712227	0	0
2.1871	0.944875777	4.35517119	53.27263943	0	0
2.1871	0.946025739	4.354740626	53.24803575	0	0
2.1871	0.947175204	4.354307946	53.22331122	0	0
2.1871	0.948324168	4.353873153	53.19846587	0	0
2.1871	0.949472625	4.353436245	53.17349969	0	0
2.1871	0.950620572	4.352997222	53.14841269	0	0
2.1871	0.951768004	4.352556085	53.12320488	0	0
2.1871	0.952914917	4.352112835	53.09787628	0	0
2.1871	0.954061306	4.35166747	53.07242688	0	0
2.1871	0.955207166	4.351219992	53.0468567	0	0
2.1871	0.956352494	4.350770401	53.02116575	0	0
2.1871	0.957497285	4.350318696	52.99535404	0	0
2.1871	0.958641534	4.349864878	52.96942158	0	0
2.1871	0.959785236	4.349408947	52.94336839	0	0
2.1871	0.960928388	4.348950903	52.91719448	0	0
2.1871	0.962070985	4.348490748	52.89089986	0	0
2.1871	0.963213023	4.34802848	52.86448455	0	0
2.1871	0.964354496	4.3475641	52.83794856	0	0
2.1871	0.965495402	4.347097608	52.8112919	0	0
2.1871	0.966635734	4.346629005	52.7845146	0	0
2.1871	0.967775488	4.346158292	52.75761667	0	0
2.1871	0.968914661	4.345685467	52.73059812	0	0
2.1871	0.970053248	4.345210532	52.70345898	0	0
2.1871	0.971191243	4.344733487	52.67619926	0	0
2.1871	0.972328644	4.344254332	52.64881899	0	0
2.1871	0.973465444	4.343773068	52.62131818	0	0
2.1871	0.97460164	4.343289695	52.59369685	0	0
2.1871	0.975737228	4.342804213	52.56595502	0	0
2.1871	0.976872202	4.342316623	52.53809272	0	0
2.1871	0.978006559	4.341826924	52.51010997	0	0
2.1871	0.979140293	4.341335119	52.48200678	0	0
2.1871	0.980273401	4.340841206	52.45378319	0	0
2.1871	0.981405878	4.340345186	52.42543922	0	0
2.1871	0.982537719	4.339847061	52.39697489	0	0
2.1871	0.98366892	4.339346829	52.36839023	0	0
2.1871	0.984799476	4.338844492	52.33968526	0	0
2.1871	0.985929383	4.33834005	52.31086001	0	0
2.1871	0.987058637	4.337833504	52.28191451	0	0
2.1871	0.988187233	4.337324854	52.25284878	0	0
2.1871	0.989315166	4.3368141	52.22366285	0	0
2.1871	0.990442432	4.336301243	52.19435676	0	0
2.1871	0.991569027	4.335786284	52.16493052	0	0
2.1871	0.992694945	4.335269223	52.13538418	0	0
2.1871	0.993820183	4.334750061	52.10571776	0	0
2.1871	0.994944737	4.334228798	52.07593129	0	0
2.1871	0.9960686	4.333705434	52.04602481	0	0
2.1871	0.99719177	4.333179971	52.01599835	0	0
2.1871	0.998314241	4.332652409	51.98585194	0	0
2.1871	0.99943601	4.332122748	51.95558561	0	0
2.1871	1.000557071	4.331590989	51.9251994	0	0
2.1871	1.00167742	4.331057134	51.89469335	0	0
2.1871	1.002797052	4.330521181	51.86406748	0	0
2.1871	1.003915964	4.329983132	51.83332184	0	0
2.1871	1.005034151	4.329442988	51.80245647	0	0
2.1871	1.006151607	4.328900749	51.77147139	0	0
2.1871	1.007268329	4.328356417	51.74036666	0	0
2.1871	1.008384312	4.32780999	51.7091423	0	0
2.1871	1.009499552	4.327261471	51.67779836	0	0
2.1871	1.010614044	4.32671086	51.64633488	0	0
2.1871	1.011727784	4.326158158	51.61475189	0	0
2.1871	1.012840767	4.325603365	51.58304944	0	0
2.1871	1.013952988	4.325046483	51.55122758	0	0
2.1871	1.015064444	4.324487511	51.51928633	0	0
2.1871	1.016175129	4.323926451	51.48722575	0	0
2.1871	1.01728504	4.323363303	51.45504588	0	0
2.1871	1.018394171	4.322798068	51.42274677	0	0
2.1871	1.019502519	4.322230748	51.39032845	0	0
2.1871	1.020610078	4.321661342	51.35779098	0	0
2.1871	1.021716844	4.321089852	51.3251344	0	0
2.1871	1.022822813	4.320516278	51.29235876	0	0
2.1871	1.023927981	4.319940622	51.2594641	0	0
2.1871	1.025032342	4.319362883	51.22645047	0	0
2.1871	1.026135892	4.318783064	51.19331793	0	0
2.1871	1.027238628	4.318201164	51.16006652	0	0
2.1871	1.028340543	4.317617185	51.12669628	0	0
2.1871	1.029441634	4.317031127	51.09320728	0	0
2.1871	1.030541897	4.316442992	51.05959956	0	0
2.1871	1.031641326	4.315852781	51.02587318	0	0
2.1871	1.032739918	4.315260493	50.99202818	0	0
2.1871	1.033837668	4.314666131	50.95806462	0	0
2.1871	1.03493457	4.314069695	50.92398255	0	0
2.1871	1.036030622	4.313471186	50.88978203	0	0
2.1871	1.037125818	4.312870604	50.85546311	0	0
2.1871	1.038220155	4.312267952	50.82102585	0	0
2.1871	1.039313626	4.31166323	50.7864703	0	0
2.1871	1.040406228	4.311056439	50.75179653	0	0
2.1871	1.041497957	4.31044758	50.71700458	0	0
2.1871	1.042588808	4.309836654	50.68209452	0	0
2.1871	1.043678776	4.309223662	50.6470664	0	0
2.1871	1.044767858	4.308608605	50.61192028	0	0
2.1871	1.045856048	4.307991484	50.57665623	0	0
2.1871	1.046943341	4.3073723	50.5412743	0	0
2.1871	1.048029735	4.306751055	50.50577455	0	0
2.1871	1.049115223	4.306127748	50.47015706	0	0
2.1871	1.050199803	4.305502383	50.43442187	0	0
2.1871	1.051283468	4.304874958	50.39856905	0	0
2.1871	1.052366215	4.304245477	50.36259867	0	0
2.1871	1.053448039	4.303613939	50.32651079	0	0
2.1871	1.054528936	4.302980346	50.29030547	0	0
2.1871	1.055608901	4.302344699	50.25398278	0	0
2.1871	1.05668793	4.301706999	50.21754278	0	0
2.1871	1.057766018	4.301067247	50.18098555	0	0
2.1871	1.058843161	4.300425445	50.14431115	0	0
2.1871	1.059919355	4.299781594	50.10751965	0	0
2.1871	1.060994594	4.299135694	50.07061111	0	0
2.1871	1.062068875	4.298487748	50.03358561	0	0
2.1871	1.063142192	4.297837756	49.99644321	0	0
2.1871	1.064214543	4.29718572	49.95918399	0	0
2.1871	1.065285921	4.29653164	49.92180802	0	0
2.1871	1.066356323	4.295875519	49.88431536	0	0
2.1871	1.067425744	4.295217357	49.84670609	0	0
2.1871	1.06849418	4.294557155	49.80898029	0	0
2.1871	1.069561626	4.293894915	49.77113803	0	0
2.1871	1.070628078	4.293230639	49.73317937	0	0
2.1871	1.071693531	4.292564327	49.6951044	0	0
2.1871	1.072757981	4.291895981	49.65691319	0	0
2.1871	1.073821424	4.291225602	49.61860582	0	0
2.1871	1.074883854	4.290553191	49.58018237	0	0
2.1871	1.075945268	4.289878751	49.5416429	0	0
2.1871	1.077005662	4.289202281	49.50298751	0	0
2.1871	1.078065029	4.288523785	49.46421626	0	0
2.1871	1.079123367	4.287843262	49.42532924	0	0
2.1871	1.080180671	4.287160714	49.38632653	0	0
2.1871	1.081236937	4.286476143	49.3472082	0	0
2.1871	1.082292159	4.285789551	49.30797434	0	0
2.1871	1.083346333	4.285100938	49.26862503	0	0
2.1871	1.084399456	4.284410306	49.22916035	0	0
2.1871	1.085451522	4.283717657	49.18958039	0	0
2.1871	1.086502528	4.283022991	49.14988522	0	0
2.1871	1.087552468	4.282326311	49.11007494	0	0
2.1871	1.088601339	4.281627618	49.07014962	0	0
2.1871	1.089649135	4.280926914	49.03010936	0	0
2.1871	1.090695853	4.280224199	48.98995423	0	0
2.1871	1.091741488	4.279519476	48.94968433	0	0
2.1871	1.092786036	4.278812746	48.90929975	0	0
2.1871	1.093829492	4.27810401	48.86880056	0	0
2.1871	1.094871852	4.27739327	48.82818686	0	0
2.1871	1.095913112	4.276680528	48.78745874	0	0
2.1871	1.096953266	4.275965785	48.74661628	0	0
2.1871	1.097992311	4.275249043	48.70565959	0	0
2.1871	1.099030243	4.274530303	48.66458874	0	0
2.1871	1.100067056	4.273809567	48.62340383	0	0
2.1871	1.101102747	4.273086837	48.58210496	0	0
2.1871	1.10213731	4.272362114	48.54069221	0	0
2.1871	1.103170743	4.271635399	48.49916568	0	0
2.1871	1.104203039	4.270906696	48.45752546	0	0
2.1871	1.105234196	4.270176004	48.41577165	0	0
2.1871	1.106264208	4.269443326	48.37390434	0	0
2.1871	1.107293071	4.268708664	48.33192363	0	0
2.1871	1.108320781	4.267972018	48.28982962	0	0
2.1871	1.109347333	4.267233392	48.2476224	0	0
2.1871	1.110372723	4.266492786	48.20530207	0	0
2.1871	1.111396947	4.265750203	48.16286872	0	0
2.1871	1.11242	4.265005643	48.12032247	0	0
2.1871	1.113441878	4.264259109	48.0776634	0	0
2.1871	1.114462576	4.263510603	48.03489162	0	0
2.1871	1.115482091	4.262760126	47.99200723	0	0
2.1871	1.116500417	4.262007681	47.94901032	0	0
2.1871	1.117517551	4.261253268	47.90590101	0	0
2.1871	1.118533488	4.260496889	47.86267939	0	0
2.1871	1.119548224	4.259738548	47.81934558	0	0
2.1871	1.120561754	4.258978244	47.77589966	0	0
2.1871	1.121574074	4.258215981	47.73234175	0	0
2.1871	1.12258518	4.257451759	47.68867195	0	0
2.1871	1.123595067	4.256685581	47.64489037	0	0
2.1871	1.124603731	4.255917449	47.60099711	0	0
2.1871	1.125611168	4.255147365	47.55699229	0	0
2.1871	1.126617373	4.25437533	47.512876	0	0
2.1871	1.127622343	4.253601346	47.46864836	0	0
2.1871	1.128626072	4.252825416	47.42430947	0	0
2.1871	1.129628556	4.25204754	47.37985945	0	0
2.1871	1.130629791	4.251267722	47.33529841	0	0
2.1871	1.131629774	4.250485963	47.29062645	0	0
2.1871	1.132628498	4.249702265	47.24584369	0	0
2.1871	1.133625961	4.248916629	47.20095023	0	0
2.1871	1.134622158	4.248129059	47.1559462	0	0
2.1871	1.135617084	4.247339555	47.11083171	0	0
2.1871	1.136610736	4.24654812	47.06560686	0	0
2.1871	1.137603108	4.245754756	47.02027178	0	0
2.1871	1.138594198	4.244959465	46.97482657	0	0
2.1871	1.139583999	4.244162249	46.92927136	0	0
2.1871	1.140572509	4.24336311	46.88360626	0	0
2.1871	1.141559722	4.242562049	46.83783138	0	0
2.1871	1.142545635	4.24175907	46.79194685	0	0
2.1871	1.143530244	4.240954174	46.74595278	0	0
2.1871	1.144513543	4.240147363	46.6998493	0	0
2.1871	1.145495529	4.239338639	46.65363651	0	0
2.1871	1.146476197	4.238528005	46.60731454	0	0
2.1871	1.147455544	4.237715462	46.56088352	0	0
2.1871	1.148433565	4.236901012	46.51434355	0	0
2.1871	1.149410255	4.236084659	46.46769477	0	0
2.1871	1.150385611	4.235266403	46.4209373	0	0
2.1871	1.151359628	4.234446247	46.37407125	0	0
2.1871	1.152332302	4.233624193	46.32709676	0	0
2.1871	1.153303629	4.232800244	46.28001394	0	0
2.1871	1.154273604	4.231974401	46.23282292	0	0
2.1871	1.155242223	4.231146667	46.18552384	0	0
2.1871	1.156209483	4.230317044	46.1381168	0	0
2.1871	1.157175378	4.229485534	46.09060194	0	0
2.1871	1.158139906	4.228652139	46.04297939	0	0
2.1871	1.15910306	4.227816862	45.99524927	0	0
2.1871	1.160064838	4.226979705	45.94741171	0	0
2.1871	1.161025234	4.22614067	45.89946685	0	0
2.1871	1.161984246	4.225299759	45.85141481	0	0
2.1871	1.162941868	4.224456975	45.80325571	0	0
2.1871	1.163898096	4.22361232	45.7549897	0	0
2.1871	1.164852927	4.222765796	45.7066169	0	0
2.1871	1.165806356	4.221917405	45.65813745	0	0
2.1871	1.166758378	4.221067151	45.60955148	0	0
2.1871	1.167708991	4.220215034	45.56085911	0	0
2.1871	1.168658188	4.219361059	45.51206049	0	0
2.1871	1.169605967	4.218505226	45.46315575	0	0
2.1871	1.170552324	4.217647538	45.41414503	0	0
2.1871	1.171497253	4.216787998	45.36502845	0	0
2.1871	1.172440751	4.215926608	45.31580616	0	0
2.1871	1.173382814	4.21506337	45.26647829	0	0
2.1871	1.174323438	4.214198287	45.21704499	0	0
2.1871	1.175262618	4.213331362	45.16750638	0	0
2.1871	1.17620035	4.212462596	45.1178626	0	0
2.1871	1.17713663	4.211591992	45.0681138	0	0
2.1871	1.178071455	4.210719552	45.01826012	0	0
2.1871	1.179004819	4.20984528	44.96830169	0	0
2.1871	1.179936719	4.208969177	44.91823866	0	0
2.1871	1.180867151	4.208091245	44.86807117	0	0
2.1871	1.18179611	4.207211489	44.81779936	0	0
2.1871	1.182723593	4.206329909	44.76742337	0	0
2.1871	1.183649596	4.205446508	44.71694334	0	0
2.1871	1.184574113	4.20456129	44.66635943	0	0
2.1871	1.185497142	4.203674256	44.61567177	0	0
2.1871	1.186418678	4.202785409	44.56488051	0	0
2.1871	1.187338717	4.201894751	44.51398579	0	0
2.1871	1.188257255	4.201002286	44.46298777	0	0
2.1871	1.189174287	4.200108015	44.41188659	0	0
2.1871	1.190089811	4.199211942	44.36068239	0	0
2.1871	1.191003821	4.198314068	44.30937532	0	0
2.1871	1.191916314	4.197414397	44.25796554	0	0
2.1871	1.192827286	4.196512931	44.20645319	0	0
2.1871	1.193736733	4.195609672	44.15483842	0	0
2.1871	1.19464465	4.194704624	44.10312138	0	0
2.1871	1.195551033	4.193797789	44.05130222	0	0
2.1871	1.196455879	4.192889169	43.9993811	0	0
2.1871	1.197359184	4.191978768	43.94735816	0	0
2.1871	1.198260943	4.191066587	43.89523356	0	0
2.1871	1.199161152	4.190152631	43.84300746	0	0
2.1871	1.200059808	4.1892369	43.79068	0	0
2.1871	1.200956906	4.188319398	43.73825134	0	0
2.1871	1.201852443	4.187400129	43.68572163	0	0
2.1871	1.202746414	4.186479093	43.63309104	0	0
2.1871	1.203638816	4.185556295	43.58035971	0	0
2.1871	1.204529644	4.184631737	43.52752781	0	0
2.1871	1.205418895	4.183705421	43.47459548	0	0
2.1871	1.206306564	4.182777351	43.4215629	0	0
2.1871	1.207192648	4.181847529	43.36843021	0	0
2.1871	1.208077142	4.180915958	43.31519758	0	0
2.1871	1.208960043	4.17998264	43.26186516	0	0
2.1871	1.209841347	4.17904758	43.20843312	0	0
2.1871	1.21072105	4.178110778	43.15490162	0	0
2.1871	1.211599147	4.177172239	43.10127082	0	0
2.1871	1.212475635	4.176231965	43.04754087	0	0
2.1871	1.213350511	4.175289959	42.99371195	0	0
2.1871	1.214223769	4.174346224	42.93978421	0	0
2.1871	1.215095406	4.173400762	42.88575782	0	0
2.1871	1.215965419	4.172453577	42.83163295	0	0
2.1871	1.216833803	4.171504671	42.77740975	0	0
2.1871	1.217700554	4.170554047	42.72308839	0	0
2.1871	1.218565669	4.169601708	42.66866905	0	0
2.1871	1.219429144	4.168647658	42.61415187	0	0
2.1871	1.220290974	4.167691898	42.55953705	0	0
2.1871	1.221151157	4.166734433	42.50482473	0	0
2.1871	1.222009687	4.165775264	42.45001509	0	0
2.1871	1.222866561	4.164814395	42.39510829	0	0
2.1871	1.223721776	4.163851829	42.34010451	0	0
2.1871	1.224575327	4.162887569	42.28500392	0	0
2.1871	1.225427211	4.161921617	42.22980668	0	0
2.1871	1.226277423	4.160953977	42.17451297	0	0
2.1871	1.227125961	4.159984652	42.11912296	0	0
2.1871	1.227972819	4.159013644	42.06363682	0	0
2.1871	1.228817995	4.158040958	42.00805472	0	0
2.1871	1.229661484	4.157066595	41.95237684	0	0
2.1871	1.230503283	4.156090559	41.89660334	0	0
2.1871	1.231343388	4.155112852	41.84073441	0	0
2.1871	1.232181795	4.154133479	41.78477022	0	0
2.1871	1.2330185	4.153152442	41.72871095	0	0
2.1871	1.2338535	4.152169743	41.67255676	0	0
2.1871	1.23468679	4.151185387	41.61630784	0	0
2.1871	1.235518368	4.150199376	41.55996436	0	0
2.1871	1.236348228	4.149211714	41.50352651	0	0
2.1871	1.237176368	4.148222403	41.44699445	0	0
2.1871	1.238002784	4.147231447	41.39036837	0	0
2.1871	1.238827471	4.146238848	41.33364845	0	0
2.1871	1.239650427	4.14524461	41.27683487	0	0
2.1871	1.240471647	4.144248736	41.2199278	0	0
2.1871	1.241291128	4.14325123	41.16292743	0	0
2.1871	1.242108866	4.142252094	41.10583394	0	0
2.1871	1.242924858	4.141251331	41.04864751	0	0
2.1871	1.243739098	4.140248946	40.99136832	0	0
2.1871	1.244551585	4.13924494	40.93399656	0	0
2.1871	1.245362314	4.138239317	40.87653241	0	0
2.1871	1.246171282	4.137232081	40.81897605	0	0
2.1871	1.246978484	4.136223234	40.76132768	0	0
2.1871	1.247783918	4.135212781	40.70358746	0	0
2.1871	1.248587579	4.134200723	40.6457556	0	0
2.1871	1.249389463	4.133187065	40.58783227	0	0
2.1871	1.250189568	4.132171809	40.52981766	0	0
2.1871	1.25098789	4.131154959	40.47171197	0	0
2.1871	1.251784425	4.130136519	40.41351537	0	0
2.1871	1.252579168	4.129116491	40.35522806	0	0
2.1871	1.253372118	4.128094879	40.29685022	0	0
2.1871	1.254163269	4.127071686	40.23838205	0	0
2.1871	1.254952619	4.126046915	40.17982373	0	0
2.1871	1.255740164	4.12502057	40.12117545	0	0
2.1871	1.2565259	4.123992655	40.06243742	0	0
2.1871	1.257309824	4.122963172	40.0036098	0	0
2.1871	1.258091932	4.121932124	39.94469281	0	0
2.1871	1.25887222	4.120899516	39.88568663	0	0
2.1871	1.259650685	4.11986535	39.82659146	0	0
2.1871	1.260427323	4.118829631	39.76740748	0	0
2.1871	1.261202132	4.117792361	39.70813489	0	0
2.1871	1.261975106	4.116753543	39.6487739	0	0
2.1871	1.262746243	4.115713182	39.58932468	0	0
2.1871	1.26351554	4.11467128	39.52978745	0	0
2.1871	1.264282992	4.113627842	39.47016239	0	0
2.1871	1.265048596	4.11258287	39.41044969	0	0
2.1871	1.265812349	4.111536368	39.35064957	0	0
2.1871	1.266574247	4.110488339	39.29076222	0	0
2.1871	1.267334287	4.109438787	39.23078782	0	0
2.1871	1.268092465	4.108387715	39.1707266	0	0
2.1871	1.268848777	4.107335128	39.11057873	0	0
2.1871	1.269603221	4.106281027	39.05034443	0	0
2.1871	1.270355793	4.105225418	38.99002388	0	0
2.1871	1.271106488	4.104168303	38.92961731	0	0
2.1871	1.271855305	4.103109686	38.86912489	0	0
2.1871	1.272602239	4.10204957	38.80854685	0	0
2.1871	1.273347287	4.100987959	38.74788337	0	0
2.1871	1.274090445	4.099924857	38.68713466	0	0
2.1871	1.274831711	4.098860266	38.62630093	0	0
2.1871	1.27557108	4.097794192	38.56538238	0	0
2.1871	1.276308549	4.096726636	38.50437921	0	0
2.1871	1.277044116	4.095657604	38.44329163	0	0
2.1871	1.277777776	4.094587097	38.38211985	0	0
2.1871	1.278509526	4.093515121	38.32086406	0	0
2.1871	1.279239363	4.092441678	38.25952448	0	0
2.1871	1.279967283	4.091366773	38.19810131	0	0
2.1871	1.280693283	4.090290408	38.13659476	0	0
2.1871	1.28141736	4.089212588	38.07500504	0	0
2.1871	1.28213951	4.088133316	38.01333235	0	0
2.1871	1.28285973	4.087052596	37.95157691	0	0
2.1871	1.283578017	4.085970431	37.88973892	0	0
2.1871	1.284294367	4.084886826	37.8278186	0	0
2.1871	1.285008777	4.083801783	37.76581615	0	0
2.1871	1.285721244	4.082715306	37.70373179	0	0
2.1871	1.286431765	4.0816274	37.64156573	0	0
2.1871	1.287140335	4.080538068	37.57931817	0	0
2.1871	1.287846953	4.079447313	37.51698933	0	0
2.1871	1.288551614	4.07835514	37.45457942	0	0
2.1871	1.289254315	4.077261552	37.39208866	0	0
2.1871	1.289955054	4.076166552	37.32951726	0	0
2.1871	1.290653826	4.075070145	37.26686544	0	0
2.1871	1.291350629	4.073972335	37.2041334	0	0
2.1871	1.292045459	4.072873124	37.14132137	0	0
2.1871	1.292738314	4.071772517	37.07842955	0	0
2.1871	1.293429189	4.070670518	37.01545817	0	0
2.1871	1.294118082	4.06956713	36.95240745	0	0
2.1871	1.29480499	4.068462358	36.88927759	0	0
2.1871	1.295489909	4.067356204	36.82606882	0	0
2.1871	1.296172836	4.066248674	36.76278135	0	0
2.1871	1.296853768	4.06513977	36.6994154	0	0
2.1871	1.297532703	4.064029496	36.6359712	0	0
2.1871	1.298209635	4.062917857	36.57244896	0	0
2.1871	1.298884564	4.061804856	36.5088489	0	0
2.1871	1.299557484	4.060690497	36.44517123	0	0
2.1871	1.300228394	4.059574783	36.3814162	0	0
2.1871	1.30089729	4.05845772	36.317584	0	0
2.1871	1.30156417	4.05733931	36.25367487	0	0
2.1871	1.302229029	4.056219558	36.18968902	0	0
2.1871	1.302891865	4.055098467	36.12562668	0	0
2.1871	1.303552674	4.053976041	36.06148808	0	0
2.1871	1.304211455	4.052852285	35.99727343	0	0
2.1871	1.304868203	4.051727202	35.93298296	0	0
2.1871	1.305522915	4.050600796	35.8686169	0	0
2.1871	1.306175589	4.049473071	35.80417546	0	0
2.1871	1.306826222	4.04834403	35.73965888	0	0
2.1871	1.30747481	4.047213679	35.67506738	0	0
2.1871	1.30812135	4.046082021	35.61040118	0	0
2.1871	1.30876584	4.044949059	35.54566052	0	0
2.1871	1.309408276	4.043814798	35.48084562	0	0
2.1871	1.310048655	4.042679242	35.4159567	0	0
2.1871	1.310686975	4.041542395	35.350994	0	0
2.1871	1.311323232	4.040404261	35.28595774	0	0
2.1871	1.311957424	4.039264843	35.22084816	0	0
2.1871	1.312589547	4.038124146	35.15566548	0	0
2.1871	1.313219598	4.036982174	35.09040993	0	0
2.1871	1.313847576	4.03583893	35.02508174	0	0
2.1871	1.314473475	4.03469442	34.95968114	0	0
2.1871	1.315097295	4.033548646	34.89420837	0	0
2.1871	1.315719031	4.032401614	34.82866365	0	0
2.1871	1.316338681	4.031253326	34.76304722	0	0
2.1871	1.316956242	4.030103788	34.69735931	0	0
2.1871	1.317571711	4.028953003	34.63160015	0	0
2.1871	1.318185085	4.027800975	34.56576998	0	0
2.1871	1.318796362	4.026647708	34.49986902	0	0
2.1871	1.319405538	4.025493207	34.43389752	0	0
2.1871	1.320012611	4.024337475	34.3678557	0	0
2.1871	1.320617577	4.023180517	34.30174381	0	0
2.1871	1.321220434	4.022022336	34.23556207	0	0
2.1871	1.32182118	4.020862938	34.16931073	0	0
2.1871	1.32241981	4.019702325	34.10299001	0	0
2.1871	1.323016324	4.018540503	34.03660017	0	0
2.1871	1.323610716	4.017377475	33.97014142	0	0
2.1871	1.324202986	4.016213245	33.90361402	0	0
2.1871	1.32479313	4.015047818	33.83701819	0	0
2.1871	1.325381145	4.013881198	33.77035418	0	0
2.1871	1.325967028	4.012713389	33.70362223	0	0
2.1871	1.326550777	4.011544395	33.63682257	0	0
2.1871	1.32713239	4.01037422	33.56995544	0	0
2.1871	1.327711863	4.009202869	33.50302109	0	0
2.1871	1.328289193	4.008030346	33.43601975	0	0
2.1871	1.328864378	4.006856654	33.36895166	0	0
2.1871	1.329437415	4.005681799	33.30181707	0	0
2.1871	1.330008302	4.004505784	33.23461622	0	0
2.1871	1.330577036	4.003328613	33.16734934	0	0
2.1871	1.331143613	4.002150292	33.10001669	0	0
2.1871	1.331708032	4.000970824	33.0326185	0	0
2.1871	1.33227029	3.999790213	32.96515502	0	0
2.1871	1.332830384	3.998608463	32.89762648	0	0
2.1871	1.333388312	3.99742558	32.83003315	0	0
2.1871	1.33394407	3.996241567	32.76237524	0	0
2.1871	1.334497657	3.995056428	32.69465303	0	0
2.1871	1.335049069	3.993870168	32.62686674	0	0
2.1871	1.335598304	3.992682791	32.55901662	0	0
2.1871	1.33614536	3.991494301	32.49110293	0	0
2.1871	1.336690234	3.990304703	32.42312589	0	0
2.1871	1.337232923	3.989114001	32.35508578	0	0
2.1871	1.337773424	3.987922199	32.28698282	0	0
2.1871	1.338311736	3.986729302	32.21881726	0	0
2.1871	1.338847855	3.985535314	32.15058936	0	0
2.1871	1.33938178	3.984340239	32.08229936	0	0
2.1871	1.339913507	3.983144082	32.01394752	0	0
2.1871	1.340443034	3.981946846	31.94553407	0	0
2.1871	1.340970359	3.980748537	31.87705927	0	0
2.1871	1.341495478	3.979549159	31.80852337	0	0
2.1871	1.342018391	3.978348716	31.73992662	0	0
2.1871	1.342539093	3.977147212	31.67126926	0	0
2.1871	1.343057583	3.975944652	31.60255156	0	0
2.1871	1.343573858	3.974741041	31.53377375	0	0
2.1871	1.344087917	3.973536382	31.4649361	0	0
2.1871	1.344599755	3.97233068	31.39603885	0	0
2.1871	1.345109371	3.971123939	31.32708225	0	0
2.1871	1.345616763	3.969916165	31.25806657	0	0
2.1871	1.346121928	3.968707361	31.18899204	0	0
2.1871	1.346624863	3.967497531	31.11985893	0	0
2.1871	1.347125567	3.966286681	31.05066749	0	0
2.1871	1.347624037	3.965074814	30.98141797	0	0
2.1871	1.34812027	3.963861936	30.91211062	0	0
2.1871	1.348614265	3.96264805	30.8427457	0	0
2.1871	1.349106018	3.961433161	30.77332347	0	0
2.1871	1.349595528	3.960217273	30.70384419	0	0
2.1871	1.350082792	3.959000392	30.63430809	0	0
2.1871	1.350567808	3.95778252	30.56471545	0	0
2.1871	1.351050574	3.956563664	30.49506652	0	0
2.1871	1.351531087	3.955343827	30.42536156	0	0
2.1871	1.352009345	3.954123014	30.35560082	0	0
2.1871	1.352485346	3.95290123	30.28578456	0	0
2.1871	1.352959087	3.951678478	30.21591303	0	0
2.1871	1.353430567	3.950454764	30.1459865	0	0
2.1871	1.353899782	3.949230092	30.07600523	0	0
2.1871	1.354366732	3.948004466	30.00596947	0	0
2.1871	1.354831413	3.946777891	29.93587948	0	0
2.1871	1.355293823	3.945550372	29.86573553	0	0
2.1871	1.355753961	3.944321913	29.79553786	0	0
2.1871	1.356211823	3.943092518	29.72528675	0	0
2.1871	1.356667408	3.941862193	29.65498245	0	0
2.1871	1.357120714	3.940630941	29.58462522	0	0
2.1871	1.357571739	3.939398768	29.51421532	0	0
2.1871	1.358020479	3.938165678	29.44375302	0	0
2.1871	1.358466934	3.936931675	29.37323858	0	0
2.1871	1.358911101	3.935696764	29.30267225	0	0
2.1871	1.359352978	3.93446095	29.23205431	0	0
2.1871	1.359792563	3.933224238	29.161385	0	0
2.1871	1.360229853	3.931986631	29.09066461	0	0
2.1871	1.360664848	3.930748134	29.01989338	0	0
2.1871	1.361097543	3.929508753	28.94907159	0	0
2.1871	1.361527939	3.928268491	28.8781995	0	0
2.1871	1.361956032	3.927027354	28.80727736	0	0
2.1871	1.36238182	3.925785345	28.73630545	0	0
2.1871	1.362805302	3.924542471	28.66528404	0	0
2.1871	1.363226475	3.923298734	28.59421338	0	0
2.1871	1.363645337	3.92205414	28.52309373	0	0
2.1871	1.364061887	3.920808694	28.45192538	0	0
2.1871	1.364476123	3.9195624	28.38070858	0	0
2.1871	1.364888041	3.918315263	28.3094436	0	0
2.1871	1.365297642	3.917067287	28.2381307	0	0
2.1871	1.365704921	3.915818478	28.16677016	0	0
2.1871	1.366109879	3.914568839	28.09536223	0	0
2.1871	1.366512512	3.913318376	28.02390719	0	0
2.1871	1.366912819	3.912067093	27.95240531	0	0
2.1871	1.367310797	3.910814995	27.88085685	0	0
2.1871	1.367706446	3.909562086	27.80926208	0	0
2.1871	1.368099762	3.908308372	27.73762127	0	0
2.1871	1.368490745	3.907053857	27.66593469	0	0
2.1871	1.368879392	3.905798546	27.59420261	0	0
2.1871	1.369265701	3.904542443	27.52242529	0	0
2.1871	1.369649671	3.903285553	27.45060301	0	0
2.1871	1.370031299	3.902027881	27.37873604	0	0
2.1871	1.370410585	3.900769431	27.30682464	0	0
2.1871	1.370787525	3.899510209	27.23486909	0	0
2.1871	1.371162119	3.898250219	27.16286967	0	0
2.1871	1.371534365	3.896989466	27.09082663	0	0
2.1871	1.37190426	3.895727954	27.01874025	0	0
2.1871	1.372271803	3.894465689	26.9466108	0	0
2.1871	1.372636992	3.893202675	26.87443856	0	0
2.1871	1.372999826	3.891938916	26.80222379	0	0
2.1871	1.373360302	3.890674419	26.72996678	0	0
2.1871	1.37371842	3.889409186	26.65766778	0	0
2.1871	1.374074177	3.888143224	26.58532708	0	0
2.1871	1.374427571	3.886876537	26.51294495	0	0
2.1871	1.374778601	3.885609129	26.44052166	0	0
2.1871	1.375127265	3.884341006	26.36805748	0	0
2.1871	1.375473562	3.883072172	26.29555269	0	0
2.1871	1.37581749	3.881802632	26.22300756	0	0
2.1871	1.376159047	3.880532392	26.15042238	0	0
2.1871	1.376498231	3.879261454	26.0777974	0	0
2.1871	1.376835042	3.877989826	26.00513291	0	0
2.1871	1.377169477	3.876717511	25.93242918	0	0
2.1871	1.377501534	3.875444514	25.85968649	0	0
2.1871	1.377831213	3.874170839	25.78690511	0	0
2.1871	1.378158512	3.872896493	25.71408533	0	0
2.1871	1.378483428	3.87162148	25.6412274	0	0
2.1871	1.378805961	3.870345803	25.56833162	0	0
2.1871	1.379126108	3.869069469	25.49539826	0	0
2.1871	1.379443869	3.867792483	25.42242759	0	0
2.1871	1.379759242	3.866514848	25.34941989	0	0
2.1871	1.380072226	3.86523657	25.27637544	0	0
2.1871	1.380382818	3.863957654	25.20329452	0	0
2.1871	1.380691017	3.862678104	25.1301774	0	0
2.1871	1.380996822	3.861397926	25.05702436	0	0
2.1871	1.381300232	3.860117125	24.98383569	0	0
2.1871	1.381601244	3.858835704	24.91061165	0	0
2.1871	1.381899858	3.857553669	24.83735253	0	0
2.1871	1.382196072	3.856271026	24.76405861	0	0
2.1871	1.382489885	3.854987778	24.69073016	0	0
2.1871	1.382781295	3.853703931	24.61736747	0	0
2.1871	1.383070301	3.852419489	24.54397081	0	0
2.1871	1.383356901	3.851134458	24.47054046	0	0
2.1871	1.383641094	3.849848842	24.39707671	0	0
2.1871	1.383922879	3.848562647	24.32357983	0	0
2.1871	1.384202255	3.847275877	24.2500501	0	0
2.1871	1.384479219	3.845988537	24.17648781	0	0
2.1871	1.384753771	3.844700632	24.10289323	0	0
2.1871	1.385025909	3.843412166	24.02926665	0	0
2.1871	1.385295632	3.842123146	23.95560834	0	0
2.1871	1.385562939	3.840833575	23.8819186	0	0
2.1871	1.385827829	3.83954346	23.80819769	0	0
2.1871	1.386090299	3.838252803	23.73444591	0	0
2.1871	1.38635035	3.836961612	23.66066352	0	0
2.1871	1.386607979	3.835669889	23.58685083	0	0
2.1871	1.386863186	3.834377642	23.5130081	0	0
2.1871	1.387115969	3.833084873	23.43913562	0	0
2.1871	1.387366327	3.831791589	23.36523367	0	0
2.1871	1.387614258	3.830497794	23.29130253	0	0
2.1871	1.387859763	3.829203494	23.2173425	0	0
2.1871	1.388102838	3.827908692	23.14335385	0	0
2.1871	1.388343484	3.826613395	23.06933686	0	0
2.1871	1.388581699	3.825317607	22.99529181	0	0
2.1871	1.388817482	3.824021333	22.921219	0	0
2.1871	1.389050832	3.822724577	22.84711871	0	0
2.1871	1.389281747	3.821427346	22.77299122	0	0
2.1871	1.389510227	3.820129644	22.6988368	0	0
2.1871	1.38973627	3.818831476	22.62465576	0	0
2.1871	1.389959876	3.817532846	22.55044837	0	0
2.1871	1.390181043	3.816233761	22.47621492	0	0
2.1871	1.39039977	3.814934224	22.40195568	0	0
2.1871	1.390616057	3.813634242	22.32767096	0	0
2.1871	1.390829901	3.812333818	22.25336103	0	0
2.1871	1.391041303	3.811032958	22.17902617	0	0
2.1871	1.391250261	3.809731667	22.10466668	0	0
2.1871	1.391456774	3.80842995	22.03028283	0	0
2.1871	1.391660841	3.807127811	21.95587492	0	0
2.1871	1.391862461	3.805825257	21.88144323	0	0
2.1871	1.392061633	3.804522291	21.80698805	0	0
2.1871	1.392258356	3.803218919	21.73250966	0	0
2.1871	1.39245263	3.801915146	21.65800834	0	0
2.1871	1.392644453	3.800610977	21.58348439	0	0
2.1871	1.392833824	3.799306417	21.5089381	0	0
2.1871	1.393020743	3.79800147	21.43436974	0	0
2.1871	1.393205208	3.796696143	21.3597796	0	0
2.1871	1.393387219	3.79539044	21.28516798	0	0
2.1871	1.393566775	3.794084365	21.21053516	0	0
2.1871	1.393743874	3.792777925	21.13588143	0	0
2.1871	1.393918517	3.791471124	21.06120706	0	0
2.1871	1.394090702	3.790163966	20.98651237	0	0
2.1871	1.394260428	3.788856458	20.91179762	0	0
2.1871	1.394427695	3.787548604	20.8370631	0	0
2.1871	1.394592502	3.78624041	20.76230912	0	0
2.1871	1.394754847	3.784931879	20.68753594	0	0
2.1871	1.394914731	3.783623018	20.61274387	0	0
2.1871	1.395072152	3.782313831	20.53793318	0	0
2.1871	1.39522711	3.781004323	20.46310418	0	0
2.1871	1.395379604	3.7796945	20.38825714	0	0
2.1871	1.395529633	3.778384366	20.31339236	0	0
2.1871	1.395677196	3.777073927	20.23851011	0	0
2.1871	1.395822293	3.775763187	20.16361071	0	0
2.1871	1.395964923	3.774452152	20.08869442	0	0
2.1871	1.396105086	3.773140827	20.01376154	0	0
2.1871	1.39624278	3.771829216	19.93881237	0	0
2.1871	1.396378005	3.770517326	19.86384718	0	0
2.1871	1.396510761	3.76920516	19.78886627	0	0
2.1871	1.396641046	3.767892724	19.71386993	0	0
2.1871	1.39676886	3.766580023	19.63885845	0	0
2.1871	1.396894203	3.765267062	19.56383211	0	0
2.1871	1.397017074	3.763953846	19.48879121	0	0
2.1871	1.397137472	3.762640381	19.41373603	0	0
2.1871	1.397255396	3.76132667	19.33866688	0	0
2.1871	1.397370847	3.76001272	19.26358402	0	0
2.1871	1.397483823	3.758698536	19.18848777	0	0
2.1871	1.397594325	3.757384122	19.1133784	0	0
2.1871	1.39770235	3.756069484	19.03825621	0	0
2.1871	1.3978079	3.754754626	18.96312148	0	0
2.1871	1.397910973	3.753439554	18.88797451	0	0
2.1871	1.398011569	3.752124273	18.81281559	0	0
2.1871	1.398109688	3.750808788	18.73764501	0	0
2.1871	1.398205329	3.749493104	18.66246306	0	0
2.1871	1.398298491	3.748177225	18.58727003	0	0
2.1871	1.398389174	3.746861159	18.5120662	0	0
2.1871	1.398477378	3.745544908	18.43685188	0	0
2.1871	1.398563102	3.744228479	18.36162735	0	0
2.1871	1.398646346	3.742911876	18.28639291	0	0
2.1871	1.398727109	3.741595105	18.21114884	0	0
2.1871	1.398805392	3.74027817	18.13589543	0	0
2.1871	1.398881192	3.738961077	18.06063298	0	0
2.1871	1.398954512	3.737643831	17.98536178	0	0
2.1871	1.399025349	3.736326437	17.91008211	0	0
2.1871	1.399093703	3.7350089	17.83479428	0	0
2.1871	1.399159575	3.733691225	17.75949857	0	0
2.1871	1.399222964	3.732373417	17.68419527	0	0
2.1871	1.39928387	3.731055482	17.60888467	0	0
2.1871	1.399342292	3.729737424	17.53356707	0	0
2.1871	1.399398229	3.728419248	17.45824276	0	0
2.1871	1.399451683	3.72710096	17.38291202	0	0
2.1871	1.399502652	3.725782565	17.30757516	0	0
2.1871	1.399551136	3.724464068	17.23223246	0	0
2.1871	1.399597136	3.723145474	17.15688421	0	0
2.1871	1.39964065	3.721826787	17.08153071	0	0
2.1871	1.399681679	3.720508014	17.00617224	0	0
2.1871	1.399720222	3.719189159	16.9308091	0	0
2.1871	1.399756279	3.717870228	16.85544159	0	0
2.1871	1.399789851	3.716551225	16.78006998	0	0
2.1871	1.399820936	3.715232155	16.70469459	0	0
2.1871	1.399849535	3.713913024	16.62931568	0	0
2.1871	1.399875648	3.712593837	16.55393357	0	0
2.1871	1.399899274	3.711274599	16.47854853	0	0
2.1871	1.399920414	3.709955315	16.40316087	0	0
2.1871	1.399939066	3.70863599	16.32777087	0	0
2.1871	1.399955232	3.70731663	16.25237883	0	0
2.1871	1.399968911	3.705997238	16.17698503	0	0
2.1871	1.399980103	3.704677821	16.10158978	0	0
2.1871	1.399988808	3.703358384	16.02619336	0	0
2.1871	1.399995026	3.702038931	15.95079606	0	0
2.1871	1.399998756	3.700719468	15.87539818	0	0
2.1871	1.4	3.6994	15.8	0	0
2.1871	1.399998756	3.698080532	15.72460182	0	0
2.1871	1.399995026	3.696761069	15.64920394	0	0
2.1871	1.399988808	3.695441616	15.57380664	0	0
2.1871	1.399980103	3.694122179	15.49841022	0	0
2.1871	1.399968911	3.692802762	15.42301497	0	0
2.1871	1.399955232	3.69148337	15.34762117	0	0
2.1871	1.399939066	3.69016401	15.27222913	0	0
2.1871	1.399920414	3.688844685	15.19683913	0	0
2.1871	1.399899274	3.687525401	15.12145147	0	0
2.1871	1.399875648	3.686206163	15.04606643	0	0
2.1871	1.399849535	3.684886976	14.97068432	0	0
2.1871	1.399820936	3.683567845	14.89530541	0	0
2.1871	1.399789851	3.682248775	14.81993002	0	0
2.1871	1.399756279	3.680929772	14.74455841	0	0
2.1871	1.399720222	3.679610841	14.6691909	0	0
2.1871	1.399681679	3.678291986	14.59382776	0	0
2.1871	1.39964065	3.676973213	14.51846929	0	0
2.1871	1.399597136	3.675654526	14.44311579	0	0
2.1871	1.399551136	3.674335932	14.36776754	0	0
2.1871	1.399502652	3.673017435	14.29242484	0	0
2.1871	1.399451683	3.67169904	14.21708798	0	0
2.1871	1.399398229	3.670380752	14.14175724	0	0
2.1871	1.399342292	3.669062576	14.06643293	0	0
2.1871	1.39928387	3.667744518	13.99111533	0	0
2.1871	1.399222964	3.666426583	13.91580473	0	0
2.1871	1.399159575	3.665108775	13.84050143	0	0
2.1871	1.399093703	3.6637911	13.76520572	0	0
2.1871	1.399025349	3.662473563	13.68991789	0	0
2.1871	1.398954512	3.661156169	13.61463822	0	0
2.1871	1.398881192	3.659838923	13.53936702	0	0
2.1871	1.398805392	3.65852183	13.46410457	0	0
2.1871	1.398727109	3.657204895	13.38885116	0	0
2.1871	1.398646346	3.655888124	13.31360709	0	0
2.1871	1.398563102	3.654571521	13.23837265	0	0
2.1871	1.398477378	3.653255092	13.16314812	0	0
2.1871	1.398389174	3.651938841	13.0879338	0	0
2.1871	1.398298491	3.650622775	13.01272997	0	0
2.1871	1.398205329	3.649306896	12.93753694	0	0
2.1871	1.398109688	3.647991212	12.86235499	0	0
2.1871	1.398011569	3.646675727	12.78718441	0	0
2.1871	1.397910973	3.645360446	12.71202549	0	0
2.1871	1.3978079	3.644045374	12.63687852	0	0
2.1871	1.39770235	3.642730516	12.56174379	0	0
2.1871	1.397594325	3.641415878	12.4866216	0	0
2.1871	1.397483823	3.640101464	12.41151223	0	0
2.1871	1.397370847	3.63878728	12.33641598	0	0
2.1871	1.397255396	3.63747333	12.26133312	0	0
2.1871	1.397137472	3.636159619	12.18626397	0	0
2.1871	1.397017074	3.634846154	12.11120879	0	0
2.1871	1.396894203	3.633532938	12.03616789	0	0
2.1871	1.39676886	3.632219977	11.96114155	0	0
2.1871	1.396641046	3.630907276	11.88613007	0	0
2.1871	1.396510761	3.62959484	11.81113373	0	0
2.1871	1.396378005	3.628282674	11.73615282	0	0
2.1871	1.39624278	3.626970784	11.66118763	0	0
2.1871	1.396105086	3.625659173	11.58623846	0	0
2.1871	1.395964923	3.624347848	11.51130558	0	0
2.1871	1.395822293	3.623036813	11.43638929	0	0
2.1871	1.395677196	3.621726073	11.36148989	0	0
2.1871	1.395529633	3.620415634	11.28660764	0	0
2.1871	1.395379604	3.6191055	11.21174286	0	0
2.1871	1.39522711	3.617795677	11.13689582	0	0
2.1871	1.395072152	3.616486169	11.06206682	0	0
2.1871	1.394914731	3.615176982	10.98725613	0	0
2.1871	1.394754847	3.613868121	10.91246406	0	0
2.1871	1.394592502	3.61255959	10.83769088	0	0
2.1871	1.394427695	3.611251396	10.7629369	0	0
2.1871	1.394260428	3.609943542	10.68820238	0	0
2.1871	1.394090702	3.608636034	10.61348763	0	0
2.1871	1.393918517	3.607328876	10.53879294	0	0
2.1871	1.393743874	3.606022075	10.46411857	0	0
2.1871	1.393566775	3.604715635	10.38946484	0	0
2.1871	1.393387219	3.60340956	10.31483202	0	0
2.1871	1.393205208	3.602103857	10.2402204	0	0
2.1871	1.393020743	3.60079853	10.16563026	0	0
2.1871	1.392833824	3.599493583	10.0910619	0	0
2.1871	1.392644453	3.598189023	10.01651561	0	0
2.1871	1.39245263	3.596884854	9.941991659	0	0
2.1871	1.392258356	3.595581081	9.867490345	0	0
2.1871	1.392061633	3.594277709	9.793011953	0	0
2.1871	1.391862461	3.592974743	9.718556768	0	0
2.1871	1.391660841	3.591672189	9.644125078	0	0
2.1871	1.391456774	3.59037005	9.569717167	0	0
2.1871	1.391250261	3.589068333	9.495333322	0	0
2.1871	1.391041303	3.587767042	9.420973829	0	0
2.1871	1.390829901	3.586466182	9.346638974	0	0
2.1871	1.390616057	3.585165758	9.272329041	0	0
2.1871	1.39039977	3.583865776	9.198044316	0	0
2.1871	1.390181043	3.582566239	9.123785084	0	0
2.1871	1.389959876	3.581267154	9.04955163	0	0
2.1871	1.38973627	3.579968524	8.975344239	0	0
2.1871	1.389510227	3.578670356	8.901163196	0	0
2.1871	1.389281747	3.577372654	8.827008784	0	0
2.1871	1.389050832	3.576075423	8.752881289	0	0
2.1871	1.388817482	3.574778667	8.678780995	0	0
2.1871	1.388581699	3.573482393	8.604708185	0	0
2.1871	1.388343484	3.572186605	8.530663144	0	0
2.1871	1.388102838	3.570891308	8.456646155	0	0
2.1871	1.387859763	3.569596506	8.382657501	0	0
2.1871	1.387614258	3.568302206	8.308697466	0	0
2.1871	1.387366327	3.567008411	8.234766333	0	0
2.1871	1.387115969	3.565715127	8.160864385	0	0
2.1871	1.386863186	3.564422358	8.086991904	0	0
2.1871	1.386607979	3.563130111	8.013149174	0	0
2.1871	1.38635035	3.561838388	7.939336477	0	0
2.1871	1.386090299	3.560547197	7.865554094	0	0
2.1871	1.385827829	3.55925654	7.791802308	0	0
2.1871	1.385562939	3.557966425	7.718081402	0	0
2.1871	1.385295632	3.556676854	7.644391655	0	0
2.1871	1.385025909	3.555387834	7.570733351	0	0
2.1871	1.384753771	3.554099368	7.497106769	0	0
2.1871	1.384479219	3.552811463	7.423512192	0	0
2.1871	1.384202255	3.551524123	7.3499499	0	0
2.1871	1.383922879	3.550237353	7.276420174	0	0
2.1871	1.383641094	3.548951158	7.202923295	0	0
2.1871	1.383356901	3.547665542	7.129459541	0	0
2.1871	1.383070301	3.546380511	7.056029195	0	0
2.1871	1.382781295	3.545096069	6.982632535	0	0
2.1871	1.382489885	3.543812222	6.909269841	0	0
2.1871	1.382196072	3.542528974	6.835941393	0	0
2.1871	1.381899858	3.541246331	6.762647469	0	0
2.1871	1.381601244	3.539964296	6.68938835	0	0
2.1871	1.381300232	3.538682875	6.616164313	0	0
2.1871	1.380996822	3.537402074	6.542975637	0	0
2.1871	1.380691017	3.536121896	6.469822601	0	0
2.1871	1.380382818	3.534842346	6.396705483	0	0
2.1871	1.380072226	3.53356343	6.323624561	0	0
2.1871	1.379759242	3.532285152	6.250580112	0	0
2.1871	1.379443869	3.531007517	6.177572414	0	0
2.1871	1.379126108	3.529730531	6.104601745	0	0
2.1871	1.378805961	3.528454197	6.03166838	0	0
2.1871	1.378483428	3.52717852	5.958772598	0	0
2.1871	1.378158512	3.525903507	5.885914674	0	0
2.1871	1.377831213	3.524629161	5.813094886	0	0
2.1871	1.377501534	3.523355486	5.740313508	0	0
2.1871	1.377169477	3.522082489	5.667570818	0	0
2.1871	1.376835042	3.520810174	5.59486709	0	0
2.1871	1.376498231	3.519538546	5.5222026	0	0
2.1871	1.376159047	3.518267608	5.449577624	0	0
2.1871	1.37581749	3.516997368	5.376992435	0	0
2.1871	1.375473562	3.515727828	5.30444731	0	0
2.1871	1.375127265	3.514458994	5.231942521	0	0
2.1871	1.374778601	3.513190871	5.159478344	0	0
2.1871	1.374427571	3.511923463	5.087055052	0	0
2.1871	1.374074177	3.510656776	5.014672919	0	0
2.1871	1.37371842	3.509390814	4.942332218	0	0
2.1871	1.373360302	3.508125581	4.870033223	0	0
2.1871	1.372999826	3.506861084	4.797776207	0	0
2.1871	1.372636992	3.505597325	4.725561441	0	0
2.1871	1.372271803	3.504334311	4.653389199	0	0
2.1871	1.37190426	3.503072046	4.581259753	0	0
2.1871	1.371534365	3.501810534	4.509173374	0	0
2.1871	1.371162119	3.500549781	4.437130335	0	0
2.1871	1.370787525	3.499289791	4.365130905	0	0
2.1871	1.370410585	3.498030569	4.293175358	0	0
2.1871	1.370031299	3.496772119	4.221263963	0	0
2.1871	1.369649671	3.495514447	4.14939699	0	0
2.1871	1.369265701	3.494257557	4.077574711	0	0
2.1871	1.368879392	3.493001454	4.005797395	0	0
2.1871	1.368490745	3.491746143	3.934065311	0	0
2.1871	1.368099762	3.490491628	3.86237873	0	0
2.1871	1.367706446	3.489237914	3.790737921	0	0
2.1871	1.367310797	3.487985005	3.719143151	0	0
2.1871	1.366912819	3.486732907	3.647594691	0	0
2.1871	1.366512512	3.485481624	3.576092808	0	0
2.1871	1.366109879	3.484231161	3.50463777	0	0
2.1871	1.365704921	3.482981522	3.433229845	0	0
2.1871	1.365297642	3.481732713	3.3618693	0	0
2.1871	1.364888041	3.480484737	3.290556403	0	0
2.1871	1.364476123	3.4792376	3.219291421	0	0
2.1871	1.364061887	3.477991306	3.148074619	0	0
2.1871	1.363645337	3.47674586	3.076906265	0	0
2.1871	1.363226475	3.475501266	3.005786625	0	0
2.1871	1.362805302	3.474257529	2.934715963	0	0
2.1871	1.36238182	3.473014655	2.863694545	0	0
2.1871	1.361956032	3.471772646	2.792722637	0	0
2.1871	1.361527939	3.470531509	2.721800504	0	0
2.1871	1.361097543	3.469291247	2.650928409	0	0
2.1871	1.360664848	3.468051866	2.580106617	0	0
2.1871	1.360229853	3.466813369	2.509335391	0	0
2.1871	1.359792563	3.465575762	2.438614996	0	0
2.1871	1.359352978	3.46433905	2.367945695	0	0
2.1871	1.358911101	3.463103236	2.29732775	0	0
2.1871	1.358466934	3.461868325	2.226761424	0	0
2.1871	1.358020479	3.460634322	2.15624698	0	0
2.1871	1.357571739	3.459401232	2.085784679	0	0
2.1871	1.357120714	3.458169059	2.015374783	0	0
2.1871	1.356667408	3.456937807	1.945017554	0	0
2.1871	1.356211823	3.455707482	1.874713252	0	0
2.1871	1.355753961	3.454478087	1.804462139	0	0
2.1871	1.355293823	3.453249628	1.734264474	0	0
2.1871	1.354831413	3.452022109	1.664120517	0	0
2.1871	1.354366732	3.450795534	1.594030529	0	0
2.1871	1.353899782	3.449569908	1.523994769	0	0
2.1871	1.353430567	3.448345236	1.454013496	0	0
2.1871	1.352959087	3.447121522	1.384086968	0	0
2.1871	1.352485346	3.44589877	1.314215444	0	0
2.1871	1.352009345	3.444676986	1.244399183	0	0
2.1871	1.351531087	3.443456173	1.174638441	0	0
2.1871	1.351050574	3.442236336	1.104933476	0	0
2.1871	1.350567808	3.44101748	1.035284546	0	0
2.1871	1.350082792	3.439799608	0.965691906	0	0
2.1871	1.349595528	3.438582727	0.896155814	0	0
2.1871	1.349106018	3.437366839	0.826676526	0	0
2.1871	1.348614265	3.43615195	0.757254296	0	0
2.1871	1.34812027	3.434938064	0.687889381	0	0
2.1871	1.347624037	3.433725186	0.618582035	0	0
2.1871	1.347125567	3.432513319	0.549332513	0	0
2.1871	1.346624863	3.431302469	0.48014107	0	0
2.1871	1.346121928	3.430092639	0.411007958	0	0
2.1871	1.345616763	3.428883835	0.341933433	0	0
2.1871	1.345109371	3.427676061	0.272917747	0	0
2.1871	1.344599755	3.42646932	0.203961152	0	0
2.1871	1.344087917	3.425263618	0.135063902	0	0
2.1871	1.343573858	3.424058959	0.066226249	0	0
2.1871	1.343057583	3.422855348	-0.002551556	0	0
2.1871	1.342539093	3.421652788	-0.071269262	0	0
2.1871	1.342018391	3.420451284	-0.139926616	0	0
2.1871	1.341495478	3.419250841	-0.208523369	0	0
2.1871	1.340970359	3.418051463	-0.27705927	0	0
2.1871	1.340443034	3.416853154	-0.345534069	0	0
2.1871	1.339913507	3.415655918	-0.413947517	0	0
2.1871	1.33938178	3.414459761	-0.482299364	0	0
2.1871	1.338847855	3.413264686	-0.550589362	0	0
2.1871	1.338311736	3.412070698	-0.618817262	0	0
2.1871	1.337773424	3.410877801	-0.686982816	0	0
2.1871	1.337232923	3.409685999	-0.755085776	0	0
2.1871	1.336690234	3.408495297	-0.823125895	0	0
2.1871	1.33614536	3.407305699	-0.891102926	0	0
2.1871	1.335598304	3.406117209	-0.959016623	0	0
2.1871	1.335049069	3.404929832	-1.026866738	0	0
2.1871	1.334497657	3.403743572	-1.094653028	0	0
2.1871	1.33394407	3.402558433	-1.162375245	0	0
2.1871	1.333388312	3.40137442	-1.230033145	0	0
2.1871	1.332830384	3.400191537	-1.297626484	0	0
2.1871	1.33227029	3.399009787	-1.365155016	0	0
2.1871	1.331708032	3.397829176	-1.432618499	0	0
2.1871	1.331143613	3.396649708	-1.500016689	0	0
2.1871	1.330577036	3.395471387	-1.567349343	0	0
2.1871	1.330008302	3.394294216	-1.634616217	0	0
2.1871	1.329437415	3.393118201	-1.70181707	0	0
2.1871	1.328864378	3.391943346	-1.768951661	0	0
2.1871	1.328289193	3.390769654	-1.836019746	0	0
2.1871	1.327711863	3.389597131	-1.903021086	0	0
2.1871	1.32713239	3.38842578	-1.96995544	0	0
2.1871	1.326550777	3.387255605	-2.036822567	0	0
2.1871	1.325967028	3.386086611	-2.103622228	0	0
2.1871	1.325381145	3.384918802	-2.170354182	0	0
2.1871	1.32479313	3.383752182	-2.237018192	0	0
2.1871	1.324202986	3.382586755	-2.303614018	0	0
2.1871	1.323610716	3.381422525	-2.370141422	0	0
2.1871	1.323016324	3.380259497	-2.436600167	0	0
2.1871	1.32241981	3.379097675	-2.502990014	0	0
2.1871	1.32182118	3.377937062	-2.569310728	0	0
2.1871	1.321220434	3.376777664	-2.635562071	0	0
2.1871	1.320617577	3.375619483	-2.701743807	0	0
2.1871	1.320012611	3.374462525	-2.767855701	0	0
2.1871	1.319405538	3.373306793	-2.833897516	0	0
2.1871	1.318796362	3.372152292	-2.899869019	0	0
2.1871	1.318185085	3.370999025	-2.965769975	0	0
2.1871	1.317571711	3.369846997	-3.03160015	0	0
2.1871	1.316956242	3.368696212	-3.09735931	0	0
2.1871	1.316338681	3.367546674	-3.163047222	0	0
2.1871	1.315719031	3.366398386	-3.228663653	0	0
2.1871	1.315097295	3.365251354	-3.29420837	0	0
2.1871	1.314473475	3.36410558	-3.359681143	0	0
2.1871	1.313847576	3.36296107	-3.425081739	0	0
2.1871	1.313219598	3.361817826	-3.490409928	0	0
2.1871	1.312589547	3.360675854	-3.555665478	0	0
2.1871	1.311957424	3.359535157	-3.62084816	0	0
2.1871	1.311323232	3.358395739	-3.685957744	0	0
2.1871	1.310686975	3.357257605	-3.750994001	0	0
2.1871	1.310048655	3.356120758	-3.815956701	0	0
2.1871	1.309408276	3.354985202	-3.880845617	0	0
2.1871	1.30876584	3.353850941	-3.94566052	0	0
2.1871	1.30812135	3.352717979	-4.010401183	0	0
2.1871	1.30747481	3.351586321	-4.075067379	0	0
2.1871	1.306826222	3.35045597	-4.139658881	0	0
2.1871	1.306175589	3.349326929	-4.204175462	0	0
2.1871	1.305522915	3.348199204	-4.268616898	0	0
2.1871	1.304868203	3.347072798	-4.332982963	0	0
2.1871	1.304211455	3.345947715	-4.397273432	0	0
2.1871	1.303552674	3.344823959	-4.46148808	0	0
2.1871	1.302891865	3.343701533	-4.525626684	0	0
2.1871	1.302229029	3.342580442	-4.589689021	0	0
2.1871	1.30156417	3.34146069	-4.653674866	0	0
2.1871	1.30089729	3.34034228	-4.717583998	0	0
2.1871	1.300228394	3.339225217	-4.781416195	0	0
2.1871	1.299557484	3.338109503	-4.845171235	0	0
2.1871	1.298884564	3.336995144	-4.908848896	0	0
2.1871	1.298209635	3.335882143	-4.972448958	0	0
2.1871	1.297532703	3.334770504	-5.035971201	0	0
2.1871	1.296853768	3.33366023	-5.099415404	0	0
2.1871	1.296172836	3.332551326	-5.162781349	0	0
2.1871	1.295489909	3.331443796	-5.226068817	0	0
2.1871	1.29480499	3.330337642	-5.289277589	0	0
2.1871	1.294118082	3.32923287	-5.352407447	0	0
2.1871	1.293429189	3.328129482	-5.415458174	0	0
2.1871	1.292738314	3.327027483	-5.478429553	0	0
2.1871	1.292045459	3.325926876	-5.541321367	0	0
2.1871	1.291350629	3.324827665	-5.604133401	0	0
2.1871	1.290653826	3.323729855	-5.666865438	0	0
2.1871	1.289955054	3.322633448	-5.729517263	0	0
2.1871	1.289254315	3.321538448	-5.792088663	0	0
2.1871	1.288551614	3.32044486	-5.854579422	0	0
2.1871	1.287846953	3.319352687	-5.916989328	0	0
2.1871	1.287140335	3.318261932	-5.979318166	0	0
2.1871	1.286431765	3.3171726	-6.041565725	0	0
2.1871	1.285721244	3.316084694	-6.103731792	0	0
2.1871	1.285008777	3.314998217	-6.165816155	0	0
2.1871	1.284294367	3.313913174	-6.227818603	0	0
2.1871	1.283578017	3.312829569	-6.289738925	0	0
2.1871	1.28285973	3.311747404	-6.351576911	0	0
2.1871	1.28213951	3.310666684	-6.413332352	0	0
2.1871	1.28141736	3.309587412	-6.475005037	0	0
2.1871	1.280693283	3.308509592	-6.536594758	0	0
2.1871	1.279967283	3.307433227	-6.598101307	0	0
2.1871	1.279239363	3.306358322	-6.659524476	0	0
2.1871	1.278509526	3.305284879	-6.720864058	0	0
2.1871	1.277777776	3.304212903	-6.782119845	0	0
2.1871	1.277044116	3.303142396	-6.843291632	0	0
2.1871	1.276308549	3.302073364	-6.904379212	0	0
2.1871	1.27557108	3.301005808	-6.96538238	0	0
2.1871	1.274831711	3.299939734	-7.026300932	0	0
2.1871	1.274090445	3.298875143	-7.087134663	0	0
2.1871	1.273347287	3.297812041	-7.147883369	0	0
2.1871	1.272602239	3.29675043	-7.208546846	0	0
2.1871	1.271855305	3.295690314	-7.269124893	0	0
2.1871	1.271106488	3.294631697	-7.329617306	0	0
2.1871	1.270355793	3.293574582	-7.390023884	0	0
2.1871	1.269603221	3.292518973	-7.450344425	0	0
2.1871	1.268848777	3.291464872	-7.510578729	0	0
2.1871	1.268092465	3.290412285	-7.570726595	0	0
2.1871	1.267334287	3.289361213	-7.630787824	0	0
2.1871	1.266574247	3.288311661	-7.690762216	0	0
2.1871	1.265812349	3.287263632	-7.750649572	0	0
2.1871	1.265048596	3.28621713	-7.810449695	0	0
2.1871	1.264282992	3.285172158	-7.870162385	0	0
2.1871	1.26351554	3.28412872	-7.929787447	0	0
2.1871	1.262746243	3.283086818	-7.989324683	0	0
2.1871	1.261975106	3.282046457	-8.048773898	0	0
2.1871	1.261202132	3.281007639	-8.108134895	0	0
2.1871	1.260427323	3.279970369	-8.167407479	0	0
2.1871	1.259650685	3.27893465	-8.226591456	0	0
2.1871	1.25887222	3.277900484	-8.285686631	0	0
2.1871	1.258091932	3.276867876	-8.344692812	0	0
2.1871	1.257309824	3.275836828	-8.403609804	0	0
2.1871	1.2565259	3.274807345	-8.462437415	0	0
2.1871	1.255740164	3.27377943	-8.521175454	0	0
2.1871	1.254952619	3.272753085	-8.579823728	0	0
2.1871	1.254163269	3.271728314	-8.638382047	0	0
2.1871	1.253372118	3.270705121	-8.69685022	0	0
2.1871	1.252579168	3.269683509	-8.755228058	0	0
2.1871	1.251784425	3.268663481	-8.81351537	0	0
2.1871	1.25098789	3.267645041	-8.871711968	0	0
2.1871	1.250189568	3.266628191	-8.929817664	0	0
2.1871	1.249389463	3.265612935	-8.98783227	0	0
2.1871	1.248587579	3.264599277	-9.045755598	0	0
2.1871	1.247783918	3.263587219	-9.103587462	0	0
2.1871	1.246978484	3.262576766	-9.161327675	0	0
2.1871	1.246171282	3.261567919	-9.218976053	0	0
2.1871	1.245362314	3.260560683	-9.276532409	0	0
2.1871	1.244551585	3.25955506	-9.333996559	0	0
2.1871	1.243739098	3.258551054	-9.391368319	0	0
2.1871	1.242924858	3.257548669	-9.448647506	0	0
2.1871	1.242108866	3.256547906	-9.505833936	0	0
2.1871	1.241291128	3.25554877	-9.562927428	0	0
2.1871	1.240471647	3.254551264	-9.619927798	0	0
2.1871	1.239650427	3.25355539	-9.676834866	0	0
2.1871	1.238827471	3.252561152	-9.733648451	0	0
2.1871	1.238002784	3.251568553	-9.790368373	0	0
2.1871	1.237176368	3.250577597	-9.846994452	0	0
2.1871	1.236348228	3.249588286	-9.903526508	0	0
2.1871	1.235518368	3.248600624	-9.959964364	0	0
2.1871	1.23468679	3.247614613	-10.01630784	0	0
2.1871	1.2338535	3.246630257	-10.07255676	0	0
2.1871	1.2330185	3.245647558	-10.12871095	0	0
2.1871	1.232181795	3.244666521	-10.18477022	0	0
2.1871	1.231343388	3.243687148	-10.24073441	0	0
2.1871	1.230503283	3.242709441	-10.29660334	0	0
2.1871	1.229661484	3.241733405	-10.35237684	0	0
2.1871	1.228817995	3.240759042	-10.40805472	0	0
2.1871	1.227972819	3.239786356	-10.46363682	0	0
2.1871	1.227125961	3.238815348	-10.51912296	0	0
2.1871	1.226277423	3.237846023	-10.57451297	0	0
2.1871	1.225427211	3.236878383	-10.62980668	0	0
2.1871	1.224575327	3.235912431	-10.68500392	0	0
2.1871	1.223721776	3.234948171	-10.74010451	0	0
2.1871	1.222866561	3.233985605	-10.79510829	0	0
2.1871	1.222009687	3.233024736	-10.85001509	0	0
2.1871	1.221151157	3.232065567	-10.90482473	0	0
2.1871	1.220290974	3.231108102	-10.95953705	0	0
2.1871	1.219429144	3.230152342	-11.01415187	0	0
2.1871	1.218565669	3.229198292	-11.06866905	0	0
2.1871	1.217700554	3.228245953	-11.12308839	0	0
2.1871	1.216833803	3.227295329	-11.17740975	0	0
2.1871	1.215965419	3.226346423	-11.23163295	0	0
2.1871	1.215095406	3.225399238	-11.28575782	0	0
2.1871	1.214223769	3.224453776	-11.33978421	0	0
2.1871	1.213350511	3.223510041	-11.39371195	0	0
2.1871	1.212475635	3.222568035	-11.44754087	0	0
2.1871	1.211599147	3.221627761	-11.50127082	0	0
2.1871	1.21072105	3.220689222	-11.55490162	0	0
2.1871	1.209841347	3.21975242	-11.60843312	0	0
2.1871	1.208960043	3.21881736	-11.66186516	0	0
2.1871	1.208077142	3.217884042	-11.71519758	0	0
2.1871	1.207192648	3.216952471	-11.76843021	0	0
2.1871	1.206306564	3.216022649	-11.8215629	0	0
2.1871	1.205418895	3.215094579	-11.87459548	0	0
2.1871	1.204529644	3.214168263	-11.92752781	0	0
2.1871	1.203638816	3.213243705	-11.98035971	0	0
2.1871	1.202746414	3.212320907	-12.03309104	0	0
2.1871	1.201852443	3.211399871	-12.08572163	0	0
2.1871	1.200956906	3.210480602	-12.13825134	0	0
2.1871	1.200059808	3.2095631	-12.19068	0	0
2.1871	1.199161152	3.208647369	-12.24300746	0	0
2.1871	1.198260943	3.207733413	-12.29523356	0	0
2.1871	1.197359184	3.206821232	-12.34735816	0	0
2.1871	1.196455879	3.205910831	-12.3993811	0	0
2.1871	1.195551033	3.205002211	-12.45130222	0	0
2.1871	1.19464465	3.204095376	-12.50312138	0	0
2.1871	1.193736733	3.203190328	-12.55483842	0	0
2.1871	1.192827286	3.202287069	-12.60645319	0	0
2.1871	1.191916314	3.201385603	-12.65796554	0	0
2.1871	1.191003821	3.200485932	-12.70937532	0	0
2.1871	1.190089811	3.199588058	-12.76068239	0	0
2.1871	1.189174287	3.198691985	-12.81188659	0	0
2.1871	1.188257255	3.197797714	-12.86298777	0	0
2.1871	1.187338717	3.196905249	-12.91398579	0	0
2.1871	1.186418678	3.196014591	-12.96488051	0	0
2.1871	1.185497142	3.195125744	-13.01567177	0	0
2.1871	1.184574113	3.19423871	-13.06635943	0	0
2.1871	1.183649596	3.193353492	-13.11694334	0	0
2.1871	1.182723593	3.192470091	-13.16742337	0	0
2.1871	1.18179611	3.191588511	-13.21779936	0	0
2.1871	1.180867151	3.190708755	-13.26807117	0	0
2.1871	1.179936719	3.189830823	-13.31823866	0	0
2.1871	1.179004819	3.18895472	-13.36830169	0	0
2.1871	1.178071455	3.188080448	-13.41826012	0	0
2.1871	1.17713663	3.187208008	-13.4681138	0	0
2.1871	1.17620035	3.186337404	-13.5178626	0	0
2.1871	1.175262618	3.185468638	-13.56750638	0	0
2.1871	1.174323438	3.184601713	-13.61704499	0	0
2.1871	1.173382814	3.18373663	-13.66647829	0	0
2.1871	1.172440751	3.182873392	-13.71580616	0	0
2.1871	1.171497253	3.182012002	-13.76502845	0	0
2.1871	1.170552324	3.181152462	-13.81414503	0	0
2.1871	1.169605967	3.180294774	-13.86315575	0	0
2.1871	1.168658188	3.179438941	-13.91206049	0	0
2.1871	1.167708991	3.178584966	-13.96085911	0	0
2.1871	1.166758378	3.177732849	-14.00955148	0	0
2.1871	1.165806356	3.176882595	-14.05813745	0	0
2.1871	1.164852927	3.176034204	-14.1066169	0	0
2.1871	1.163898096	3.17518768	-14.1549897	0	0
2.1871	1.162941868	3.174343025	-14.20325571	0	0
2.1871	1.161984246	3.173500241	-14.25141481	0	0
2.1871	1.161025234	3.17265933	-14.29946685	0	0
2.1871	1.160064838	3.171820295	-14.34741171	0	0
2.1871	1.15910306	3.170983138	-14.39524927	0	0
2.1871	1.158139906	3.170147861	-14.44297939	0	0
2.1871	1.157175378	3.169314466	-14.49060194	0	0
2.1871	1.156209483	3.168482956	-14.5381168	0	0
2.1871	1.155242223	3.167653333	-14.58552384	0	0
2.1871	1.154273604	3.166825599	-14.63282292	0	0
2.1871	1.153303629	3.165999756	-14.68001394	0	0
2.1871	1.152332302	3.165175807	-14.72709676	0	0
2.1871	1.151359628	3.164353753	-14.77407125	0	0
2.1871	1.150385611	3.163533597	-14.8209373	0	0
2.1871	1.149410255	3.162715341	-14.86769477	0	0
2.1871	1.148433565	3.161898988	-14.91434355	0	0
2.1871	1.147455544	3.161084538	-14.96088352	0	0
2.1871	1.146476197	3.160271995	-15.00731454	0	0
2.1871	1.145495529	3.159461361	-15.05363651	0	0
2.1871	1.144513543	3.158652637	-15.0998493	0	0
2.1871	1.143530244	3.157845826	-15.14595278	0	0
2.1871	1.142545635	3.15704093	-15.19194685	0	0
2.1871	1.141559722	3.156237951	-15.23783138	0	0
2.1871	1.140572509	3.15543689	-15.28360626	0	0
2.1871	1.139583999	3.154637751	-15.32927136	0	0
2.1871	1.138594198	3.153840535	-15.37482657	0	0
2.1871	1.137603108	3.153045244	-15.42027178	0	0
2.1871	1.136610736	3.15225188	-15.46560686	0	0
2.1871	1.135617084	3.151460445	-15.51083171	0	0
2.1871	1.134622158	3.150670941	-15.5559462	0	0
2.1871	1.133625961	3.149883371	-15.60095023	0	0
2.1871	1.132628498	3.149097735	-15.64584369	0	0
2.1871	1.131629774	3.148314037	-15.69062645	0	0
2.1871	1.130629791	3.147532278	-15.73529841	0	0
2.1871	1.129628556	3.14675246	-15.77985945	0	0
2.1871	1.128626072	3.145974584	-15.82430947	0	0
2.1871	1.127622343	3.145198654	-15.86864836	0	0
2.1871	1.126617373	3.14442467	-15.912876	0	0
2.1871	1.125611168	3.143652635	-15.95699229	0	0
2.1871	1.124603731	3.142882551	-16.00099711	0	0
2.1871	1.123595067	3.142114419	-16.04489037	0	0
2.1871	1.12258518	3.141348241	-16.08867195	0	0
2.1871	1.121574074	3.140584019	-16.13234175	0	0
2.1871	1.120561754	3.139821756	-16.17589966	0	0
2.1871	1.119548224	3.139061452	-16.21934558	0	0
2.1871	1.118533488	3.138303111	-16.26267939	0	0
2.1871	1.117517551	3.137546732	-16.30590101	0	0
2.1871	1.116500417	3.136792319	-16.34901032	0	0
2.1871	1.115482091	3.136039874	-16.39200723	0	0
2.1871	1.114462576	3.135289397	-16.43489162	0	0
2.1871	1.113441878	3.134540891	-16.4776634	0	0
2.1871	1.11242	3.133794357	-16.52032247	0	0
2.1871	1.111396947	3.133049797	-16.56286872	0	0
2.1871	1.110372723	3.132307214	-16.60530207	0	0
2.1871	1.109347333	3.131566608	-16.6476224	0	0
2.1871	1.108320781	3.130827982	-16.68982962	0	0
2.1871	1.107293071	3.130091336	-16.73192363	0	0
2.1871	1.106264208	3.129356674	-16.77390434	0	0
2.1871	1.105234196	3.128623996	-16.81577165	0	0
2.1871	1.104203039	3.127893304	-16.85752546	0	0
2.1871	1.103170743	3.127164601	-16.89916568	0	0
2.1871	1.10213731	3.126437886	-16.94069221	0	0
2.1871	1.101102747	3.125713163	-16.98210496	0	0
2.1871	1.100067056	3.124990433	-17.02340383	0	0
2.1871	1.099030243	3.124269697	-17.06458874	0	0
2.1871	1.097992311	3.123550957	-17.10565959	0	0
2.1871	1.096953266	3.122834215	-17.14661628	0	0
2.1871	1.095913112	3.122119472	-17.18745874	0	0
2.1871	1.094871852	3.12140673	-17.22818686	0	0
2.1871	1.093829492	3.12069599	-17.26880056	0	0
2.1871	1.092786036	3.119987254	-17.30929975	0	0
2.1871	1.091741488	3.119280524	-17.34968433	0	0
2.1871	1.090695853	3.118575801	-17.38995423	0	0
2.1871	1.089649135	3.117873086	-17.43010936	0	0
2.1871	1.088601339	3.117172382	-17.47014962	0	0
2.1871	1.087552468	3.116473689	-17.51007494	0	0
2.1871	1.086502528	3.115777009	-17.54988522	0	0
2.1871	1.085451522	3.115082343	-17.58958039	0	0
2.1871	1.084399456	3.114389694	-17.62916035	0	0
2.1871	1.083346333	3.113699062	-17.66862503	0	0
2.1871	1.082292159	3.113010449	-17.70797434	0	0
2.1871	1.081236937	3.112323857	-17.7472082	0	0
2.1871	1.080180671	3.111639286	-17.78632653	0	0
2.1871	1.079123367	3.110956738	-17.82532924	0	0
2.1871	1.078065029	3.110276215	-17.86421626	0	0
2.1871	1.077005662	3.109597719	-17.90298751	0	0
2.1871	1.075945268	3.108921249	-17.9416429	0	0
2.1871	1.074883854	3.108246809	-17.98018237	0	0
2.1871	1.073821424	3.107574398	-18.01860582	0	0
2.1871	1.072757981	3.106904019	-18.05691319	0	0
2.1871	1.071693531	3.106235673	-18.0951044	0	0
2.1871	1.070628078	3.105569361	-18.13317937	0	0
2.1871	1.069561626	3.104905085	-18.17113803	0	0
2.1871	1.06849418	3.104242845	-18.20898029	0	0
2.1871	1.067425744	3.103582643	-18.24670609	0	0
2.1871	1.066356323	3.102924481	-18.28431536	0	0
2.1871	1.065285921	3.10226836	-18.32180802	0	0
2.1871	1.064214543	3.10161428	-18.35918399	0	0
2.1871	1.063142192	3.100962244	-18.39644321	0	0
2.1871	1.062068875	3.100312252	-18.43358561	0	0
2.1871	1.060994594	3.099664306	-18.47061111	0	0
2.1871	1.059919355	3.099018406	-18.50751965	0	0
2.1871	1.058843161	3.098374555	-18.54431115	0	0
2.1871	1.057766018	3.097732753	-18.58098555	0	0
2.1871	1.05668793	3.097093001	-18.61754278	0	0
2.1871	1.055608901	3.096455301	-18.65398278	0	0
2.1871	1.054528936	3.095819654	-18.69030547	0	0
2.1871	1.053448039	3.095186061	-18.72651079	0	0
2.1871	1.052366215	3.094554523	-18.76259867	0	0
2.1871	1.051283468	3.093925042	-18.79856905	0	0
2.1871	1.050199803	3.093297617	-18.83442187	0	0
2.1871	1.049115223	3.092672252	-18.87015706	0	0
2.1871	1.048029735	3.092048945	-18.90577455	0	0
2.1871	1.046943341	3.0914277	-18.9412743	0	0
2.1871	1.045856048	3.090808516	-18.97665623	0	0
2.1871	1.044767858	3.090191395	-19.01192028	0	0
2.1871	1.043678776	3.089576338	-19.0470664	0	0
2.1871	1.042588808	3.088963346	-19.08209452	0	0
2.1871	1.041497957	3.08835242	-19.11700458	0	0
2.1871	1.040406228	3.087743561	-19.15179653	0	0
2.1871	1.039313626	3.08713677	-19.1864703	0	0
2.1871	1.038220155	3.086532048	-19.22102585	0	0
2.1871	1.037125818	3.085929396	-19.25546311	0	0
2.1871	1.036030622	3.085328814	-19.28978203	0	0
2.1871	1.03493457	3.084730305	-19.32398255	0	0
2.1871	1.033837668	3.084133869	-19.35806462	0	0
2.1871	1.032739918	3.083539507	-19.39202818	0	0
2.1871	1.031641326	3.082947219	-19.42587318	0	0
2.1871	1.030541897	3.082357008	-19.45959956	0	0
2.1871	1.029441634	3.081768873	-19.49320728	0	0
2.1871	1.028340543	3.081182815	-19.52669628	0	0
2.1871	1.027238628	3.080598836	-19.56006652	0	0
2.1871	1.026135892	3.080016936	-19.59331793	0	0
2.1871	1.025032342	3.079437117	-19.62645047	0	0
2.1871	1.023927981	3.078859378	-19.6594641	0	0
2.1871	1.022822813	3.078283722	-19.69235876	0	0
2.1871	1.021716844	3.077710148	-19.7251344	0	0
2.1871	1.020610078	3.077138658	-19.75779098	0	0
2.1871	1.019502519	3.076569252	-19.79032845	0	0
2.1871	1.018394171	3.076001932	-19.82274677	0	0
2.1871	1.01728504	3.075436697	-19.85504588	0	0
2.1871	1.016175129	3.074873549	-19.88722575	0	0
2.1871	1.015064444	3.074312489	-19.91928633	0	0
2.1871	1.013952988	3.073753517	-19.95122758	0	0
2.1871	1.012840767	3.073196635	-19.98304944	0	0
2.1871	1.011727784	3.072641842	-20.01475189	0	0
2.1871	1.010614044	3.07208914	-20.04633488	0	0
2.1871	1.009499552	3.071538529	-20.07779836	0	0
2.1871	1.008384312	3.07099001	-20.1091423	0	0
2.1871	1.007268329	3.070443583	-20.14036666	0	0
2.1871	1.006151607	3.069899251	-20.17147139	0	0
2.1871	1.005034151	3.069357012	-20.20245647	0	0
2.1871	1.003915964	3.068816868	-20.23332184	0	0
2.1871	1.002797052	3.068278819	-20.26406748	0	0
2.1871	1.00167742	3.067742866	-20.29469335	0	0
2.1871	1.000557071	3.067209011	-20.3251994	0	0
2.1871	0.99943601	3.066677252	-20.35558561	0	0
2.1871	0.998314241	3.066147591	-20.38585194	0	0
2.1871	0.99719177	3.065620029	-20.41599835	0	0
2.1871	0.9960686	3.065094566	-20.44602481	0	0
2.1871	0.994944737	3.064571202	-20.47593129	0	0
2.1871	0.993820183	3.064049939	-20.50571776	0	0
2.1871	0.992694945	3.063530777	-20.53538418	0	0
2.1871	0.991569027	3.063013716	-20.56493052	0	0
2.1871	0.990442432	3.062498757	-20.59435676	0	0
2.1871	0.989315166	3.0619859	-20.62366285	0	0
2.1871	0.988187233	3.061475146	-20.65284878	0	0
2.1871	0.987058637	3.060966496	-20.68191451	0	0
2.1871	0.985929383	3.06045995	-20.71086001	0	0
2.1871	0.984799476	3.059955508	-20.73968526	0	0
2.1871	0.98366892	3.059453171	-20.76839023	0	0
2.1871	0.982537719	3.058952939	-20.79697489	0	0
2.1871	0.981405878	3.058454814	-20.82543922	0	0
2.1871	0.980273401	3.057958794	-20.85378319	0	0
2.1871	0.979140293	3.057464881	-20.88200678	0	0
2.1871	0.978006559	3.056973076	-20.91010997	0	0
2.1871	0.976872202	3.056483377	-20.93809272	0	0
2.1871	0.975737228	3.055995787	-20.96595502	0	0
2.1871	0.97460164	3.055510305	-20.99369685	0	0
2.1871	0.973465444	3.055026932	-21.02131818	0	0
2.1871	0.972328644	3.054545668	-21.04881899	0	0
2.1871	0.971191243	3.054066513	-21.07619926	0	0
2.1871	0.970053248	3.053589468	-21.10345898	0	0
2.1871	0.968914661	3.053114533	-21.13059812	0	0
2.1871	0.967775488	3.052641708	-21.15761667	0	0
2.1871	0.966635734	3.052170995	-21.1845146	0	0
2.1871	0.965495402	3.051702392	-21.2112919	0	0
2.1871	0.964354496	3.0512359	-21.23794856	0	0
2.1871	0.963213023	3.05077152	-21.26448455	0	0
2.1871	0.962070985	3.050309252	-21.29089986	0	0
2.1871	0.960928388	3.049849097	-21.31719448	0	0
2.1871	0.959785236	3.049391053	-21.34336839	0	0
2.1871	0.958641534	3.048935122	-21.36942158	0	0
2.1871	0.957497285	3.048481304	-21.39535404	0	0
2.1871	0.956352494	3.048029599	-21.42116575	0	0
2.1871	0.955207166	3.047580008	-21.4468567	0	0
2.1871	0.954061306	3.04713253	-21.47242688	0	0
2.1871	0.952914917	3.046687165	-21.49787628	0	0
2.1871	0.951768004	3.046243915	-21.52320488	0	0
2.1871	0.950620572	3.045802778	-21.54841269	0	0
2.1871	0.949472625	3.045363755	-21.57349969	0	0
2.1871	0.948324168	3.044926847	-21.59846587	0	0
2.1871	0.947175204	3.044492054	-21.62331122	0	0
2.1871	0.946025739	3.044059374	-21.64803575	0	0
2.1871	0.944875777	3.04362881	-21.67263943	0	0
2.1871	0.943725322	3.04320036	-21.69712227	0	0
2.1871	0.942574379	3.042774025	-21.72148426	0	0
2.1871	0.941422952	3.042349806	-21.7457254	0	0
2.1871	0.940271046	3.041927701	-21.76984567	0	0
2.1871	0.939118665	3.041507711	-21.79384509	0	0
2.1871	0.937965814	3.041089836	-21.81772364	0	0
2.1871	0.936812496	3.040674077	-21.84148132	0	0
2.1871	0.935658717	3.040260433	-21.86511813	0	0
2.1871	0.93450448	3.039848904	-21.88863408	0	0
2.1871	0.933349791	3.03943949	-21.91202915	0	0
2.1871	0.932194654	3.039032191	-21.93530335	0	0
2.1871	0.931039073	3.038627008	-21.95845668	0	0
2.1871	0.929883052	3.03822394	-21.98148915	0	0
2.1871	0.928726596	3.037822987	-22.00440074	0	0
2.1871	0.92756971	3.037424149	-22.02719148	0	0
2.1871	0.926412397	3.037027426	-22.04986135	0	0
2.1871	0.925254663	3.036632819	-22.07241037	0	0
2.1871	0.924096512	3.036240326	-22.09483853	0	0
2.1871	0.922937947	3.035849948	-22.11714584	0	0
2.1871	0.921778974	3.035461685	-22.13933231	0	0
2.1871	0.920619597	3.035075536	-22.16139794	0	0
2.1871	0.91945982	3.034691502	-22.18334275	0	0
2.1871	0.918299648	3.034309582	-22.20516673	0	0
2.1871	0.917139085	3.033929777	-22.22686989	0	0
2.1871	0.915978135	3.033552086	-22.24845225	0	0
2.1871	0.914816804	3.033176508	-22.26991381	0	0
2.1871	0.913655095	3.032803045	-22.29125458	0	0
2.1871	0.912493012	3.032431695	-22.31247457	0	0
2.1871	0.911330561	3.032062459	-22.33357379	0	0
2.1871	0.910167745	3.031695335	-22.35455226	0	0
2.1871	0.909004569	3.031330325	-22.37540998	0	0
2.1871	0.907841037	3.030967428	-22.39614697	0	0
2.1871	0.906677154	3.030606643	-22.41676324	0	0
2.1871	0.905512924	3.030247971	-22.43725881	0	0
2.1871	0.904348351	3.029891411	-22.45763368	0	0
2.1871	0.90318344	3.029536962	-22.47788788	0	0
2.1871	0.902018196	3.029184625	-22.49802142	0	0
2.1871	0.900852622	3.0288344	-22.51803431	0	0
2.1871	0.899686722	3.028486285	-22.53792657	0	0
2.1871	0.898520502	3.028140281	-22.55769822	0	0
2.1871	0.897353966	3.027796388	-22.57734928	0	0
2.1871	0.896187118	3.027454604	-22.59687976	0	0
2.1871	0.895019962	3.027114931	-22.61628968	0	0
2.1871	0.893852502	3.026777366	-22.63557907	0	0
2.1871	0.892684744	3.026441911	-22.65474793	0	0
2.1871	0.891516691	3.026108565	-22.6737963	0	0
2.1871	0.890348348	3.025777327	-22.6927242	0	0
2.1871	0.88917972	3.025448196	-22.71153164	0	0
2.1871	0.888010809	3.025121174	-22.73021865	0	0
2.1871	0.886841622	3.024796258	-22.74878525	0	0
2.1871	0.885672161	3.024473449	-22.76723146	0	0
2.1871	0.884502432	3.024152747	-22.78555731	0	0
2.1871	0.883332439	3.023834151	-22.80376282	0	0
2.1871	0.882162186	3.02351766	-22.82184802	0	0
2.1871	0.880991677	3.023203274	-22.83981294	0	0
2.1871	0.879820917	3.022890992	-22.85765759	0	0
2.1871	0.87864991	3.022580815	-22.87538201	0	0
2.1871	0.877478661	3.022272741	-22.89298623	0	0
2.1871	0.876307173	3.02196677	-22.91047026	0	0
2.1871	0.875135452	3.021662902	-22.92783415	0	0
2.1871	0.873963501	3.021361136	-22.94507792	0	0
2.1871	0.872791324	3.021061472	-22.96220159	0	0
2.1871	0.871618926	3.020763909	-22.97920521	0	0
2.1871	0.870446312	3.020468446	-22.99608879	0	0
2.1871	0.869273485	3.020175083	-23.01285237	0	0
2.1871	0.86810045	3.01988382	-23.02949599	0	0
2.1871	0.866927211	3.019594656	-23.04601968	0	0
2.1871	0.865753773	3.019307589	-23.06242346	0	0
2.1871	0.864580139	3.019022621	-23.07870737	0	0
2.1871	0.863406314	3.01873975	-23.09487145	0	0
2.1871	0.862232302	3.018458975	-23.11091574	0	0
2.1871	0.861058108	3.018180296	-23.12684025	0	0
2.1871	0.859883736	3.017903712	-23.14264504	0	0
2.1871	0.85870919	3.017629222	-23.15833014	0	0
2.1871	0.857534474	3.017356827	-23.17389559	0	0
2.1871	0.856359593	3.017086525	-23.18934141	0	0
2.1871	0.85518455	3.016818316	-23.20466766	0	0
2.1871	0.854009351	3.016552199	-23.21987437	0	0
2.1871	0.852833999	3.016288173	-23.23496157	0	0
2.1871	0.851658498	3.016026237	-23.24992931	0	0
2.1871	0.850482853	3.015766391	-23.26477763	0	0
2.1871	0.849307069	3.015508635	-23.27950657	0	0
2.1871	0.848131149	3.015252967	-23.29411617	0	0
2.1871	0.846955097	3.014999387	-23.30860648	0	0
2.1871	0.845778918	3.014747893	-23.32297752	0	0
2.1871	0.844602616	3.014498486	-23.33722936	0	0
2.1871	0.843426195	3.014251165	-23.35136202	0	0
2.1871	0.842249659	3.014005928	-23.36537556	0	0
2.1871	0.841073013	3.013762775	-23.37927002	0	0
2.1871	0.839896261	3.013521705	-23.39304545	0	0
2.1871	0.838719407	3.013282717	-23.40670188	0	0
2.1871	0.837542456	3.013045811	-23.42023938	0	0
2.1871	0.83636541	3.012810985	-23.43365797	0	0
2.1871	0.835188276	3.01257824	-23.44695772	0	0
2.1871	0.834011056	3.012347573	-23.46013866	0	0
2.1871	0.832833755	3.012118985	-23.47320085	0	0
2.1871	0.831656377	3.011892474	-23.48614434	0	0
2.1871	0.830478927	3.011668039	-23.49896917	0	0
2.1871	0.829301408	3.01144568	-23.5116754	0	0
2.1871	0.828123825	3.011225396	-23.52426308	0	0
2.1871	0.826946182	3.011007186	-23.53673225	0	0
2.1871	0.825768483	3.010791048	-23.54908297	0	0
2.1871	0.824590732	3.010576982	-23.56131529	0	0
2.1871	0.823412934	3.010364988	-23.57342926	0	0
2.1871	0.822235092	3.010155064	-23.58542494	0	0
2.1871	0.82105721	3.009947208	-23.59730238	0	0
2.1871	0.819879294	3.009741421	-23.60906163	0	0
2.1871	0.818701346	3.009537702	-23.62070275	0	0
2.1871	0.817523371	3.009336048	-23.6322258	0	0
2.1871	0.816345374	3.009136461	-23.64363083	0	0
2.1871	0.815167358	3.008938937	-23.65491789	0	0
2.1871	0.813989327	3.008743477	-23.66608705	0	0
2.1871	0.812811286	3.008550079	-23.67713836	0	0
2.1871	0.811633239	3.008358742	-23.68807187	0	0
2.1871	0.810455189	3.008169466	-23.69888766	0	0
2.1871	0.809277141	3.007982249	-23.70958577	0	0
2.1871	0.8080991	3.00779709	-23.72016627	0	0
2.1871	0.806921068	3.007613989	-23.73062921	0	0
2.1871	0.805743051	3.007432944	-23.74097466	0	0
2.1871	0.804565051	3.007253953	-23.75120267	0	0
2.1871	0.803387074	3.007077017	-23.76131332	0	0
2.1871	0.802209124	3.006902134	-23.77130665	0	0
2.1871	0.801031204	3.006729302	-23.78118274	0	0
2.1871	0.799853319	3.006558521	-23.79094165	0	0
2.1871	0.798675472	3.00638979	-23.80058343	0	0
2.1871	0.797497668	3.006223107	-23.81010816	0	0
2.1871	0.79631991	3.006058472	-23.8195159	0	0
2.1871	0.795142204	3.005895882	-23.82880672	0	0
2.1871	0.793964552	3.005735338	-23.83798067	0	0
2.1871	0.79278696	3.005576838	-23.84703783	0	0
2.1871	0.79160943	3.00542038	-23.85597826	0	0
2.1871	0.790431967	3.005265964	-23.86480203	0	0
2.1871	0.789254575	3.005113589	-23.87350922	0	0
2.1871	0.788077258	3.004963252	-23.88209987	0	0
2.1871	0.78690002	3.004814954	-23.89057407	0	0
2.1871	0.785722865	3.004668692	-23.89893189	0	0
2.1871	0.784545797	3.004524466	-23.90717339	0	0
2.1871	0.783368821	3.004382274	-23.91529864	0	0
2.1871	0.782191939	3.004242115	-23.92330772	0	0
2.1871	0.781015156	3.004103988	-23.93120069	0	0
2.1871	0.779838477	3.003967891	-23.93897763	0	0
2.1871	0.778661904	3.003833824	-23.94663861	0	0
2.1871	0.777485443	3.003701785	-23.95418371	0	0
2.1871	0.776309096	3.003571773	-23.96161299	0	0
2.1871	0.775132869	3.003443786	-23.96892652	0	0
2.1871	0.773956764	3.003317823	-23.9761244	0	0
2.1871	0.772780786	3.003193883	-23.98320668	0	0
2.1871	0.771604939	3.003071965	-23.99017344	0	0
2.1871	0.770429227	3.002952067	-23.99702477	0	0
2.1871	0.769253654	3.002834187	-24.00376073	0	0
2.1871	0.768078223	3.002718326	-24.0103814	0	0
2.1871	0.766902939	3.00260448	-24.01688686	0	0
2.1871	0.765727805	3.002492649	-24.02327719	0	0
2.1871	0.764552826	3.002382832	-24.02955246	0	0
2.1871	0.763378006	3.002275027	-24.03571276	0	0
2.1871	0.762203347	3.002169232	-24.04175816	0	0
2.1871	0.761028855	3.002065447	-24.04768874	0	0
2.1871	0.759854533	3.00196367	-24.05350459	0	0
2.1871	0.758680385	3.001863899	-24.05920578	0	0
2.1871	0.757506415	3.001766133	-24.06479239	0	0
2.1871	0.756332627	3.001670371	-24.07026451	0	0
2.1871	0.755159024	3.001576611	-24.07562222	0	0
2.1871	0.753985611	3.001484852	-24.0808656	0	0
2.1871	0.752812392	3.001395092	-24.08599473	0	0
2.1871	0.75163937	3.00130733	-24.0910097	0	0
2.1871	0.750466549	3.001221565	-24.09591059	0	0
2.1871	0.749293933	3.001137794	-24.10069748	0	0
2.1871	0.748121526	3.001056017	-24.10537046	0	0
2.1871	0.746949331	3.000976232	-24.10992962	0	0
2.1871	0.745777354	3.000898437	-24.11437504	0	0
2.1871	0.744605597	3.000822631	-24.11870681	0	0
2.1871	0.743434064	3.000748812	-24.12292501	0	0
2.1871	0.742262759	3.00067698	-24.12702974	0	0
2.1871	0.741091686	3.000607131	-24.13102107	0	0
2.1871	0.739920848	3.000539266	-24.1348991	0	0
2.1871	0.738750251	3.000473381	-24.13866392	0	0
2.1871	0.737579896	3.000409477	-24.14231561	0	0
2.1871	0.736409789	3.00034755	-24.14585426	0	0
2.1871	0.735239933	3.000287601	-24.14927997	0	0
2.1871	0.734070331	3.000229626	-24.15259283	0	0
2.1871	0.732900988	3.000173624	-24.15579292	0	0
2.1871	0.731731907	3.000119594	-24.15888034	0	0
2.1871	0.730563093	3.000067534	-24.16185517	0	0
2.1871	0.729394548	3.000017443	-24.16471752	0	0
2.1871	0.728226277	2.999969319	-24.16746748	0	0
2.1871	0.727058283	2.99992316	-24.17010513	0	0
2.1871	0.72589057	2.999878965	-24.17263057	0	0
2.1871	0.724723142	2.999836732	-24.1750439	0	0
2.1871	0.723556002	2.999796459	-24.17734521	0	0
2.1871	0.722389155	2.999758145	-24.17953459	0	0
2.1871	0.721222604	2.999721787	-24.18161214	0	0
2.1871	0.720056353	2.999687386	-24.18357796	0	0
2.1871	0.718890405	2.999654937	-24.18543215	0	0
2.1871	0.717724764	2.999624441	-24.18717479	0	0
2.1871	0.716559434	2.999595895	-24.18880599	0	0
2.1871	0.715394419	2.999569298	-24.19032585	0	0
2.1871	0.714229722	2.999544647	-24.19173445	0	0
2.1871	0.713065347	2.999521942	-24.19303191	0	0
2.1871	0.711901297	2.999501179	-24.19421832	0	0
2.1871	0.710737577	2.999482359	-24.19529378	0	0
2.1871	0.70957419	2.999465478	-24.19625839	0	0
2.1871	0.70841114	2.999450536	-24.19711225	0	0
2.1871	0.707248429	2.999437529	-24.19785546	0	0
2.1871	0.706086063	2.999426458	-24.19848813	0	0
2.1871	0.704924045	2.999417319	-24.19901035	0	0
2.1871	0.703762377	2.999410111	-24.19942222	0	0
2.1871	0.702601065	2.999404833	-24.19972385	0	0
2.1871	0.70144011	2.999401481	-24.19991535	0	0
2.1871	0.700279519	2.999400056	-24.19999681	0	0
2.1871	0.699119292	2.999400554	-24.19996834	0	0
2.1871	0.697959435	2.999402974	-24.19983004	0	0
2.1871	0.696799951	2.999407315	-24.19958203	0	0
2.1871	0.695640844	2.999413573	-24.19922439	0	0
2.1871	0.694482117	2.999421748	-24.19875724	0	0
2.1871	0.693323773	2.999431838	-24.19818069	0	0
2.1871	0.692165817	2.99944384	-24.19749484	0	0
2.1871	0.691008251	2.999457753	-24.1966998	0	0
2.1871	0.68985108	2.999473576	-24.19579567	0	0
2.1871	0.688694307	2.999491305	-24.19478257	0	0
2.1871	0.687537936	2.99951094	-24.1936606	0	0
2.1871	0.68638197	2.999532477	-24.19242987	0	0
2.1871	0.685226412	2.999555917	-24.19109048	0	0
2.1871	0.684071266	2.999581255	-24.18964255	0	0
2.1871	0.682916536	2.999608492	-24.1880862	0	0
2.1871	0.681762226	2.999637623	-24.18642152	0	0
2.1871	0.680608338	2.999668649	-24.18464862	0	0
2.1871	0.679454876	2.999701566	-24.18276763	0	0
2.1871	0.678301844	2.999736374	-24.18077865	0	0
2.1871	0.677149245	2.999773069	-24.17868179	0	0
2.1871	0.675997083	2.99981165	-24.17647716	0	0
2.1871	0.674845362	2.999852114	-24.17416489	0	0
2.1871	0.673694083	2.999894461	-24.17174507	0	0
2.1871	0.672543253	2.999938688	-24.16921783	0	0
2.1871	0.671392872	2.999984793	-24.16658328	0	0
2.1871	0.670242946	3.000032773	-24.16384152	0	0
2.1871	0.669093478	3.000082628	-24.16099269	0	0
2.1871	0.66794447	3.000134354	-24.15803689	0	0
2.1871	0.666795927	3.000187951	-24.15497423	0	0
2.1871	0.665647851	3.000243415	-24.15180484	0	0
2.1871	0.664500247	3.000300746	-24.14852883	0	0
2.1871	0.663353118	3.00035994	-24.14514631	0	0
2.1871	0.662206467	3.000420995	-24.14165741	0	0
2.1871	0.661060297	3.000483911	-24.13806223	0	0
2.1871	0.659914613	3.000548684	-24.13436091	0	0
2.1871	0.658769416	3.000615313	-24.13055355	0	0
2.1871	0.657624712	3.000683795	-24.12664028	0	0
2.1871	0.656480502	3.000754129	-24.12262121	0	0
2.1871	0.655336791	3.000826312	-24.11849647	0	0
2.1871	0.654193582	3.000900342	-24.11426616	0	0
2.1871	0.653050878	3.000976218	-24.10993043	0	0
2.1871	0.651908682	3.001053936	-24.10548937	0	0
2.1871	0.650766999	3.001133495	-24.10094313	0	0
2.1871	0.649625831	3.001214893	-24.0962918	0	0
2.1871	0.648485181	3.001298128	-24.09153553	0	0
2.1871	0.647345053	3.001383197	-24.08667443	0	0
2.1871	0.646205451	3.001470099	-24.08170862	0	0
2.1871	0.645066377	3.001558831	-24.07663822	0	0
2.1871	0.643927835	3.001649391	-24.07146337	0	0
2.1871	0.642789828	3.001741777	-24.06618417	0	0
2.1871	0.641652359	3.001835987	-24.06080077	0	0
2.1871	0.640515432	3.001932018	-24.05531327	0	0
2.1871	0.639379051	3.002029868	-24.04972181	0	0
2.1871	0.638243217	3.002129536	-24.04402651	0	0
2.1871	0.637107936	3.002231019	-24.03822749	0	0
2.1871	0.635973209	3.002334314	-24.03232489	0	0
2.1871	0.63483904	3.002439421	-24.02631882	0	0
2.1871	0.633705432	3.002546335	-24.02020942	0	0
2.1871	0.632572389	3.002655056	-24.01399681	0	0
2.1871	0.631439914	3.00276558	-24.00768112	0	0
2.1871	0.63030801	3.002877907	-24.00126248	0	0
2.1871	0.62917668	3.002992032	-23.99474101	0	0
2.1871	0.628045927	3.003107955	-23.98811684	0	0
2.1871	0.626915756	3.003225673	-23.9813901	0	0
2.1871	0.625786168	3.003345184	-23.97456092	0	0
2.1871	0.624657167	3.003466485	-23.96762944	0	0
2.1871	0.623528757	3.003589574	-23.96059577	0	0
2.1871	0.622400939	3.003714449	-23.95346005	0	0
2.1871	0.621273719	3.003841108	-23.94622242	0	0
2.1871	0.620147098	3.003969548	-23.93888299	0	0
2.1871	0.61902108	3.004099767	-23.93144191	0	0
2.1871	0.617895669	3.004231762	-23.9238993	0	0
2.1871	0.616770866	3.004365532	-23.9162553	0	0
2.1871	0.615646676	3.004501074	-23.90851003	0	0
2.1871	0.614523102	3.004638386	-23.90066364	0	0
2.1871	0.613400145	3.004777466	-23.89271625	0	0
2.1871	0.612277811	3.00491831	-23.88466799	0	0
2.1871	0.611156102	3.005060917	-23.87651901	0	0
2.1871	0.61003502	3.005205285	-23.86826943	0	0
2.1871	0.60891457	3.005351411	-23.85991939	0	0
2.1871	0.607794753	3.005499292	-23.85146903	0	0
2.1871	0.606675574	3.005648927	-23.84291847	0	0
2.1871	0.605557035	3.005800313	-23.83426785	0	0
2.1871	0.60443914	3.005953447	-23.82551732	0	0
2.1871	0.603321891	3.006108327	-23.816667	0	0
2.1871	0.602205291	3.006264952	-23.80771703	0	0
2.1871	0.601089344	3.006423318	-23.79866755	0	0
2.1871	0.599974052	3.006583423	-23.7895187	0	0
2.1871	0.598859419	3.006745264	-23.78027061	0	0
2.1871	0.597745448	3.00690884	-23.77092342	0	0
2.1871	0.596632141	3.007074148	-23.76147727	0	0
2.1871	0.595519501	3.007241185	-23.7519323	0	0
2.1871	0.594407533	3.007409949	-23.74228864	0	0
2.1871	0.593296238	3.007580437	-23.73254643	0	0
2.1871	0.592185619	3.007752648	-23.72270582	0	0
2.1871	0.59107568	3.007926579	-23.71276694	0	0
2.1871	0.589966424	3.008102226	-23.70272994	0	0
2.1871	0.588857853	3.008279588	-23.69259494	0	0
2.1871	0.587749971	3.008458663	-23.68236211	0	0
2.1871	0.58664278	3.008639448	-23.67203156	0	0
2.1871	0.585536284	3.00882194	-23.66160346	0	0
2.1871	0.584430484	3.009006136	-23.65107793	0	0
2.1871	0.583325385	3.009192035	-23.64045512	0	0
2.1871	0.58222099	3.009379635	-23.62973517	0	0
2.1871	0.5811173	3.009568931	-23.61891822	0	0
2.1871	0.580014319	3.009759923	-23.60800442	0	0
2.1871	0.57891205	3.009952606	-23.59699392	0	0
2.1871	0.577810496	3.01014698	-23.58588684	0	0
2.1871	0.57670966	3.010343042	-23.57468334	0	0
2.1871	0.575609544	3.010540788	-23.56338356	0	0
2.1871	0.574510151	3.010740216	-23.55198765	0	0
2.1871	0.573411485	3.010941324	-23.54049575	0	0
2.1871	0.572313548	3.01114411	-23.528908	0	0
2.1871	0.571216343	3.01134857	-23.51722455	0	0
2.1871	0.570119873	3.011554703	-23.50544554	0	0
2.1871	0.56902414	3.011762505	-23.49357113	0	0
2.1871	0.567929148	3.011971975	-23.48160145	0	0
2.1871	0.566834899	3.012183109	-23.46953666	0	0
2.1871	0.565741397	3.012395904	-23.45737689	0	0
2.1871	0.564648643	3.01261036	-23.44512231	0	0
2.1871	0.563556641	3.012826472	-23.43277304	0	0
2.1871	0.562465393	3.013044238	-23.42032925	0	0
2.1871	0.561374903	3.013263656	-23.40779108	0	0
2.1871	0.560285173	3.013484723	-23.39515868	0	0
2.1871	0.559196205	3.013707437	-23.38243219	0	0
2.1871	0.558108003	3.013931794	-23.36961176	0	0
2.1871	0.55702057	3.014157793	-23.35669755	0	0
2.1871	0.555933907	3.01438543	-23.34368971	0	0
2.1871	0.554848019	3.014614703	-23.33058837	0	0
2.1871	0.553762907	3.01484561	-23.3173937	0	0
2.1871	0.552678574	3.015078148	-23.30410584	0	0
2.1871	0.551595023	3.015312314	-23.29072494	0	0
2.1871	0.550512257	3.015548105	-23.27725116	0	0
2.1871	0.549430278	3.015785519	-23.26368464	0	0
2.1871	0.54834909	3.016024553	-23.25002553	0	0
2.1871	0.547268694	3.016265205	-23.236274	0	0
2.1871	0.546189093	3.016507472	-23.22243018	0	0
2.1871	0.545110291	3.016751351	-23.20849423	0	0
2.1871	0.544032289	3.01699684	-23.1944663	0	0
2.1871	0.542955091	3.017243935	-23.18034655	0	0
2.1871	0.541878699	3.017492635	-23.16613513	0	0
2.1871	0.540803116	3.017742937	-23.15183219	0	0
2.1871	0.539728344	3.017994837	-23.13743788	0	0
2.1871	0.538654385	3.018248334	-23.12295237	0	0
2.1871	0.537581244	3.018503424	-23.10837579	0	0
2.1871	0.536508922	3.018760105	-23.09370831	0	0
2.1871	0.535437421	3.019018374	-23.07895008	0	0
2.1871	0.534366745	3.019278228	-23.06410126	0	0
2.1871	0.533296896	3.019539665	-23.049162	0	0
2.1871	0.532227876	3.019802682	-23.03413245	0	0
2.1871	0.531159689	3.020067276	-23.01901277	0	0
2.1871	0.530092336	3.020333445	-23.00380312	0	0
2.1871	0.52902582	3.020601186	-22.98850365	0	0
2.1871	0.527960144	3.020870496	-22.97311452	0	0
2.1871	0.526895311	3.021141372	-22.95763589	0	0
2.1871	0.525831322	3.021413812	-22.94206791	0	0
2.1871	0.524768181	3.021687812	-22.92641073	0	0
2.1871	0.523705889	3.021963371	-22.91066452	0	0
2.1871	0.52264445	3.022240485	-22.89482944	0	0
2.1871	0.521583866	3.022519151	-22.87890563	0	0
2.1871	0.520524139	3.022799368	-22.86289327	0	0
2.1871	0.519465273	3.023081131	-22.8467925	0	0
2.1871	0.518407268	3.023364439	-22.83060348	0	0
2.1871	0.517350128	3.023649288	-22.81432638	0	0
2.1871	0.516293856	3.023935676	-22.79796135	0	0
2.1871	0.515238453	3.0242236	-22.78150856	0	0
2.1871	0.514183923	3.024513057	-22.76496815	0	0
2.1871	0.513130267	3.024804045	-22.7483403	0	0
2.1871	0.512077488	3.02509656	-22.73162515	0	0
2.1871	0.511025589	3.0253906	-22.71482288	0	0
2.1871	0.509974571	3.025686161	-22.69793364	0	0
2.1871	0.508924438	3.025983242	-22.68095759	0	0
2.1871	0.507875192	3.02628184	-22.66389489	0	0
2.1871	0.506826834	3.02658195	-22.6467457	0	0
2.1871	0.505779368	3.026883572	-22.62951018	0	0
2.1871	0.504732796	3.027186701	-22.61218851	0	0
2.1871	0.503687121	3.027491336	-22.59478082	0	0
2.1871	0.502642343	3.027797472	-22.5772873	0	0
2.1871	0.501598467	3.028105108	-22.5597081	0	0
2.1871	0.500555494	3.028414241	-22.54204338	0	0
2.1871	0.499513427	3.028724867	-22.52429331	0	0
2.1871	0.498472267	3.029036984	-22.50645804	0	0
2.1871	0.497432018	3.029350589	-22.48853775	0	0
2.1871	0.496392681	3.02966568	-22.47053259	0	0
2.1871	0.49535426	3.029982252	-22.45244273	0	0
2.1871	0.494316755	3.030300304	-22.43426833	0	0
2.1871	0.49328017	3.030619833	-22.41600955	0	0
2.1871	0.492244507	3.030940835	-22.39766657	0	0
2.1871	0.491209768	3.031263308	-22.37923953	0	0
2.1871	0.490175955	3.031587249	-22.36072862	0	0
2.1871	0.489143071	3.031912655	-22.34213398	0	0
2.1871	0.488111117	3.032239524	-22.3234558	0	0
2.1871	0.487080097	3.032567851	-22.30469422	0	0
2.1871	0.486050012	3.032897635	-22.28584942	0	0
2.1871	0.485020864	3.033228873	-22.26692157	0	0
2.1871	0.483992656	3.033561561	-22.24791082	0	0
2.1871	0.48296539	3.033895696	-22.22881735	0	0
2.1871	0.481939068	3.034231277	-22.20964132	0	0
2.1871	0.480913693	3.034568299	-22.19038289	0	0
2.1871	0.479889266	3.034906761	-22.17104224	0	0
2.1871	0.47886579	3.035246658	-22.15161952	0	0
2.1871	0.477843267	3.035587989	-22.13211491	0	0
2.1871	0.476821699	3.03593075	-22.11252858	0	0
2.1871	0.475801088	3.036274938	-22.09286068	0	0
2.1871	0.474781436	3.036620551	-22.07311139	0	0
2.1871	0.473762746	3.036967585	-22.05328088	0	0
2.1871	0.47274502	3.037316037	-22.03336931	0	0
2.1871	0.471728259	3.037665905	-22.01337685	0	0
2.1871	0.470712466	3.038017186	-21.99330367	0	0
2.1871	0.469697643	3.038369876	-21.97314993	0	0
2.1871	0.468683793	3.038723973	-21.95291581	0	0
2.1871	0.467670916	3.039079474	-21.93260148	0	0
2.1871	0.466659016	3.039436376	-21.9122071	0	0
2.1871	0.465648094	3.039794675	-21.89173284	0	0
2.1871	0.464638153	3.04015437	-21.87117887	0	0
2.1871	0.463629194	3.040515456	-21.85054536	0	0
2.1871	0.46262122	3.040877932	-21.82983248	0	0
2.1871	0.461614232	3.041241793	-21.80904041	0	0
2.1871	0.460608233	3.041607037	-21.7881693	0	0
2.1871	0.459603224	3.041973662	-21.76721933	0	0
2.1871	0.458599209	3.042341663	-21.74619067	0	0
2.1871	0.457596187	3.042711039	-21.72508349	0	0
2.1871	0.456594163	3.043081786	-21.70389796	0	0
2.1871	0.455593137	3.0434539	-21.68263426	0	0
2.1871	0.454593112	3.04382738	-21.66129254	0	0
2.1871	0.45359409	3.044202223	-21.63987299	0	0
2.1871	0.452596072	3.044578424	-21.61837578	0	0
2.1871	0.451599061	3.044955981	-21.59680107	0	0
2.1871	0.450603059	3.045334892	-21.57514904	0	0
2.1871	0.449608067	3.045715153	-21.55341985	0	0
2.1871	0.448614087	3.04609676	-21.53161369	0	0
2.1871	0.447621122	3.046479712	-21.50973072	0	0
2.1871	0.446629173	3.046864005	-21.48777112	0	0
2.1871	0.445638243	3.047249637	-21.46573505	0	0
2.1871	0.444648333	3.047636603	-21.4436227	0	0
2.1871	0.443659444	3.048024901	-21.42143422	0	0
2.1871	0.44267158	3.048414528	-21.39916981	0	0
2.1871	0.441684742	3.048805482	-21.37682962	0	0
2.1871	0.440698931	3.049197758	-21.35441383	0	0
2.1871	0.43971415	3.049591354	-21.33192262	0	0
2.1871	0.4387304	3.049986267	-21.30935615	0	0
2.1871	0.437747684	3.050382494	-21.28671461	0	0
2.1871	0.436766002	3.050780032	-21.26399816	0	0
2.1871	0.435785358	3.051178878	-21.24120698	0	0
2.1871	0.434805753	3.051579028	-21.21834124	0	0
2.1871	0.433827188	3.05198048	-21.19540112	0	0
2.1871	0.432849666	3.052383231	-21.17238679	0	0
2.1871	0.431873188	3.052787278	-21.14929842	0	0
2.1871	0.430897756	3.053192616	-21.1261362	0	0
2.1871	0.429923372	3.053599245	-21.10290029	0	0
2.1871	0.428950038	3.05400716	-21.07959087	0	0
2.1871	0.427977755	3.054416358	-21.05620811	0	0
2.1871	0.427006526	3.054826837	-21.0327522	0	0
2.1871	0.426036351	3.055238592	-21.00922329	0	0
2.1871	0.425067233	3.055651622	-20.98562158	0	0
2.1871	0.424099174	3.056065923	-20.96194723	0	0
2.1871	0.423132174	3.056481493	-20.93820042	0	0
2.1871	0.422166237	3.056898327	-20.91438133	0	0
2.1871	0.421201363	3.057316423	-20.89049013	0	0
2.1871	0.420237555	3.057735778	-20.866527	0	0
2.1871	0.419274814	3.058156388	-20.84249211	0	0
2.1871	0.418313141	3.058578251	-20.81838564	0	0
2.1871	0.417352539	3.059001364	-20.79420777	0	0
2.1871	0.416393009	3.059425723	-20.76995867	0	0
2.1871	0.415434553	3.059851326	-20.74563852	0	0
2.1871	0.414477173	3.060278169	-20.7212475	0	0
2.1871	0.413520869	3.060706249	-20.69678577	0	0
2.1871	0.412565645	3.061135563	-20.67225353	0	0
2.1871	0.4116115	3.061566108	-20.64765095	0	0
2.1871	0.410658438	3.061997882	-20.62297819	0	0
2.1871	0.409706459	3.06243088	-20.59823545	0	0
2.1871	0.408755566	3.062865099	-20.57342289	0	0
2.1871	0.40780576	3.063300538	-20.5485407	0	0
2.1871	0.406857042	3.063737191	-20.52358906	0	0
2.1871	0.405909414	3.064175058	-20.49856813	0	0
2.1871	0.404962878	3.064614133	-20.4734781	0	0
2.1871	0.404017435	3.065054415	-20.44831915	0	0
2.1871	0.403073087	3.0654959	-20.42309145	0	0
2.1871	0.402129836	3.065938584	-20.39779518	0	0
2.1871	0.401187682	3.066382466	-20.37243053	0	0
2.1871	0.400246628	3.066827541	-20.34699766	0	0
2.1871	0.399306675	3.067273807	-20.32149676	0	0
2.1871	0.398367824	3.06772126	-20.295928	0	0
2.1871	0.397430078	3.068169898	-20.27029156	0	0
2.1871	0.396493437	3.068619716	-20.24458763	0	0
2.1871	0.395557903	3.069070713	-20.21881638	0	0
2.1871	0.394623478	3.069522885	-20.19297799	0	0
2.1871	0.393690163	3.069976229	-20.16707263	0	0
2.1871	0.392757959	3.070430741	-20.1411005	0	0
2.1871	0.391826869	3.070886419	-20.11506176	0	0
2.1871	0.390896893	3.07134326	-20.08895659	0	0
2.1871	0.389968033	3.071801259	-20.06278519	0	0
2.1871	0.38904029	3.072260415	-20.03654771	0	0
2.1871	0.388113667	3.072720724	-20.01024435	0	0
2.1871	0.387188163	3.073182183	-19.98387528	0	0
2.1871	0.386263782	3.073644788	-19.95744068	0	0
2.1871	0.385340523	3.074108537	-19.93094074	0	0
2.1871	0.384418389	3.074573427	-19.90437563	0	0
2.1871	0.383497381	3.075039453	-19.87774553	0	0
2.1871	0.382577501	3.075506614	-19.85105062	0	0
2.1871	0.381658749	3.075974906	-19.82429108	0	0
2.1871	0.380741127	3.076444326	-19.7974671	0	0
2.1871	0.379824637	3.07691487	-19.77057884	0	0
2.1871	0.378909279	3.077386536	-19.7436265	0	0
2.1871	0.377995056	3.077859321	-19.71661025	0	0
2.1871	0.377081969	3.07833322	-19.68953028	0	0
2.1871	0.376170018	3.078808232	-19.66238676	0	0
2.1871	0.375259206	3.079284352	-19.63517987	0	0
2.1871	0.374349533	3.079761579	-19.60790979	0	0
2.1871	0.373441001	3.080239908	-19.58057671	0	0
2.1871	0.372533611	3.080719336	-19.5531808	0	0
2.1871	0.371627365	3.081199861	-19.52572225	0	0
2.1871	0.370722263	3.081681478	-19.49820124	0	0
2.1871	0.369818308	3.082164186	-19.47061794	0	0
2.1871	0.3689155	3.08264798	-19.44297255	0	0
2.1871	0.36801384	3.083132858	-19.41526523	0	0
2.1871	0.367113331	3.083618817	-19.38749617	0	0
2.1871	0.366213972	3.084105853	-19.35966556	0	0
2.1871	0.365315766	3.084593963	-19.33177357	0	0
2.1871	0.364418714	3.085083143	-19.30382038	0	0
2.1871	0.363522816	3.085573392	-19.27580617	0	0
2.1871	0.362628075	3.086064705	-19.24773114	0	0
2.1871	0.36173449	3.08655708	-19.21959545	0	0
2.1871	0.360842065	3.087050512	-19.19139929	0	0
2.1871	0.359950799	3.087545	-19.16314284	0	0
2.1871	0.359060694	3.08804054	-19.13482629	0	0
2.1871	0.35817175	3.088537128	-19.1064498	0	0
2.1871	0.357283971	3.089034762	-19.07801358	0	0
2.1871	0.356397355	3.089533439	-19.04951779	0	0
2.1871	0.355511906	3.090033154	-19.02096262	0	0
2.1871	0.354627622	3.090533906	-18.99234825	0	0
2.1871	0.353744507	3.09103569	-18.96367486	0	0
2.1871	0.352862561	3.091538504	-18.93494264	0	0
2.1871	0.351981785	3.092042344	-18.90615176	0	0
2.1871	0.35110218	3.092547208	-18.87730241	0	0
2.1871	0.350223748	3.093053092	-18.84839477	0	0
2.1871	0.349346489	3.093559992	-18.81942902	0	0
2.1871	0.348470405	3.094067906	-18.79040535	0	0
2.1871	0.347595496	3.094576831	-18.76132393	0	0
2.1871	0.346721764	3.095086763	-18.73218495	0	0
2.1871	0.34584921	3.0955977	-18.70298859	0	0
2.1871	0.344977835	3.096109637	-18.67373504	0	0
2.1871	0.34410764	3.096622572	-18.64442446	0	0
2.1871	0.343238625	3.097136501	-18.61505706	0	0
2.1871	0.342370793	3.097651422	-18.585633	0	0
2.1871	0.341504144	3.098167332	-18.55615248	0	0
2.1871	0.340638679	3.098684226	-18.52661566	0	0
2.1871	0.3397744	3.099202102	-18.49702275	0	0
2.1871	0.338911306	3.099720957	-18.46737391	0	0
2.1871	0.3380494	3.100240787	-18.43766933	0	0
2.1871	0.337188681	3.100761589	-18.4079092	0	0
2.1871	0.336329152	3.10128336	-18.37809369	0	0
2.1871	0.335470813	3.101806098	-18.34822299	0	0
2.1871	0.334613665	3.102329798	-18.31829728	0	0
2.1871	0.33375771	3.102854457	-18.28831674	0	0
2.1871	0.332902947	3.103380073	-18.25828155	0	0
2.1871	0.332049378	3.103906642	-18.22819191	0	0
2.1871	0.331197004	3.10443416	-18.19804798	0	0
2.1871	0.330345826	3.104962626	-18.16784996	0	0
2.1871	0.329495845	3.105492035	-18.13759802	0	0
2.1871	0.328647062	3.106022384	-18.10729235	0	0
2.1871	0.327799477	3.10655367	-18.07693313	0	0
2.1871	0.326953092	3.10708589	-18.04652054	0	0
2.1871	0.326107907	3.107619041	-18.01605477	0	0
2.1871	0.325263924	3.10815312	-17.985536	0	0
2.1871	0.324421142	3.108688123	-17.95496441	0	0
2.1871	0.323579564	3.109224047	-17.92434018	0	0
2.1871	0.32273919	3.109760889	-17.89366349	0	0
2.1871	0.321900021	3.110298646	-17.86293454	0	0
2.1871	0.321062057	3.110837314	-17.83215349	0	0
2.1871	0.3202253	3.111376891	-17.80132054	0	0
2.1871	0.31938975	3.111917372	-17.77043587	0	0
2.1871	0.318555409	3.112458756	-17.73949965	0	0
2.1871	0.317722276	3.113001039	-17.70851208	0	0
2.1871	0.316890353	3.113544217	-17.67747333	0	0
2.1871	0.316059641	3.114088287	-17.64638358	0	0
2.1871	0.315230141	3.114633247	-17.61524303	0	0
2.1871	0.314401852	3.115179093	-17.58405185	0	0
2.1871	0.313574777	3.115725821	-17.55281022	0	0
2.1871	0.312748916	3.116273429	-17.52151833	0	0
2.1871	0.311924269	3.116821914	-17.49017636	0	0
2.1871	0.311100837	3.117371271	-17.45878449	0	0
2.1871	0.310278621	3.117921499	-17.42734291	0	0
2.1871	0.309457623	3.118472594	-17.39585179	0	0
2.1871	0.308637841	3.119024552	-17.36431133	0	0
2.1871	0.307819279	3.11957737	-17.33272169	0	0
2.1871	0.307001935	3.120131046	-17.30108307	0	0
2.1871	0.306185811	3.120685576	-17.26939565	0	0
2.1871	0.305370907	3.121240957	-17.23765961	0	0
2.1871	0.304557225	3.121797185	-17.20587513	0	0
2.1871	0.303744764	3.122354258	-17.17404239	0	0
2.1871	0.302933526	3.122912172	-17.14216158	0	0
2.1871	0.302123512	3.123470925	-17.11023289	0	0
2.1871	0.301314721	3.124030512	-17.07825648	0	0
2.1871	0.300507155	3.12459093	-17.04623255	0	0
2.1871	0.299700814	3.125152178	-17.01416127	0	0
2.1871	0.298895698	3.12571425	-16.98204283	0	0
2.1871	0.29809181	3.126277145	-16.94987742	0	0
2.1871	0.297289148	3.126840859	-16.9176652	0	0
2.1871	0.296487715	3.127405388	-16.88540638	0	0
2.1871	0.29568751	3.12797073	-16.85310112	0	0
2.1871	0.294888533	3.128536882	-16.82074961	0	0
2.1871	0.294090787	3.129103839	-16.78835203	0	0
2.1871	0.293294271	3.1296716	-16.75590857	0	0
2.1871	0.292498985	3.13024016	-16.7234194	0	0
2.1871	0.291704931	3.130809517	-16.69088472	0	0
2.1871	0.290912109	3.131379668	-16.65830469	0	0
2.1871	0.29012052	3.131950609	-16.6256795	0	0
2.1871	0.289330163	3.132522337	-16.59300934	0	0
2.1871	0.288541041	3.133094848	-16.56029439	0	0
2.1871	0.287753152	3.133668141	-16.52753482	0	0
2.1871	0.286966499	3.134242211	-16.49473082	0	0
2.1871	0.286181081	3.134817055	-16.46188258	0	0
2.1871	0.285396898	3.13539267	-16.42899027	0	0
2.1871	0.284613952	3.135969054	-16.39605407	0	0
2.1871	0.283832243	3.136546202	-16.36307417	0	0
2.1871	0.283051771	3.137124112	-16.33005075	0	0
2.1871	0.282272537	3.13770278	-16.29698399	0	0
2.1871	0.281494541	3.138282204	-16.26387407	0	0
2.1871	0.280717785	3.138862379	-16.23072117	0	0
2.1871	0.279942267	3.139443304	-16.19752548	0	0
2.1871	0.27916799	3.140024974	-16.16428717	0	0
2.1871	0.278394952	3.140607387	-16.13100643	0	0
2.1871	0.277623156	3.14119054	-16.09768344	0	0
2.1871	0.2768526	3.141774428	-16.06431838	0	0
2.1871	0.276083287	3.14235905	-16.03091143	0	0
2.1871	0.275315215	3.142944401	-15.99746278	0	0
2.1871	0.274548385	3.14353048	-15.96397259	0	0
2.1871	0.273782799	3.144117281	-15.93044106	0	0
2.1871	0.273018456	3.144704804	-15.89686837	0	0
2.1871	0.272255356	3.145293043	-15.86325469	0	0
2.1871	0.271493501	3.145881996	-15.82960021	0	0
2.1871	0.27073289	3.146471661	-15.79590511	0	0
2.1871	0.269973524	3.147062033	-15.76216956	0	0
2.1871	0.269215404	3.147653109	-15.72839376	0	0
2.1871	0.268458528	3.148244887	-15.69457787	0	0
2.1871	0.267702899	3.148837363	-15.66072209	0	0
2.1871	0.266948517	3.149430535	-15.62682658	0	0
2.1871	0.26619538	3.150024398	-15.59289154	0	0
2.1871	0.265443491	3.15061895	-15.55891714	0	0
2.1871	0.26469285	3.151214188	-15.52490356	0	0
2.1871	0.263943456	3.151810108	-15.49085099	0	0
2.1871	0.26319531	3.152406707	-15.4567596	0	0
2.1871	0.262448412	3.153003983	-15.42262957	0	0
2.1871	0.261702763	3.153601931	-15.38846108	0	0
2.1871	0.260958363	3.154200549	-15.35425432	0	0
2.1871	0.260215212	3.154799835	-15.32000946	0	0
2.1871	0.259473311	3.155399783	-15.28572668	0	0
2.1871	0.258732659	3.156000392	-15.25140616	0	0
2.1871	0.257993258	3.156601658	-15.21704809	0	0
2.1871	0.257255106	3.157203579	-15.18265264	0	0
2.1871	0.256518206	3.15780615	-15.14821999	0	0
2.1871	0.255782556	3.158409369	-15.11375032	0	0
2.1871	0.255048157	3.159013233	-15.07924381	0	0
2.1871	0.25431501	3.159617739	-15.04470064	0	0
2.1871	0.253583114	3.160222883	-15.01012099	0	0
2.1871	0.25285247	3.160828662	-14.97550504	0	0
2.1871	0.252123078	3.161435073	-14.94085296	0	0
2.1871	0.251394938	3.162042114	-14.90616494	0	0
2.1871	0.25066805	3.16264978	-14.87144116	0	0
2.1871	0.249942415	3.163258069	-14.83668179	0	0
2.1871	0.249218033	3.163866977	-14.80188701	0	0
2.1871	0.248494904	3.164476502	-14.76705701	0	0
2.1871	0.247773028	3.165086641	-14.73219195	0	0
2.1871	0.247052405	3.16569739	-14.69729202	0	0
2.1871	0.246333036	3.166308745	-14.6623574	0	0
2.1871	0.24561492	3.166920705	-14.62738827	0	0
2.1871	0.244898058	3.167533266	-14.5923848	0	0
2.1871	0.24418245	3.168146424	-14.55734717	0	0
2.1871	0.243468096	3.168760178	-14.52227556	0	0
2.1871	0.242754997	3.169374522	-14.48717015	0	0
2.1871	0.242043151	3.169989455	-14.45203112	0	0
2.1871	0.24133256	3.170604974	-14.41685864	0	0
2.1871	0.240623224	3.171221074	-14.38165289	0	0
2.1871	0.239915142	3.171837754	-14.34641405	0	0
2.1871	0.239208315	3.17245501	-14.31114229	0	0
2.1871	0.238502742	3.173072838	-14.2758378	0	0
2.1871	0.237798425	3.173691237	-14.24050076	0	0
2.1871	0.237095362	3.174310202	-14.20513133	0	0
2.1871	0.236393555	3.17492973	-14.16972969	0	0
2.1871	0.235693002	3.175549819	-14.13429603	0	0
2.1871	0.234993705	3.176170466	-14.09883052	0	0
2.1871	0.234295663	3.176791667	-14.06333334	0	0
2.1871	0.233598876	3.177413418	-14.02780466	0	0
2.1871	0.232903344	3.178035718	-13.99224466	0	0
2.1871	0.232209068	3.178658563	-13.95665352	0	0
2.1871	0.231516047	3.17928195	-13.92103141	0	0
2.1871	0.230824281	3.179905876	-13.88537851	0	0
2.1871	0.230133771	3.180530338	-13.84969499	0	0
2.1871	0.229444516	3.181155332	-13.81398104	0	0
2.1871	0.228756516	3.181780856	-13.77823683	0	0
2.1871	0.228069772	3.182406906	-13.74246253	0	0
2.1871	0.227384283	3.183033479	-13.70665832	0	0
2.1871	0.226700049	3.183660573	-13.67082437	0	0
2.1871	0.22601707	3.184288185	-13.63496087	0	0
2.1871	0.225335347	3.18491631	-13.59906799	0	0
2.1871	0.224654879	3.185544947	-13.56314589	0	0
2.1871	0.223975666	3.186174092	-13.52719477	0	0
2.1871	0.223297708	3.186803741	-13.49121478	0	0
2.1871	0.222621005	3.187433893	-13.45520612	0	0
2.1871	0.221945557	3.188064543	-13.41916894	0	0
2.1871	0.221271363	3.18869569	-13.38310344	0	0
2.1871	0.220598425	3.189327329	-13.34700978	0	0
2.1871	0.219926741	3.189959458	-13.31088813	0	0
2.1871	0.219256312	3.190592073	-13.27473868	0	0
2.1871	0.218587137	3.191225172	-13.23856159	0	0
2.1871	0.217919217	3.191858752	-13.20235704	0	0
2.1871	0.217252551	3.192492809	-13.16612521	0	0
2.1871	0.216587139	3.19312734	-13.12986626	0	0
2.1871	0.215922981	3.193762343	-13.09358038	0	0
2.1871	0.215260077	3.194397815	-13.05726773	0	0
2.1871	0.214598427	3.195033751	-13.02092849	0	0
2.1871	0.21393803	3.19567015	-12.98456284	0	0
2.1871	0.213278887	3.196307009	-12.94817094	0	0
2.1871	0.212620997	3.196944323	-12.91175297	0	0
2.1871	0.21196436	3.197582091	-12.87530911	0	0
2.1871	0.211308976	3.198220308	-12.83883952	0	0
2.1871	0.210654845	3.198858973	-12.80234438	0	0
2.1871	0.210001967	3.199498082	-12.76582386	0	0
2.1871	0.20935034	3.200137633	-12.72927814	0	0
2.1871	0.208699967	3.200777621	-12.69270739	0	0
2.1871	0.208050845	3.201418044	-12.65611177	0	0
2.1871	0.207402974	3.202058899	-12.61949147	0	0
2.1871	0.206756356	3.202700184	-12.58284665	0	0
2.1871	0.206110989	3.203341894	-12.54617749	0	0
2.1871	0.205466873	3.203984027	-12.50948415	0	0
2.1871	0.204824008	3.204626581	-12.47276682	0	0
2.1871	0.204182393	3.205269551	-12.43602566	0	0
2.1871	0.203542029	3.205912935	-12.39926084	0	0
2.1871	0.202902915	3.206556731	-12.36247253	0	0
2.1871	0.202265051	3.207200934	-12.32566091	0	0
2.1871	0.201628437	3.207845542	-12.28882615	0	0
2.1871	0.200993072	3.208490553	-12.25196842	0	0
2.1871	0.200358956	3.209135962	-12.21508788	0	0
2.1871	0.199726089	3.209781767	-12.17818472	0	0
2.1871	0.19909447	3.210427966	-12.14125909	0	0
2.1871	0.1984641	3.211074554	-12.10431118	0	0
2.1871	0.197834977	3.21172153	-12.06734114	0	0
2.1871	0.197207103	3.21236889	-12.03034916	0	0
2.1871	0.196580475	3.21301663	-11.9933354	0	0
2.1871	0.195955095	3.213664749	-11.95630003	0	0
2.1871	0.195330961	3.214313244	-11.91924322	0	0
2.1871	0.194708074	3.21496211	-11.88216514	0	0
2.1871	0.194086432	3.215611346	-11.84506596	0	0
2.1871	0.193466037	3.216260948	-11.80794585	0	0
2.1871	0.192846886	3.216910913	-11.77080498	0	0
2.1871	0.192228981	3.217561238	-11.73364352	0	0
2.1871	0.19161232	3.218211921	-11.69646163	0	0
2.1871	0.190996904	3.218862959	-11.65925949	0	0
2.1871	0.190382731	3.219514348	-11.62203726	0	0
2.1871	0.189769802	3.220166086	-11.58479511	0	0
2.1871	0.189158116	3.220818169	-11.54753321	0	0
2.1871	0.188547672	3.221470595	-11.51025174	0	0
2.1871	0.187938471	3.22212336	-11.47295085	0	0
2.1871	0.187330512	3.222776463	-11.43563071	0	0
2.1871	0.186723795	3.223429899	-11.39829149	0	0
2.1871	0.186118318	3.224083666	-11.36093337	0	0
2.1871	0.185514083	3.224737761	-11.3235565	0	0
2.1871	0.184911087	3.225392181	-11.28616106	0	0
2.1871	0.184309332	3.226046924	-11.24874721	0	0
2.1871	0.183708816	3.226701985	-11.21131512	0	0
2.1871	0.183109538	3.227357363	-11.17386495	0	0
2.1871	0.1825115	3.228013055	-11.13639688	0	0
2.1871	0.181914699	3.228669056	-11.09891106	0	0
2.1871	0.181319136	3.229325366	-11.06140767	0	0
2.1871	0.180724811	3.22998198	-11.02388687	0	0
2.1871	0.180131722	3.230638896	-10.98634882	0	0
2.1871	0.179539869	3.23129611	-10.9487937	0	0
2.1871	0.178949252	3.231953621	-10.91122167	0	0
2.1871	0.17835987	3.232611424	-10.8736329	0	0
2.1871	0.177771723	3.233269518	-10.83602754	0	0
2.1871	0.17718481	3.233927899	-10.79840577	0	0
2.1871	0.176599131	3.234586564	-10.76076775	0	0
2.1871	0.176014685	3.235245511	-10.72311364	0	0
2.1871	0.175431472	3.235904737	-10.68544361	0	0
2.1871	0.174849491	3.236564238	-10.64775783	0	0
2.1871	0.174268742	3.237224012	-10.61005646	0	0
2.1871	0.173689224	3.237884056	-10.57233966	0	0
2.1871	0.173110936	3.238544367	-10.5346076	0	0
2.1871	0.172533879	3.239204942	-10.49686044	0	0
2.1871	0.171958051	3.239865779	-10.45909834	0	0
2.1871	0.171383452	3.240526874	-10.42132148	0	0
2.1871	0.170810082	3.241188225	-10.38353	0	0
2.1871	0.17023794	3.241849829	-10.34572408	0	0
2.1871	0.169667024	3.242511682	-10.30790388	0	0
2.1871	0.169097336	3.243173783	-10.27006956	0	0
2.1871	0.168528874	3.243836127	-10.23222129	0	0
2.1871	0.167961637	3.244498714	-10.19435922	0	0
2.1871	0.167395625	3.245161538	-10.15648353	0	0
2.1871	0.166830838	3.245824599	-10.11859436	0	0
2.1871	0.166267274	3.246487892	-10.08069189	0	0
2.1871	0.165704934	3.247151415	-10.04277628	0	0
2.1871	0.165143816	3.247815166	-10.00484768	0	0
2.1871	0.16458392	3.24847914	-9.966906267	0	0
2.1871	0.164025246	3.249143337	-9.928952191	0	0
2.1871	0.163467792	3.249807752	-9.890985618	0	0
2.1871	0.162911558	3.250472383	-9.853006709	0	0
2.1871	0.162356544	3.251137227	-9.815015624	0	0
2.1871	0.161802748	3.251802281	-9.777012524	0	0
2.1871	0.161250171	3.252467543	-9.738997571	0	0
2.1871	0.160698811	3.253133009	-9.700970923	0	0
2.1871	0.160148668	3.253798677	-9.662932742	0	0
2.1871	0.159599741	3.254464544	-9.624883188	0	0
2.1871	0.159052029	3.255130608	-9.58682242	0	0
2.1871	0.158505533	3.255796865	-9.548750599	0	0
2.1871	0.15796025	3.256463312	-9.510667883	0	0
2.1871	0.157416181	3.257129947	-9.472574433	0	0
2.1871	0.156873325	3.257796768	-9.434470407	0	0
2.1871	0.156331681	3.258463771	-9.396355965	0	0
2.1871	0.155791248	3.259130953	-9.358231265	0	0
2.1871	0.155252025	3.259798312	-9.320096466	0	0
2.1871	0.154714013	3.260465845	-9.281951726	0	0
2.1871	0.15417721	3.261133549	-9.243797204	0	0
2.1871	0.153641616	3.261801421	-9.205633058	0	0
2.1871	0.153107229	3.26246946	-9.167459447	0	0
2.1871	0.152574049	3.263137661	-9.129276526	0	0
2.1871	0.152042076	3.263806022	-9.091084455	0	0
2.1871	0.151511308	3.264474541	-9.052883391	0	0
2.1871	0.150981746	3.265143214	-9.014673491	0	0
2.1871	0.150453387	3.265812039	-8.976454911	0	0
2.1871	0.149926231	3.266481013	-8.93822781	0	0
2.1871	0.149400278	3.267150134	-8.899992343	0	0
2.1871	0.148875527	3.267819398	-8.861748667	0	0
2.1871	0.148351977	3.268488804	-8.823496938	0	0
2.1871	0.147829628	3.269158347	-8.785237313	0	0
2.1871	0.147308477	3.269828026	-8.746969947	0	0
2.1871	0.146788526	3.270497838	-8.708694996	0	0
2.1871	0.146269772	3.271167779	-8.670412616	0	0
2.1871	0.145752216	3.271837848	-8.632122962	0	0
2.1871	0.145235856	3.272508042	-8.593826189	0	0
2.1871	0.144720691	3.273178357	-8.555522453	0	0
2.1871	0.144206721	3.273848792	-8.517211908	0	0
2.1871	0.143693945	3.274519343	-8.478894708	0	0
2.1871	0.143182362	3.275190007	-8.440571009	0	0
2.1871	0.142671971	3.275860783	-8.402240965	0	0
2.1871	0.142162772	3.276531667	-8.363904728	0	0
2.1871	0.141654763	3.277202657	-8.325562455	0	0
2.1871	0.141147944	3.27787375	-8.287214297	0	0
2.1871	0.140642314	3.278544943	-8.248860409	0	0
2.1871	0.140137872	3.279216233	-8.210500944	0	0
2.1871	0.139634617	3.279887619	-8.172136056	0	0
2.1871	0.139132549	3.280559097	-8.133765896	0	0
2.1871	0.138631666	3.281230664	-8.095390617	0	0
2.1871	0.138131968	3.281902318	-8.057010374	0	0
2.1871	0.137633453	3.282574057	-8.018625316	0	0
2.1871	0.137136121	3.283245877	-7.980235598	0	0
2.1871	0.136639972	3.283917776	-7.94184137	0	0
2.1871	0.136145003	3.284589751	-7.903442785	0	0
2.1871	0.135651215	3.2852618	-7.865039994	0	0
2.1871	0.135158606	3.28593392	-7.826633148	0	0
2.1871	0.134667175	3.286606108	-7.788222399	0	0
2.1871	0.134176922	3.287278362	-7.749807898	0	0
2.1871	0.133687846	3.287950679	-7.711389795	0	0
2.1871	0.133199945	3.288623056	-7.672968241	0	0
2.1871	0.132713219	3.289295491	-7.634543386	0	0
2.1871	0.132227667	3.289967981	-7.596115382	0	0
2.1871	0.131743288	3.290640523	-7.557684376	0	0
2.1871	0.131260081	3.291313116	-7.519250521	0	0
2.1871	0.130778046	3.291985756	-7.480813964	0	0
2.1871	0.13029718	3.29265844	-7.442374856	0	0
2.1871	0.129817483	3.293331166	-7.403933346	0	0
2.1871	0.129338955	3.294003932	-7.365489582	0	0
2.1871	0.128861594	3.294676735	-7.327043714	0	0
2.1871	0.128385399	3.295349572	-7.28859589	0	0
2.1871	0.12791037	3.29602244	-7.250146259	0	0
2.1871	0.127436505	3.296695338	-7.211694968	0	0
2.1871	0.126963804	3.297368262	-7.173242167	0	0
2.1871	0.126492265	3.29804121	-7.134788002	0	0
2.1871	0.126021888	3.298714179	-7.096332621	0	0
2.1871	0.125552671	3.299387167	-7.057876172	0	0
2.1871	0.125084614	3.300060171	-7.019418802	0	0
2.1871	0.124617715	3.300733188	-6.980960658	0	0
2.1871	0.124151974	3.301406217	-6.942501886	0	0
2.1871	0.12368739	3.302079254	-6.904042634	0	0
2.1871	0.123223961	3.302752297	-6.865583048	0	0
2.1871	0.122761686	3.303425343	-6.827123273	0	0
2.1871	0.122300565	3.30409839	-6.788663457	0	0
2.1871	0.121840597	3.304771434	-6.750203744	0	0
2.1871	0.12138178	3.305444475	-6.71174428	0	0
2.1871	0.120924114	3.306117509	-6.673285211	0	0
2.1871	0.120467597	3.306790533	-6.634826683	0	0
2.1871	0.120012228	3.307463545	-6.596368838	0	0
2.1871	0.119558007	3.308136543	-6.557911824	0	0
2.1871	0.119104932	3.308809524	-6.519455784	0	0
2.1871	0.118653003	3.309482485	-6.481000862	0	0
2.1871	0.118202217	3.310155424	-6.442547203	0	0
2.1871	0.117752575	3.310828338	-6.40409495	0	0
2.1871	0.117304075	3.311501226	-6.365644248	0	0
2.1871	0.116856716	3.312174083	-6.32719524	0	0
2.1871	0.116410497	3.312846909	-6.288748069	0	0
2.1871	0.115965417	3.3135197	-6.250302878	0	0
2.1871	0.115521475	3.314192453	-6.211859811	0	0
2.1871	0.11507867	3.314865167	-6.173419009	0	0
2.1871	0.114637	3.315537839	-6.134980616	0	0
2.1871	0.114196465	3.316210466	-6.096544773	0	0
2.1871	0.113757064	3.316883047	-6.058111624	0	0
2.1871	0.113318795	3.317555577	-6.019681309	0	0
2.1871	0.112881657	3.318228056	-5.98125397	0	0
2.1871	0.112445649	3.318900479	-5.942829749	0	0
2.1871	0.112010771	3.319572846	-5.904408787	0	0
2.1871	0.111577021	3.320245154	-5.865991225	0	0
2.1871	0.111144397	3.320917399	-5.827577204	0	0
2.1871	0.1107129	3.32158958	-5.789166864	0	0
2.1871	0.110282527	3.322261694	-5.750760346	0	0
2.1871	0.109853277	3.322933739	-5.71235779	0	0
2.1871	0.109425151	3.323605712	-5.673959336	0	0
2.1871	0.108998145	3.32427761	-5.635565123	0	0
2.1871	0.108572259	3.324949432	-5.597175292	0	0
2.1871	0.108147493	3.325621175	-5.558789981	0	0
2.1871	0.107723844	3.326292837	-5.52040933	0	0
2.1871	0.107301312	3.326964414	-5.482033478	0	0
2.1871	0.106879896	3.327635905	-5.443662563	0	0
2.1871	0.106459594	3.328307307	-5.405296723	0	0
2.1871	0.106040405	3.328978618	-5.366936098	0	0
2.1871	0.105622329	3.329649836	-5.328580825	0	0
2.1871	0.105205363	3.330320957	-5.290231042	0	0
2.1871	0.104789507	3.330991979	-5.251886886	0	0
2.1871	0.10437476	3.331662901	-5.213548495	0	0
2.1871	0.10396112	3.33233372	-5.175216006	0	0
2.1871	0.103548587	3.333004433	-5.136889557	0	0
2.1871	0.103137158	3.333675038	-5.098569283	0	0
2.1871	0.102726834	3.334345532	-5.060255322	0	0
2.1871	0.102317612	3.335015913	-5.02194781	0	0
2.1871	0.101909491	3.33568618	-4.983646882	0	0
2.1871	0.101502471	3.336356328	-4.945352676	0	0
2.1871	0.10109655	3.337026357	-4.907065326	0	0
2.1871	0.100691726	3.337696263	-4.868784968	0	0
2.1871	0.100288	3.338366045	-4.830511737	0	0
2.1871	0.099885369	3.339035699	-4.792245768	0	0
2.1871	0.099483832	3.339705224	-4.753987197	0	0
2.1871	0.099083388	3.340374617	-4.715736157	0	0
2.1871	0.098684036	3.341043876	-4.677492784	0	0
2.1871	0.098285774	3.341712999	-4.63925721	0	0
2.1871	0.097888602	3.342381983	-4.601029571	0	0
2.1871	0.097492518	3.343050825	-4.56281	0	0
2.1871	0.097097521	3.343719524	-4.524598631	0	0
2.1871	0.09670361	3.344388077	-4.486395596	0	0
2.1871	0.096310783	3.345056482	-4.448201029	0	0
2.1871	0.095919039	3.345724736	-4.410015063	0	0
2.1871	0.095528377	3.346392838	-4.37183783	0	0
2.1871	0.095138795	3.347060784	-4.333669464	0	0
2.1871	0.094750293	3.347728573	-4.295510095	0	0
2.1871	0.094362869	3.348396203	-4.257359856	0	0
2.1871	0.093976522	3.34906367	-4.21921888	0	0
2.1871	0.093591251	3.349730972	-4.181087296	0	0
2.1871	0.093207054	3.350398108	-4.142965238	0	0
2.1871	0.09282393	3.351065075	-4.104852835	0	0
2.1871	0.092441878	3.351731871	-4.066750219	0	0
2.1871	0.092060896	3.352398493	-4.02865752	0	0
2.1871	0.091680983	3.35306494	-3.990574869	0	0
2.1871	0.091302139	3.353731208	-3.952502397	0	0
2.1871	0.090924361	3.354397296	-3.914440232	0	0
2.1871	0.090547648	3.355063201	-3.876388506	0	0
2.1871	0.090172	3.355728921	-3.838347347	0	0
2.1871	0.089797414	3.356394455	-3.800316885	0	0
2.1871	0.08942389	3.357059798	-3.762297249	0	0
2.1871	0.089051426	3.35772495	-3.724288567	0	0
2.1871	0.088680021	3.358389908	-3.68629097	0	0
2.1871	0.088309673	3.35905467	-3.648304585	0	0
2.1871	0.087940382	3.359719233	-3.61032954	0	0
2.1871	0.087572145	3.360383596	-3.572365963	0	0
2.1871	0.087204962	3.361047755	-3.534413983	0	0
2.1871	0.086838831	3.36171171	-3.496473726	0	0
2.1871	0.086473752	3.362375457	-3.458545321	0	0
2.1871	0.086109722	3.363038994	-3.420628894	0	0
2.1871	0.08574674	3.36370232	-3.382724572	0	0
2.1871	0.085384805	3.364365432	-3.344832482	0	0
2.1871	0.085023916	3.365028327	-3.306952751	0	0
2.1871	0.084664071	3.365691004	-3.269085504	0	0
2.1871	0.084305269	3.36635346	-3.231230868	0	0
2.1871	0.083947508	3.367015693	-3.193388969	0	0
2.1871	0.083590788	3.367677701	-3.155559932	0	0
2.1871	0.083235107	3.368339482	-3.117743882	0	0
2.1871	0.082880463	3.369001033	-3.079940945	0	0
2.1871	0.082526855	3.369662353	-3.042151246	0	0
2.1871	0.082174283	3.370323439	-3.004374909	0	0
2.1871	0.081822743	3.370984289	-2.966612058	0	0
2.1871	0.081472236	3.371644901	-2.928862819	0	0
2.1871	0.081122759	3.372305272	-2.891127315	0	0
2.1871	0.080774312	3.372965401	-2.85340567	0	0
2.1871	0.080426893	3.373625285	-2.815698007	0	0
2.1871	0.0800805	3.374284922	-2.778004451	0	0
2.1871	0.079735133	3.37494431	-2.740325123	0	0
2.1871	0.079390789	3.375603447	-2.702660147	0	0
2.1871	0.079047468	3.376262331	-2.665009646	0	0
2.1871	0.078705168	3.37692096	-2.627373742	0	0
2.1871	0.078363887	3.37757933	-2.589752557	0	0
2.1871	0.078023625	3.378237441	-2.552146214	0	0
2.1871	0.07768438	3.37889529	-2.514554834	0	0
2.1871	0.07734615	3.379552876	-2.476978538	0	0
2.1871	0.077008934	3.380210195	-2.439417449	0	0
2.1871	0.076672731	3.380867245	-2.401871687	0	0
2.1871	0.076337539	3.381524026	-2.364341373	0	0
2.1871	0.076003357	3.382180534	-2.326826629	0	0
2.1871	0.075670183	3.382836767	-2.289327573	0	0
2.1871	0.075338017	3.383492724	-2.251844327	0	0
2.1871	0.075006856	3.384148402	-2.214377011	0	0
2.1871	0.074676699	3.384803799	-2.176925744	0	0
2.1871	0.074347545	3.385458914	-2.139490646	0	0
2.1871	0.074019392	3.386113743	-2.102071836	0	0
2.1871	0.07369224	3.386768285	-2.064669434	0	0
2.1871	0.073366085	3.387422538	-2.027283558	0	0
2.1871	0.073040928	3.388076499	-1.989914327	0	0
2.1871	0.072716766	3.388730167	-1.95256186	0	0
2.1871	0.072393599	3.38938354	-1.915226274	0	0
2.1871	0.072071424	3.390036615	-1.877907688	0	0
2.1871	0.071750241	3.390689391	-1.840606219	0	0
2.1871	0.071430047	3.391341865	-1.803321985	0	0
2.1871	0.071110842	3.391994036	-1.766055104	0	0
2.1871	0.070792624	3.3926459	-1.728805692	0	0
2.1871	0.070475391	3.393297457	-1.691573866	0	0
2.1871	0.070159142	3.393948704	-1.654359744	0	0
2.1871	0.069843876	3.39459964	-1.61716344	0	0
2.1871	0.069529591	3.395250261	-1.579985073	0	0
2.1871	0.069216286	3.395900567	-1.542824757	0	0
2.1871	0.068903959	3.396550554	-1.505682608	0	0
2.1871	0.068592608	3.397200222	-1.468558742	0	0
2.1871	0.068282233	3.397849568	-1.431453275	0	0
2.1871	0.067972832	3.398498589	-1.39436632	0	0
2.1871	0.067664403	3.399147285	-1.357297994	0	0
2.1871	0.067356945	3.399795653	-1.320248411	0	0
2.1871	0.067050456	3.400443691	-1.283217684	0	0
2.1871	0.066744935	3.401091396	-1.24620593	0	0
2.1871	0.066440381	3.401738768	-1.20921326	0	0
2.1871	0.066136791	3.402385804	-1.17223979	0	0
2.1871	0.065834165	3.403032501	-1.135285632	0	0
2.1871	0.065532501	3.403678859	-1.0983509	0	0
2.1871	0.065231798	3.404324875	-1.061435707	0	0
2.1871	0.064932053	3.404970547	-1.024540166	0	0
2.1871	0.064633266	3.405615873	-0.98766439	0	0
2.1871	0.064335435	3.406260851	-0.95080849	0	0
2.1871	0.064038558	3.40690548	-0.913972579	0	0
2.1871	0.063742634	3.407549757	-0.87715677	0	0
2.1871	0.063447662	3.408193679	-0.840361173	0	0
2.1871	0.06315364	3.408837247	-0.8035859	0	0
2.1871	0.062860566	3.409480456	-0.766831063	0	0
2.1871	0.062568439	3.410123306	-0.730096772	0	0
2.1871	0.062277258	3.410765795	-0.693383139	0	0
2.1871	0.061987021	3.41140792	-0.656690273	0	0
2.1871	0.061697726	3.41204968	-0.620018286	0	0
2.1871	0.061409371	3.412691072	-0.583367288	0	0
2.1871	0.061121957	3.413332096	-0.546737388	0	0
2.1871	0.06083548	3.413972748	-0.510128696	0	0
2.1871	0.060549939	3.414613027	-0.473541322	0	0
2.1871	0.060265334	3.415252931	-0.436975374	0	0
2.1871	0.059981661	3.415892458	-0.400430963	0	0
2.1871	0.059698921	3.416531607	-0.363908197	0	0
2.1871	0.05941711	3.417170374	-0.327407183	0	0
2.1871	0.059136229	3.417808759	-0.290928032	0	0
2.1871	0.058856274	3.41844676	-0.254470851	0	0
2.1871	0.058577245	3.419084374	-0.218035747	0	0
2.1871	0.058299141	3.4197216	-0.181622829	0	0
2.1871	0.058021958	3.420358436	-0.145232205	0	0
2.1871	0.057745697	3.42099488	-0.10886398	0	0
2.1871	0.057470356	3.42163093	-0.072518263	0	0
2.1871	0.057195932	3.422266585	-0.03619516	0	0
2.1871	0.056922424	3.422901841	0.000105223	0	0
2.1871	0.056649832	3.423536699	0.036382778	0	0
2.1871	0.056378152	3.424171154	0.0726374	0	0
2.1871	0.056107385	3.424805207	0.108868982	0	0
2.1871	0.055837528	3.425438855	0.14507742	0	0
2.1871	0.055568579	3.426072096	0.181262608	0	0
2.1871	0.055300537	3.426704928	0.21742444	0	0
2.1871	0.055033401	3.427337349	0.253562811	0	0
2.1871	0.054767169	3.427969358	0.289677616	0	0
2.1871	0.054501839	3.428600953	0.325768752	0	0
2.1871	0.05423741	3.429232132	0.361836113	0	0
2.1871	0.05397388	3.429862893	0.397879595	0	0
2.1871	0.053711248	3.430493234	0.433899095	0	0
2.1871	0.053449512	3.431123154	0.469894509	0	0
2.1871	0.05318867	3.43175265	0.505865733	0	0
2.1871	0.052928722	3.432381722	0.541812664	0	0
2.1871	0.052669665	3.433010366	0.577735199	0	0
2.1871	0.052411498	3.433638582	0.613633235	0	0
2.1871	0.052154219	3.434266367	0.649506669	0	0
2.1871	0.051897826	3.43489372	0.6853554	0	0
2.1871	0.051642319	3.435520638	0.721179325	0	0
2.1871	0.051387695	3.436147121	0.756978342	0	0
2.1871	0.051133954	3.436773166	0.792752349	0	0
2.1871	0.050881092	3.437398772	0.828501245	0	0
2.1871	0.05062911	3.438023936	0.864224928	0	0
2.1871	0.050378004	3.438648658	0.899923298	0	0
2.1871	0.050127774	3.439272934	0.935596254	0	0
2.1871	0.049878418	3.439896765	0.971243695	0	0
2.1871	0.049629935	3.440520147	1.00686552	0	0
2.1871	0.049382322	3.441143079	1.04246163	0	0
2.1871	0.049135579	3.441765559	1.078031924	0	0
2.1871	0.048889703	3.442387585	1.113576303	0	0
2.1871	0.048644693	3.443009157	1.149094667	0	0
2.1871	0.048400548	3.443630271	1.184586917	0	0
2.1871	0.048157266	3.444250927	1.220052954	0	0
2.1871	0.047914844	3.444871122	1.255492679	0	0
2.1871	0.047673283	3.445490855	1.290905994	0	0
2.1871	0.047432579	3.446110124	1.326292799	0	0
2.1871	0.047192732	3.446728927	1.361652997	0	0
2.1871	0.04695374	3.447347264	1.396986489	0	0
2.1871	0.046715601	3.447965131	1.432293179	0	0
2.1871	0.046478313	3.448582527	1.467572967	0	0
2.1871	0.046241876	3.449199451	1.502825758	0	0
2.1871	0.046006287	3.4498159	1.538051454	0	0
2.1871	0.045771544	3.450431874	1.573249958	0	0
2.1871	0.045537647	3.451047371	1.608421173	0	0
2.1871	0.045304593	3.451662388	1.643565003	0	0
2.1871	0.045072382	3.452276924	1.678681351	0	0
2.1871	0.04484101	3.452890977	1.713770122	0	0
2.1871	0.044610478	3.453504546	1.74883122	0	0
2.1871	0.044380782	3.45411763	1.783864549	0	0
2.1871	0.044151922	3.454730225	1.818870014	0	0
2.1871	0.043923896	3.455342332	1.853847519	0	0
2.1871	0.043696702	3.455953947	1.88879697	0	0
2.1871	0.043470338	3.45656507	1.923718272	0	0
2.1871	0.043244804	3.457175698	1.95861133	0	0
2.1871	0.043020097	3.457785831	1.99347605	0	0
2.1871	0.042796215	3.458395466	2.028312338	0	0
2.1871	0.042573158	3.459004602	2.0631201	0	0
2.1871	0.042350923	3.459613237	2.097899243	0	0
2.1871	0.042129509	3.460221369	2.132649672	0	0
2.1871	0.041908914	3.460828998	2.167371296	0	0
2.1871	0.041689137	3.46143612	2.20206402	0	0
2.1871	0.041470176	3.462042736	2.236727752	0	0
2.1871	0.041252029	3.462648842	2.271362399	0	0
2.1871	0.041034695	3.463254438	2.30596787	0	0
2.1871	0.040818172	3.463859521	2.340544071	0	0
2.1871	0.040602458	3.464464091	2.375090911	0	0
2.1871	0.040387552	3.465068145	2.409608298	0	0
2.1871	0.040173452	3.465671682	2.44409614	0	0
2.1871	0.039960157	3.466274701	2.478554347	0	0
2.1871	0.039747664	3.466877199	2.512982828	0	0
2.1871	0.039535973	3.467479176	2.54738149	0	0
2.1871	0.039325081	3.468080629	2.581750244	0	0
2.1871	0.039114987	3.468681557	2.616088999	0	0
2.1871	0.03890569	3.469281959	2.650397666	0	0
2.1871	0.038697187	3.469881833	2.684676153	0	0
2.1871	0.038489477	3.470481176	2.718924371	0	0
2.1871	0.038282558	3.471079989	2.75314223	0	0
2.1871	0.03807643	3.471678269	2.787329642	0	0
2.1871	0.037871089	3.472276014	2.821486517	0	0
2.1871	0.037666535	3.472873223	2.855612765	0	0
2.1871	0.037462765	3.473469895	2.889708299	0	0
2.1871	0.037259779	3.474066028	2.923773029	0	0
2.1871	0.037057574	3.47466162	2.957806867	0	0
2.1871	0.036856149	3.47525667	2.991809726	0	0
2.1871	0.036655502	3.475851177	3.025781516	0	0
2.1871	0.036455631	3.476445138	3.059722151	0	0
2.1871	0.036256536	3.477038552	3.093631543	0	0
2.1871	0.036058213	3.477631418	3.127509605	0	0
2.1871	0.035860663	3.478223734	3.161356249	0	0
2.1871	0.035663882	3.478815499	3.195171389	0	0
2.1871	0.035467869	3.479406711	3.228954937	0	0
2.1871	0.035272623	3.479997369	3.262706809	0	0
2.1871	0.035078142	3.480587471	3.296426916	0	0
2.1871	0.034884424	3.481177016	3.330115174	0	0
2.1871	0.034691468	3.481766001	3.363771496	0	0
2.1871	0.034499272	3.482354426	3.397395796	0	0
2.1871	0.034307834	3.48294229	3.43098799	0	0
2.1871	0.034117153	3.48352959	3.464547992	0	0
2.1871	0.033927227	3.484116325	3.498075717	0	0
2.1871	0.033738054	3.484702494	3.531571081	0	0
2.1871	0.033549633	3.485288095	3.565033998	0	0
2.1871	0.033361961	3.485873127	3.598464384	0	0
2.1871	0.033175039	3.486457588	3.631862155	0	0
2.1871	0.032988863	3.487041476	3.665227227	0	0
2.1871	0.032803431	3.487624792	3.698559517	0	0
2.1871	0.032618744	3.488207531	3.73185894	0	0
2.1871	0.032434798	3.488789695	3.765125414	0	0
2.1871	0.032251592	3.48937128	3.798358854	0	0
2.1871	0.032069124	3.489952286	3.831559179	0	0
2.1871	0.031887393	3.49053271	3.864726305	0	0
2.1871	0.031706397	3.491112553	3.897860151	0	0
2.1871	0.031526135	3.491691811	3.930960632	0	0
2.1871	0.031346604	3.492270484	3.964027668	0	0
2.1871	0.031167804	3.492848571	3.997061177	0	0
2.1871	0.030989731	3.493426069	4.030061076	0	0
2.1871	0.030812386	3.494002977	4.063027284	0	0
2.1871	0.030635765	3.494579295	4.095959721	0	0
2.1871	0.030459868	3.49515502	4.128858303	0	0
2.1871	0.030284693	3.495730152	4.161722952	0	0
2.1871	0.030110237	3.496304688	4.194553585	0	0
2.1871	0.0299365	3.496878627	4.227350123	0	0
2.1871	0.02976348	3.497451968	4.260112485	0	0
2.1871	0.029591175	3.49802471	4.292840591	0	0
2.1871	0.029419583	3.498596851	4.325534362	0	0
2.1871	0.029248703	3.49916839	4.358193716	0	0
2.1871	0.029078533	3.499739325	4.390818575	0	0
2.1871	0.028909071	3.500309655	4.42340886	0	0
2.1871	0.028740316	3.500879379	4.455964491	0	0
2.1871	0.028572266	3.501448494	4.488485389	0	0
2.1871	0.02840492	3.502017001	4.520971477	0	0
2.1871	0.028238275	3.502584897	4.553422674	0	0
2.1871	0.02807233	3.503152181	4.585838903	0	0
2.1871	0.027907084	3.503718851	4.618220085	0	0
2.1871	0.027742534	3.504284908	4.650566144	0	0
2.1871	0.027578679	3.504850347	4.682877	0	0
2.1871	0.027415518	3.50541517	4.715152577	0	0
2.1871	0.027253048	3.505979374	4.747392796	0	0
2.1871	0.027091268	3.506542958	4.779597582	0	0
2.1871	0.026930177	3.50710592	4.811766856	0	0
2.1871	0.026769772	3.50766826	4.843900543	0	0
2.1871	0.026610052	3.508229975	4.875998565	0	0
2.1871	0.026451016	3.508791065	4.908060847	0	0
2.1871	0.026292661	3.509351528	4.940087311	0	0
2.1871	0.026134986	3.509911363	4.972077883	0	0
2.1871	0.02597799	3.510470569	5.004032486	0	0
2.1871	0.02582167	3.511029143	5.035951044	0	0
2.1871	0.025666025	3.511587086	5.067833483	0	0
2.1871	0.025511054	3.512144395	5.099679727	0	0
2.1871	0.025356754	3.51270107	5.131489701	0	0
2.1871	0.025203124	3.513257108	5.16326333	0	0
2.1871	0.025050162	3.513812509	5.19500054	0	0
2.1871	0.024897867	3.514367272	5.226701256	0	0
2.1871	0.024746237	3.514921395	5.258365404	0	0
2.1871	0.02459527	3.515474876	5.289992909	0	0
2.1871	0.024444965	3.516027715	5.321583699	0	0
2.1871	0.02429532	3.51657991	5.353137699	0	0
2.1871	0.024146333	3.51713146	5.384654836	0	0
2.1871	0.023998003	3.517682363	5.416135036	0	0
2.1871	0.023850327	3.518232619	5.447578227	0	0
2.1871	0.023703305	3.518782226	5.478984336	0	0
2.1871	0.023556934	3.519331183	5.510353289	0	0
2.1871	0.023411214	3.519879488	5.541685015	0	0
2.1871	0.023266141	3.52042714	5.57297944	0	0
2.1871	0.023121716	3.520974139	5.604236494	0	0
2.1871	0.022977935	3.521520482	5.635456103	0	0
2.1871	0.022834797	3.522066168	5.666638196	0	0
2.1871	0.022692301	3.522611197	5.697782702	0	0
2.1871	0.022550445	3.523155567	5.728889549	0	0
2.1871	0.022409227	3.523699277	5.759958666	0	0
2.1871	0.022268646	3.524242325	5.790989982	0	0
2.1871	0.022128699	3.52478471	5.821983425	0	0
2.1871	0.021989386	3.525326431	5.852938926	0	0
2.1871	0.021850704	3.525867487	5.883856414	0	0
2.1871	0.021712653	3.526407877	5.914735819	0	0
2.1871	0.021575229	3.526947599	5.94557707	0	0
2.1871	0.021438433	3.527486652	5.976380098	0	0
2.1871	0.021302261	3.528025035	6.007144832	0	0
2.1871	0.021166712	3.528562746	6.037871204	0	0
2.1871	0.021031785	3.529099785	6.068559144	0	0
2.1871	0.020897478	3.52963615	6.099208583	0	0
2.1871	0.020763789	3.53017184	6.129819451	0	0
2.1871	0.020630717	3.530706854	6.160391681	0	0
2.1871	0.02049826	3.531241191	6.190925203	0	0
2.1871	0.020366416	3.531774849	6.221419949	0	0
2.1871	0.020235183	3.532307827	6.25187585	0	0
2.1871	0.020104561	3.532840125	6.28229284	0	0
2.1871	0.019974547	3.53337174	6.312670849	0	0
2.1871	0.019845139	3.533902672	6.343009809	0	0
2.1871	0.019716337	3.534432919	6.373309655	0	0
2.1871	0.019588138	3.534962481	6.403570317	0	0
2.1871	0.01946054	3.535491355	6.433791729	0	0
2.1871	0.019333543	3.536019542	6.463973825	0	0
2.1871	0.019207144	3.536547039	6.494116536	0	0
2.1871	0.019081341	3.537073846	6.524219797	0	0
2.1871	0.018956134	3.537599962	6.554283541	0	0
2.1871	0.01883152	3.538125385	6.584307701	0	0
2.1871	0.018707497	3.538650114	6.614292212	0	0
2.1871	0.018584065	3.539174148	6.644237008	0	0
2.1871	0.018461221	3.539697485	6.674142023	0	0
2.1871	0.018338964	3.540220126	6.704007191	0	0
2.1871	0.018217292	3.540742068	6.733832447	0	0
2.1871	0.018096204	3.54126331	6.763617726	0	0
2.1871	0.017975697	3.541783852	6.793362963	0	0
2.1871	0.01785577	3.542303692	6.823068092	0	0
2.1871	0.017736422	3.542822828	6.85273305	0	0
2.1871	0.017617651	3.543341261	6.882357771	0	0
2.1871	0.017499455	3.543858988	6.911942192	0	0
2.1871	0.017381833	3.544376009	6.941486248	0	0
2.1871	0.017264782	3.544892323	6.970989875	0	0
2.1871	0.017148302	3.545407928	7.000453009	0	0
2.1871	0.01703239	3.545922823	7.029875587	0	0
2.1871	0.016917045	3.546437007	7.059257545	0	0
2.1871	0.016802266	3.546950479	7.08859882	0	0
2.1871	0.01668805	3.547463239	7.117899349	0	0
2.1871	0.016574397	3.547975284	7.147159068	0	0
2.1871	0.016461303	3.548486614	7.176377916	0	0
2.1871	0.016348769	3.548997227	7.205555829	0	0
2.1871	0.016236791	3.549507123	7.234692745	0	0
2.1871	0.016125369	3.550016301	7.263788602	0	0
2.1871	0.016014501	3.550524758	7.292843337	0	0
2.1871	0.015904185	3.551032496	7.321856889	0	0
2.1871	0.01579442	3.551539511	7.350829196	0	0
2.1871	0.015685203	3.552045803	7.379760196	0	0
2.1871	0.015576534	3.552551372	7.408649828	0	0
2.1871	0.015468411	3.553056216	7.43749803	0	0
2.1871	0.015360831	3.553560333	7.466304742	0	0
2.1871	0.015253794	3.554063723	7.495069903	0	0
2.1871	0.015147298	3.554566385	7.523793451	0	0
2.1871	0.01504134	3.555068318	7.552475327	0	0
2.1871	0.01493592	3.555569521	7.581115469	0	0
2.1871	0.014831036	3.556069992	7.609713818	0	0
2.1871	0.014726687	3.55656973	7.638270314	0	0
2.1871	0.014622869	3.557068736	7.666784896	0	0
2.1871	0.014519583	3.557567006	7.695257504	0	0
2.1871	0.014416826	3.558064541	7.72368808	0	0
2.1871	0.014314597	3.55856134	7.752076564	0	0
2.1871	0.014212894	3.559057401	7.780422896	0	0
2.1871	0.014111715	3.559552723	7.808727017	0	0
2.1871	0.01401106	3.560047305	7.836988869	0	0
2.1871	0.013910925	3.560541147	7.865208392	0	0
2.1871	0.01381131	3.561034247	7.893385529	0	0
2.1871	0.013712213	3.561526604	7.921520219	0	0
2.1871	0.013613632	3.562018217	7.949612407	0	0
2.1871	0.013515566	3.562509086	7.977662032	0	0
2.1871	0.013418014	3.562999208	8.005669037	0	0
2.1871	0.013320972	3.563488584	8.033633365	0	0
2.1871	0.013224441	3.563977212	8.061554957	0	0
2.1871	0.013128418	3.564465091	8.089433757	0	0
2.1871	0.013032902	3.56495222	8.117269706	0	0
2.1871	0.01293789	3.565438598	8.145062748	0	0
2.1871	0.012843382	3.565924224	8.172812825	0	0
2.1871	0.012749376	3.566409098	8.200519882	0	0
2.1871	0.01265587	3.566893218	8.22818386	0	0
2.1871	0.012562863	3.567376582	8.255804704	0	0
2.1871	0.012470353	3.567859191	8.283382357	0	0
2.1871	0.012378338	3.568341043	8.310916763	0	0
2.1871	0.012286817	3.568822138	8.338407866	0	0
2.1871	0.012195788	3.569302473	8.36585561	0	0
2.1871	0.01210525	3.569782049	8.393259939	0	0
2.1871	0.012015201	3.570260864	8.420620797	0	0
2.1871	0.011925639	3.570738917	8.447938129	0	0
2.1871	0.011836563	3.571216208	8.475211881	0	0
2.1871	0.011747972	3.571692735	8.502441996	0	0
2.1871	0.011659863	3.572168497	8.529628419	0	0
2.1871	0.011572235	3.572643494	8.556771097	0	0
2.1871	0.011485086	3.573117725	8.583869973	0	0
2.1871	0.011398415	3.573591187	8.610924994	0	0
2.1871	0.011312221	3.574063882	8.637936105	0	0
2.1871	0.011226501	3.574535807	8.664903253	0	0
2.1871	0.011141254	3.575006962	8.691826382	0	0
2.1871	0.011056479	3.575477345	8.718705439	0	0
2.1871	0.010972173	3.575946956	8.74554037	0	0
2.1871	0.010888336	3.576415795	8.772331122	0	0
2.1871	0.010804966	3.576883859	8.799077641	0	0
2.1871	0.010722061	3.577351148	8.825779874	0	0
2.1871	0.010639619	3.577817661	8.852437767	0	0
2.1871	0.010557639	3.578283397	8.879051268	0	0
2.1871	0.01047612	3.578748356	8.905620323	0	0
2.1871	0.01039506	3.579212535	8.932144881	0	0
2.1871	0.010314457	3.579675936	8.958624887	0	0
2.1871	0.01023431	3.580138555	8.985060291	0	0
2.1871	0.010154616	3.580600393	9.011451039	0	0
2.1871	0.010075376	3.581061449	9.03779708	0	0
2.1871	0.009996586	3.581521721	9.064098361	0	0
2.1871	0.009918246	3.58198121	9.090354831	0	0
2.1871	0.009840353	3.582439913	9.116566437	0	0
2.1871	0.009762907	3.58289783	9.142733129	0	0
2.1871	0.009685906	3.58335496	9.168854855	0	0
2.1871	0.009609348	3.583811302	9.194931563	0	0
2.1871	0.009533231	3.584266856	9.220963203	0	0
2.1871	0.009457554	3.58472162	9.246949723	0	0
2.1871	0.009382316	3.585175594	9.272891073	0	0
2.1871	0.009307515	3.585628776	9.298787202	0	0
2.1871	0.009233149	3.586081166	9.324638059	0	0
2.1871	0.009159217	3.586532763	9.350443595	0	0
2.1871	0.009085718	3.586983566	9.376203757	0	0
2.1871	0.009012649	3.587433574	9.401918498	0	0
2.1871	0.008940009	3.587882786	9.427587765	0	0
2.1871	0.008867797	3.588331201	9.453211511	0	0
2.1871	0.008796011	3.588778819	9.478789684	0	0
2.1871	0.00872465	3.589225639	9.504322235	0	0
2.1871	0.008653711	3.58967166	9.529809116	0	0
2.1871	0.008583194	3.59011688	9.555250276	0	0
2.1871	0.008513097	3.590561299	9.580645666	0	0
2.1871	0.008443418	3.591004917	9.605995238	0	0
2.1871	0.008374156	3.591447731	9.631298942	0	0
2.1871	0.00830531	3.591889743	9.65655673	0	0
2.1871	0.008236877	3.59233095	9.681768553	0	0
2.1871	0.008168856	3.592771351	9.706934362	0	0
2.1871	0.008101247	3.593210947	9.73205411	0	0
2.1871	0.008034046	3.593649736	9.757127747	0	0
2.1871	0.007967253	3.594087716	9.782155227	0	0
2.1871	0.007900866	3.594524889	9.807136501	0	0
2.1871	0.007834884	3.594961252	9.83207152	0	0
2.1871	0.007769305	3.595396804	9.856960239	0	0
2.1871	0.007704127	3.595831546	9.881802608	0	0
2.1871	0.00763935	3.596265475	9.90659858	0	0
2.1871	0.007574971	3.596698592	9.931348109	0	0
2.1871	0.007510989	3.597130895	9.956051147	0	0
2.1871	0.007447403	3.597562384	9.980707647	0	0
2.1871	0.00738421	3.597993057	10.00531756	0	0
2.1871	0.007321411	3.598422915	10.02988085	0	0
2.1871	0.007259002	3.598851955	10.05439745	0	0
2.1871	0.007196982	3.599280178	10.07886733	0	0
2.1871	0.007135351	3.599707583	10.10329044	0	0
2.1871	0.007074106	3.600134168	10.12766673	0	0
2.1871	0.007013246	3.600559933	10.15199616	0	0
2.1871	0.00695277	3.600984877	10.17627868	0	0
2.1871	0.006892675	3.601408999	10.20051424	0	0
2.1871	0.006832961	3.601832299	10.22470281	0	0
2.1871	0.006773626	3.602254776	10.24884432	0	0
2.1871	0.006714669	3.602676428	10.27293875	0	0
2.1871	0.006656087	3.603097256	10.29698603	0	0
2.1871	0.00659788	3.603517257	10.32098614	0	0
2.1871	0.006540046	3.603936433	10.34493901	0	0
2.1871	0.006482584	3.604354781	10.36884462	0	0
2.1871	0.006425492	3.604772301	10.3927029	0	0
2.1871	0.006368768	3.605188992	10.41651383	0	0
2.1871	0.006312411	3.605604854	10.44027734	0	0
2.1871	0.006256421	3.606019885	10.46399341	0	0
2.1871	0.006200794	3.606434085	10.48766198	0	0
2.1871	0.00614553	3.606847453	10.51128301	0	0
2.1871	0.006090627	3.607259988	10.53485645	0	0
2.1871	0.006036084	3.60767169	10.55838227	0	0
2.1871	0.005981899	3.608082557	10.58186041	0	0
2.1871	0.005928071	3.60849259	10.60529084	0	0
2.1871	0.005874598	3.608901786	10.62867351	0	0
2.1871	0.00582148	3.609310147	10.65200838	0	0
2.1871	0.005768713	3.609717669	10.6752954	0	0
2.1871	0.005716298	3.610124354	10.69853453	0	0
2.1871	0.005664232	3.6105302	10.72172573	0	0
2.1871	0.005612514	3.610935207	10.74486895	0	0
2.1871	0.005561143	3.611339373	10.76796415	0	0
2.1871	0.005510117	3.611742698	10.7910113	0	0
2.1871	0.005459435	3.612145181	10.81401033	0	0
2.1871	0.005409095	3.612546821	10.83696123	0	0
2.1871	0.005359096	3.612947619	10.85986393	0	0
2.1871	0.005309436	3.613347572	10.8827184	0	0
2.1871	0.005260114	3.61374668	10.9055246	0	0
2.1871	0.005211129	3.614144943	10.92828248	0	0
2.1871	0.005162479	3.61454236	10.950992	0	0
2.1871	0.005114162	3.61493893	10.97365312	0	0
2.1871	0.005066178	3.615334652	10.99626581	0	0
2.1871	0.005018524	3.615729525	11.01883001	0	0
2.1871	0.0049712	3.616123549	11.04134568	0	0
2.1871	0.004924204	3.616516724	11.06381279	0	0
2.1871	0.004877534	3.616909048	11.08623129	0	0
2.1871	0.004831189	3.61730052	11.10860114	0	0
2.1871	0.004785168	3.61769114	11.1309223	0	0
2.1871	0.00473947	3.618080908	11.15319474	0	0
2.1871	0.004694092	3.618469822	11.1754184	0	0
2.1871	0.004649033	3.618857882	11.19759325	0	0
2.1871	0.004604293	3.619245087	11.21971924	0	0
2.1871	0.004559869	3.619631436	11.24179634	0	0
2.1871	0.00451576	3.620016929	11.26382451	0	0
2.1871	0.004471965	3.620401565	11.28580371	0	0
2.1871	0.004428483	3.620785343	11.30773389	0	0
2.1871	0.004385311	3.621168263	11.32961501	0	0
2.1871	0.004342449	3.621550323	11.35144704	0	0
2.1871	0.004299896	3.621931524	11.37322994	0	0
2.1871	0.004257649	3.622311864	11.39496366	0	0
2.1871	0.004215707	3.622691343	11.41664817	0	0
2.1871	0.00417407	3.62306996	11.43828343	0	0
2.1871	0.004132735	3.623447714	11.45986939	0	0
2.1871	0.004091702	3.623824605	11.48140602	0	0
2.1871	0.004050968	3.624200632	11.50289328	0	0
2.1871	0.004010533	3.624575795	11.52433112	0	0
2.1871	0.003970395	3.624950092	11.54571952	0	0
2.1871	0.003930553	3.625323523	11.56705843	0	0
2.1871	0.003891005	3.625696087	11.58834781	0	0
2.1871	0.00385175	3.626067784	11.60958763	0	0
2.1871	0.003812787	3.626438612	11.63077784	0	0
2.1871	0.003774114	3.626808572	11.65191841	0	0
2.1871	0.00373573	3.627177663	11.67300929	0	0
2.1871	0.003697633	3.627545883	11.69405046	0	0
2.1871	0.003659823	3.627913233	11.71504187	0	0
2.1871	0.003622298	3.628279711	11.73598348	0	0
2.1871	0.003585056	3.628645317	11.75687525	0	0
2.1871	0.003548096	3.62901005	11.77771716	0	0
2.1871	0.003511417	3.62937391	11.79850915	0	0
2.1871	0.003475017	3.629736896	11.81925119	0	0
2.1871	0.003438895	3.630099007	11.83994325	0	0
2.1871	0.003403051	3.630460243	11.86058529	0	0
2.1871	0.003367481	3.630820602	11.88117726	0	0
2.1871	0.003332186	3.631180085	11.90171914	0	0
2.1871	0.003297163	3.63153869	11.92221088	0	0
2.1871	0.003262412	3.631896418	11.94265245	0	0
2.1871	0.003227931	3.632253267	11.96304381	0	0
2.1871	0.003193719	3.632609236	11.98338492	0	0
2.1871	0.003159774	3.632964326	12.00367575	0	0
2.1871	0.003126095	3.633318535	12.02391626	0	0
2.1871	0.003092681	3.633671862	12.04410641	0	0
2.1871	0.00305953	3.634024308	12.06424617	0	0
2.1871	0.003026641	3.634375871	12.0843355	0	0
2.1871	0.002994014	3.634726551	12.10437436	0	0
2.1871	0.002961645	3.635076348	12.12436272	0	0
2.1871	0.002929535	3.63542526	12.14430054	0	0
2.1871	0.002897682	3.635773286	12.16418779	0	0
2.1871	0.002866085	3.636120427	12.18402442	0	0
2.1871	0.002834742	3.636466682	12.20381041	0	0
2.1871	0.002803651	3.63681205	12.22354571	0	0
2.1871	0.002772813	3.63715653	12.2432303	0	0
2.1871	0.002742225	3.637500122	12.26286413	0	0
2.1871	0.002711886	3.637842826	12.28244717	0	0
2.1871	0.002681795	3.638184639	12.30197939	0	0
2.1871	0.00265195	3.638525563	12.32146074	0	0
2.1871	0.002622351	3.638865596	12.3408912	0	0
2.1871	0.002592995	3.639204738	12.36027073	0	0
2.1871	0.002563882	3.639542988	12.37959929	0	0
2.1871	0.002535011	3.639880345	12.39887684	0	0
2.1871	0.00250638	3.640216809	12.41810337	0	0
2.1871	0.002477988	3.640552379	12.43727882	0	0
2.1871	0.002449833	3.640887055	12.45640316	0	0
2.1871	0.002421915	3.641220836	12.47547636	0	0
2.1871	0.002394232	3.641553722	12.49449839	0	0
2.1871	0.002366782	3.641885711	12.5134692	0	0
2.1871	0.002339565	3.642216804	12.53238878	0	0
2.1871	0.00231258	3.642546999	12.55125707	0	0
2.1871	0.002285824	3.642876296	12.57007405	0	0
2.1871	0.002259298	3.643204694	12.58883968	0	0
2.1871	0.002232999	3.643532194	12.60755392	0	0
2.1871	0.002206926	3.643858793	12.62621676	0	0
2.1871	0.002181078	3.644184492	12.64482814	0	0
2.1871	0.002155454	3.644509291	12.66338804	0	0
2.1871	0.002130053	3.644833187	12.68189642	0	0
2.1871	0.002104873	3.645156182	12.70035325	0	0
2.1871	0.002079913	3.645478274	12.71875849	0	0
2.1871	0.002055172	3.645799462	12.73711212	0	0
2.1871	0.002030649	3.646119747	12.75541409	0	0
2.1871	0.002006343	3.646439127	12.77366438	0	0
2.1871	0.001982251	3.646757602	12.79186295	0	0
2.1871	0.001958374	3.647075171	12.81000977	0	0
2.1871	0.001934709	3.647391834	12.8281048	0	0
2.1871	0.001911256	3.64770759	12.84614801	0	0
2.1871	0.001888013	3.648022439	12.86413937	0	0
2.1871	0.00186498	3.64833638	12.88207885	0	0
2.1871	0.001842154	3.648649412	12.89996641	0	0
2.1871	0.001819535	3.648961535	12.91780201	0	0
2.1871	0.001797122	3.649272749	12.93558564	0	0
2.1871	0.001774913	3.649583052	12.95331725	0	0
2.1871	0.001752908	3.649892444	12.97099681	0	0
2.1871	0.001731104	3.650200925	12.98862429	0	0
2.1871	0.001709501	3.650508494	13.00619966	0	0
2.1871	0.001688098	3.65081515	13.02372288	0	0
2.1871	0.001666893	3.651120894	13.04119393	0	0
2.1871	0.001645886	3.651425723	13.05861276	0	0
2.1871	0.001625074	3.651729639	13.07597935	0	0
2.1871	0.001604458	3.652032639	13.09329367	0	0
2.1871	0.001584035	3.652334724	13.11055568	0	0
2.1871	0.001563805	3.652635894	13.12776536	0	0
2.1871	0.001543766	3.652936147	13.14492266	0	0
2.1871	0.001523918	3.653235482	13.16202756	0	0
2.1871	0.001504258	3.653533901	13.17908003	0	0
2.1871	0.001484787	3.653831401	13.19608003	0	0
2.1871	0.001465502	3.654127982	13.21302754	0	0
2.1871	0.001446403	3.654423644	13.22992251	0	0
2.1871	0.001427489	3.654718386	13.24676493	0	0
2.1871	0.001408758	3.655012208	13.26355476	0	0
2.1871	0.001390209	3.655305109	13.28029196	0	0
2.1871	0.001371841	3.655597089	13.29697651	0	0
2.1871	0.001353653	3.655888147	13.31360838	0	0
2.1871	0.001335643	3.656178282	13.33018753	0	0
2.1871	0.001317812	3.656467494	13.34671393	0	0
2.1871	0.001300157	3.656755782	13.36318755	0	0
2.1871	0.001282677	3.657043146	13.37960836	0	0
2.1871	0.001265372	3.657329586	13.39597634	0	0
2.1871	0.00124824	3.6576151	13.41229144	0	0
2.1871	0.00123128	3.657899689	13.42855364	0	0
2.1871	0.001214491	3.658183351	13.44476292	0	0
2.1871	0.001197872	3.658466086	13.46091922	0	0
2.1871	0.001181421	3.658747894	13.47702254	0	0
2.1871	0.001165138	3.659028774	13.49307283	0	0
2.1871	0.001149022	3.659308726	13.50907006	0	0
2.1871	0.001133071	3.659587749	13.52501422	0	0
2.1871	0.001117284	3.659865842	13.54090525	0	0
2.1871	0.001101661	3.660143005	13.55674315	0	0
2.1871	0.0010862	3.660419238	13.57252786	0	0
2.1871	0.0010709	3.660694539	13.58825937	0	0
2.1871	0.00105576	3.660968909	13.60393765	0	0
2.1871	0.001040778	3.661242347	13.61956266	0	0
2.1871	0.001025955	3.661514852	13.63513438	0	0
2.1871	0.001011288	3.661786423	13.65065277	0	0
2.1871	0.000996778	3.662057062	13.6661178	0	0
2.1871	0.000982421	3.662326765	13.68152946	0	0
2.1871	0.000968219	3.662595535	13.69688769	0	0
2.1871	0.000954168	3.662863368	13.71219249	0	0
2.1871	0.00094027	3.663130267	13.7274438	0	0
2.1871	0.000926521	3.663396228	13.74264162	0	0
2.1871	0.000912922	3.663661253	13.7577859	0	0
2.1871	0.000899472	3.663925341	13.77287663	0	0
2.1871	0.000886168	3.664188491	13.78791376	0	0
2.1871	0.000873011	3.664450702	13.80289726	0	0
2.1871	0.000859999	3.664711975	13.81782712	0	0
2.1871	0.000847131	3.664972308	13.8327033	0	0
2.1871	0.000834406	3.665231701	13.84752578	0	0
2.1871	0.000821824	3.665490154	13.86229451	0	0
2.1871	0.000809382	3.665747666	13.87700948	0	0
2.1871	0.00079708	3.666004236	13.89167065	0	0
2.1871	0.000784918	3.666259865	13.906278	0	0
2.1871	0.000772893	3.666514551	13.9208315	0	0
2.1871	0.000761005	3.666768294	13.93533111	0	0
2.1871	0.000749254	3.667021094	13.94977681	0	0
2.1871	0.000737637	3.66727295	13.96416858	0	0
2.1871	0.000726154	3.667523862	13.97850637	0	0
2.1871	0.000714804	3.667773828	13.99279017	0	0
2.1871	0.000703586	3.668022849	14.00701994	0	0
2.1871	0.000692499	3.668270924	14.02119566	0	0
2.1871	0.000681542	3.668518053	14.0353173	0	0
2.1871	0.000670714	3.668764234	14.04938483	0	0
2.1871	0.000660014	3.669009469	14.06339821	0	0
2.1871	0.000649441	3.669253755	14.07735743	0	0
2.1871	0.000638994	3.669497093	14.09126246	0	0
2.1871	0.000628673	3.669739482	14.10511326	0	0
2.1871	0.000618475	3.669980922	14.1189098	0	0
2.1871	0.0006084	3.670221411	14.13265207	0	0
2.1871	0.000598448	3.670460951	14.14634003	0	0
2.1871	0.000588616	3.670699539	14.15997365	0	0
2.1871	0.000578905	3.670937176	14.17355291	0	0
2.1871	0.000569314	3.671173861	14.18707778	0	0
2.1871	0.00055984	3.671409594	14.20054822	0	0
2.1871	0.000550484	3.671644374	14.21396422	0	0
2.1871	0.000541245	3.671878201	14.22732574	0	0
2.1871	0.00053212	3.672111073	14.24063276	0	0
2.1871	0.000523111	3.672342992	14.25388525	0	0
2.1871	0.000514215	3.672573956	14.26708318	0	0
2.1871	0.000505432	3.672803964	14.28022652	0	0
2.1871	0.00049676	3.673033017	14.29331525	0	0
2.1871	0.0004882	3.673261113	14.30634933	0	0
2.1871	0.000479749	3.673488253	14.31932875	0	0
2.1871	0.000471407	3.673714436	14.33225347	0	0
2.1871	0.000463174	3.673939661	14.34512346	0	0
2.1871	0.000455047	3.674163927	14.3579387	0	0
2.1871	0.000447027	3.674387235	14.37069917	0	0
2.1871	0.000439113	3.674609584	14.38340482	0	0
2.1871	0.000431302	3.674830974	14.39605565	0	0
2.1871	0.000423595	3.675051403	14.40865161	0	0
2.1871	0.000415991	3.675270872	14.42119269	0	0
2.1871	0.000408489	3.67548938	14.43367885	0	0
2.1871	0.000401088	3.675706926	14.44611007	0	0
2.1871	0.000393786	3.675923511	14.45848631	0	0
2.1871	0.000386584	3.676139132	14.47080757	0	0
2.1871	0.00037948	3.676353791	14.4830738	0	0
2.1871	0.000372473	3.676567487	14.49528498	0	0
2.1871	0.000365563	3.676780219	14.50744108	0	0
2.1871	0.000358748	3.676991986	14.51954208	0	0
2.1871	0.000352029	3.677202789	14.53158794	0	0
2.1871	0.000345403	3.677412626	14.54357865	0	0
2.1871	0.00033887	3.677621498	14.55551418	0	0
2.1871	0.000332429	3.677829404	14.56739449	0	0
2.1871	0.00032608	3.678036342	14.57921957	0	0
2.1871	0.000319821	3.678242314	14.59098938	0	0
2.1871	0.000313652	3.678447318	14.6027039	0	0
2.1871	0.000307572	3.678651354	14.6143631	0	0
2.1871	0.00030158	3.678854422	14.62596696	0	0
2.1871	0.000295675	3.67905652	14.63751545	0	0
2.1871	0.000289856	3.679257649	14.64900854	0	0
2.1871	0.000284123	3.679457809	14.66044621	0	0
2.1871	0.000278474	3.679656997	14.67182842	0	0
2.1871	0.000272909	3.679855215	14.68315516	0	0
2.1871	0.000267428	3.680052462	14.6944264	0	0
2.1871	0.000262028	3.680248737	14.70564211	0	0
2.1871	0.00025671	3.68044404	14.71680226	0	0
2.1871	0.000251473	3.68063837	14.72790683	0	0
2.1871	0.000246315	3.680831726	14.7389558	0	0
2.1871	0.000241237	3.68102411	14.74994913	0	0
2.1871	0.000236237	3.681215519	14.76088679	0	0
2.1871	0.000231314	3.681405954	14.77176878	0	0
2.1871	0.000226468	3.681595413	14.78259505	0	0
2.1871	0.000221697	3.681783898	14.79336558	0	0
2.1871	0.000217002	3.681971406	14.80408034	0	0
2.1871	0.000212381	3.682157938	14.81473932	0	0
2.1871	0.000207834	3.682343493	14.82534248	0	0
2.1871	0.00020336	3.682528071	14.83588979	0	0
2.1871	0.000198957	3.682711672	14.84638124	0	0
2.1871	0.000194626	3.682894294	14.8568168	0	0
2.1871	0.000190365	3.683075938	14.86719643	0	0
2.1871	0.000186174	3.683256602	14.87752012	0	0
2.1871	0.000182052	3.683436287	14.88778783	0	0
2.1871	0.000177999	3.683614992	14.89799955	0	0
2.1871	0.000174013	3.683792717	14.90815524	0	0
2.1871	0.000170093	3.683969461	14.91825489	0	0
2.1871	0.00016624	3.684145223	14.92829846	0	0
2.1871	0.000162452	3.684320004	14.93828592	0	0
2.1871	0.000158729	3.684493802	14.94821727	0	0
2.1871	0.000155069	3.684666618	14.95809246	0	0
2.1871	0.000151473	3.684838451	14.96791147	0	0
2.1871	0.000147939	3.6850093	14.97767428	0	0
2.1871	0.000144466	3.685179165	14.98738086	0	0
2.1871	0.000141055	3.685348046	14.99703119	0	0
2.1871	0.000137704	3.685515942	15.00662524	0	0
2.1871	0.000134413	3.685682852	15.01616298	0	0
2.1871	0.000131181	3.685848777	15.02564439	0	0
2.1871	0.000128006	3.686013715	15.03506945	0	0
2.1871	0.00012489	3.686177667	15.04443812	0	0
2.1871	0.00012183	3.686340632	15.05375039	0	0
2.1871	0.000118826	3.686502609	15.06300622	0	0
2.1871	0.000115878	3.686663598	15.0722056	0	0
2.1871	0.000112985	3.686823599	15.08134849	0	0
2.1871	0.000110145	3.68698261	15.09043488	0	0
2.1871	0.00010736	3.687140633	15.09946473	0	0
2.1871	0.000104627	3.687297665	15.10843803	0	0
2.1871	0.000101946	3.687453708	15.11735474	0	0
2.1871	9.93166E-05	3.68760876	15.12621484	0	0
2.1871	9.67381E-05	3.68776282	15.1350183	0	0
2.1871	9.42098E-05	3.687915889	15.14376511	0	0
2.1871	9.1731E-05	3.688067967	15.15245523	0	0
2.1871	8.93011E-05	3.688219051	15.16108864	0	0
2.1871	8.69195E-05	3.688369143	15.16966532	0	0
2.1871	8.45856E-05	3.688518242	15.17818523	0	0
2.1871	8.22986E-05	3.688666346	15.18664837	0	0
2.1871	8.00581E-05	3.688813457	15.19505469	0	0
2.1871	7.78633E-05	3.688959573	15.20340417	0	0
2.1871	7.57136E-05	3.689104694	15.2116968	0	0
2.1871	7.36085E-05	3.689248819	15.21993254	0	0
2.1871	7.15473E-05	3.689391949	15.22811137	0	0
2.1871	6.95294E-05	3.689534082	15.23623326	0	0
2.1871	6.75542E-05	3.689675218	15.2442982	0	0
2.1871	6.56212E-05	3.689815358	15.25230615	0	0
2.1871	6.37297E-05	3.689954499	15.26025708	0	0
2.1871	6.18791E-05	3.690092642	15.26815099	0	0
2.1871	6.00689E-05	3.690229787	15.27598783	0	0
2.1871	5.82984E-05	3.690365933	15.28376759	0	0
2.1871	5.65671E-05	3.690501079	15.29149024	0	0
2.1871	5.48745E-05	3.690635226	15.29915576	0	0
2.1871	5.32199E-05	3.690768372	15.30676411	0	0
2.1871	5.16028E-05	3.690900517	15.31431528	0	0
2.1871	5.00226E-05	3.691031662	15.32180925	0	0
2.1871	4.84787E-05	3.691161805	15.32924598	0	0
2.1871	4.69707E-05	3.691290945	15.33662545	0	0
2.1871	4.54979E-05	3.691419084	15.34394764	0	0
2.1871	4.40599E-05	3.691546219	15.35121252	0	0
2.1871	4.2656E-05	3.691672351	15.35842006	0	0
2.1871	4.12857E-05	3.691797479	15.36557025	0	0
2.1871	3.99486E-05	3.691921604	15.37266306	0	0
2.1871	3.8644E-05	3.692044723	15.37969846	0	0
2.1871	3.73715E-05	3.692166838	15.38667643	0	0
2.1871	3.61304E-05	3.692287947	15.39359695	0	0
2.1871	3.49204E-05	3.69240805	15.40045998	0	0
2.1871	3.37409E-05	3.692527146	15.40726551	0	0
2.1871	3.25914E-05	3.692645236	15.41401351	0	0
2.1871	3.14713E-05	3.692762319	15.42070395	0	0
2.1871	3.03802E-05	3.692878394	15.42733681	0	0
2.1871	2.93176E-05	3.692993461	15.43391208	0	0
2.1871	2.82829E-05	3.69310752	15.44042971	0	0
2.1871	2.72758E-05	3.69322057	15.44688969	0	0
2.1871	2.62957E-05	3.69333261	15.45329199	0	0
2.1871	2.5342E-05	3.69344364	15.45963659	0	0
2.1871	2.44145E-05	3.693553661	15.46592347	0	0
2.1871	2.35125E-05	3.69366267	15.47215259	0	0
2.1871	2.26356E-05	3.693770669	15.47832394	0	0
2.1871	2.17834E-05	3.693877656	15.48443749	0	0
2.1871	2.09554E-05	3.693983631	15.49049321	0	0
2.1871	2.0151E-05	3.694088594	15.49649109	0	0
2.1871	1.937E-05	3.694192544	15.50243109	0	0
2.1871	1.86118E-05	3.694295481	15.50831319	0	0
2.1871	1.78759E-05	3.694397404	15.51413737	0	0
2.1871	1.7162E-05	3.694498313	15.51990361	0	0
2.1871	1.64696E-05	3.694598208	15.52561187	0	0
2.1871	1.57983E-05	3.694697088	15.53126214	0	0
2.1871	1.51476E-05	3.694794952	15.53685439	0	0
2.1871	1.45172E-05	3.6948918	15.5423886	0	0
2.1871	1.39066E-05	3.694987633	15.54786473	0	0
2.1871	1.33153E-05	3.695082449	15.55328278	0	0
2.1871	1.2743E-05	3.695176247	15.5586427	0	0
2.1871	1.21893E-05	3.695269029	15.56394449	0	0
2.1871	1.16538E-05	3.695360792	15.5691881	0	0
2.1871	1.11361E-05	3.695451537	15.57437353	0	0
2.1871	1.06357E-05	3.695541263	15.57950074	0	0
2.1871	1.01523E-05	3.69562997	15.58456972	0	0
2.1871	9.68553E-06	3.695717657	15.58958043	0	0
2.1871	9.23497E-06	3.695804325	15.59453285	0	0
2.1871	8.80027E-06	3.695889972	15.59942696	0	0
2.1871	8.38104E-06	3.695974598	15.60426273	0	0
2.1871	7.97691E-06	3.696058203	15.60904015	0	0
2.1871	7.58753E-06	3.696140786	15.61375917	0	0
2.1871	7.21252E-06	3.696222346	15.61841979	0	0
2.1871	6.85155E-06	3.696302885	15.62302198	0	0
2.1871	6.50425E-06	3.6963824	15.62756571	0	0
2.1871	6.17028E-06	3.696460892	15.63205095	0	0
2.1871	5.8493E-06	3.69653836	15.63647769	0	0
2.1871	5.54097E-06	3.696614803	15.6408459	0	0
2.1871	5.24495E-06	3.696690222	15.64515555	0	0
2.1871	4.96091E-06	3.696764616	15.64940662	0	0
2.1871	4.68853E-06	3.696837984	15.65359909	0	0
2.1871	4.4275E-06	3.696910326	15.65773294	0	0
2.1871	4.17748E-06	3.696981642	15.66180813	0	0
2.1871	3.93817E-06	3.697051931	15.66582464	0	0
2.1871	3.70927E-06	3.697121193	15.66978246	0	0
2.1871	3.49046E-06	3.697189427	15.67368154	0	0
2.1871	3.28145E-06	3.697256633	15.67752189	0	0
2.1871	3.08195E-06	3.69732281	15.68130345	0	0
2.1871	2.89166E-06	3.697387959	15.68502622	0	0
2.1871	2.71029E-06	3.697452078	15.68869017	0	0
2.1871	2.53757E-06	3.697515167	15.69229528	0	0
2.1871	2.37322E-06	3.697577226	15.69584151	0	0
2.1871	2.21696E-06	3.697638255	15.69932885	0	0
2.1871	2.06854E-06	3.697698252	15.70275727	0	0
2.1871	1.92767E-06	3.697757218	15.70612675	0	0
2.1871	1.7941E-06	3.697815152	15.70943726	0	0
2.1871	1.66759E-06	3.697872054	15.71268878	0	0
2.1871	1.54787E-06	3.697927923	15.71588129	0	0
2.1871	1.4347E-06	3.697982758	15.71901475	0	0
2.1871	1.32784E-06	3.69803656	15.72208916	0	0
2.1871	1.22704E-06	3.698089328	15.72510447	0	0
2.1871	1.13209E-06	3.698141062	15.72806068	0	0
2.1871	1.04275E-06	3.698191761	15.73095775	0	0
2.1871	9.58785E-07	3.698241424	15.73379566	0	0
2.1871	8.7999E-07	3.698290052	15.73657438	0	0
2.1871	8.06145E-07	3.698337643	15.7392939	0	0
2.1871	7.37039E-07	3.698384198	15.74195418	0	0
2.1871	6.72465E-07	3.698429716	15.74455521	0	0
2.1871	6.12223E-07	3.698474197	15.74709695	0	0
2.1871	5.56115E-07	3.698517639	15.7495794	0	0
2.1871	5.03948E-07	3.698560044	15.75200251	0	0
2.1871	4.55533E-07	3.69860141	15.75436627	0	0
2.1871	4.10689E-07	3.698641736	15.75667065	0	0
2.1871	3.69234E-07	3.698681023	15.75891563	0	0
2.1871	3.30995E-07	3.698719271	15.76110118	0	0
2.1871	2.95801E-07	3.698756478	15.76322729	0	0
2.1871	2.63487E-07	3.698792644	15.76529392	0	0
2.1871	2.33892E-07	3.698827768	15.76730105	0	0
2.1871	2.0686E-07	3.698861852	15.76924866	0	0
2.1871	1.82238E-07	3.698894893	15.77113672	0	0
2.1871	1.5988E-07	3.698926891	15.77296521	0	0
2.1871	1.39642E-07	3.698957847	15.77473411	0	0
2.1871	1.21387E-07	3.698987759	15.77644339	0	0
2.1871	1.04981E-07	3.699016628	15.77809303	0	0
2.1871	9.02958E-08	3.699044452	15.779683	0	0
2.1871	7.72058E-08	3.699071232	15.78121328	0	0
2.1871	6.55921E-08	3.699096967	15.78268384	0	0
2.1871	5.53393E-08	3.699121657	15.78409466	0	0
2.1871	4.63372E-08	3.6991453	15.78544572	0	0
2.1871	3.84797E-08	3.699167897	15.78673699	0	0
2.1871	3.16658E-08	3.699189448	15.78796845	0	0
2.1871	2.57989E-08	3.699209951	15.78914008	0	0
2.1871	2.07871E-08	3.699229407	15.79025184	0	0
2.1871	1.6543E-08	3.699247815	15.79130372	0	0
2.1871	1.29842E-08	3.699265175	15.79229569	0	0
2.1871	1.00327E-08	3.699281485	15.79322773	0	0
2.1871	7.61517E-09	3.699296747	15.79409981	0	0
2.1871	5.66313E-09	3.699310959	15.79491191	0	0
2.1871	4.11268E-09	3.69932412	15.79566401	0	0
2.1871	2.9046E-09	3.699336231	15.79635608	0	0
2.1871	1.98441E-09	3.699347292	15.79698809	0	0
2.1871	1.30232E-09	3.699357301	15.79756003	0	0
2.1871	8.13248E-10	3.699366258	15.79807186	0	0
2.1871	4.76839E-10	3.699374163	15.79852357	0	0
2.1871	2.57454E-10	3.699381015	15.79891513	0	0
2.1871	1.24191E-10	3.699386814	15.79924652	0	0
2.1871	5.08824E-11	3.69939156	15.79951771	0	0
2.1871	1.61038E-11	3.699395252	15.79972867	0	0
2.1871	3.18179E-12	3.699397889	15.7998794	0	0
2.1871	1.98952E-13	3.699399472	15.79996984	0	0
2.1871	0	3.6994	15.8	0	0
